80,13,79,89,5,7,45,69,82,42
97,98,81,84,60,27,54,79,37,10
44,87,22,1,45,56,100,68,69,44
85,100,57,63,88,13,70,84,81,3
26,29,100,58,12,12,85,17,42,21
26,86,7,99,38,4,55,89,71,75
84,55,74,92,18,13,4,39,96,84
93,73,12,92,31,75,55,15,91,97
35,68,34,94,67,23,97,73,11,67
47,94,21,20,86,90,32,41,28,79
25,20,52,88,64,82,63,70,48,5
18,34,25,3,27,43,25,75,15,87
41,13,33,14,84,70,55,67,10,35
45,34,54,48,22,69,81,36,91,28
92,8,62,16,11,40,58,35,15,24
74,7,88,6,72,23,75,79,89,84
13,86,70,18,85,43,87,66,78,77
45,21,36,58,37,46,50,46,33,16
22,6,74,61,11,46,84,85,76,24
20,88,61,89,5,46,31,43,63,60
71,59,81,7,69,69,52,18,66,84
85,87,89,58,48,99,55,31,35,30
6,7,17,67,95,22,64,78,16,26
89,87,36,69,93,4,89,44,73,55
80,57,41,68,15,40,19,69,22,5
51,28,11,67,46,58,40,9,35,56
34,75,42,21,44,34,25,84,29,97
38,8,6,31,28,20,70,46,40,92
2,42,71,13,9,16,22,100,24,8
7,9,82,48,29,77,33,5,61,62
2,98,21,59,28,48,30,50,45,69
93,47,63,63,11,71,78,32,22,53
39,29,61,20,76,41,97,61,46,9
74,99,6,94,57,86,42,86,35,38
6,27,84,68,41,94,90,18,77,12
22,67,40,82,87,67,22,35,79,67
43,52,65,100,46,73,37,39,58,71
28,64,49,12,83,41,57,73,10,86
84,31,52,75,12,38,93,86,24,72
4,18,23,69,18,20,93,54,10,51
77,38,66,77,1,48,18,57,20,27
94,55,10,46,81,21,35,74,58,59
45,62,76,19,82,45,91,74,51,100
76,79,89,41,55,89,41,24,98,12
3,91,67,64,36,47,84,71,72,42
81,16,3,8,87,84,5,77,9,55
76,85,33,65,25,39,5,17,15,2
29,69,93,47,32,80,93,67,2,17
60,82,32,14,42,18,49,46,46,58
100,22,42,84,38,18,74,42,35,88
96,63,8,40,61,39,19,53,58,73
21,17,54,53,31,47,22,79,92,68
88,91,41,29,26,30,99,100,23,33
39,18,47,47,9,7,37,80,11,94
52,32,63,57,36,93,4,9,23,95
76,11,38,68,91,15,97,89,14,72
73,5,41,71,51,50,77,39,29,40
33,32,71,47,40,58,91,43,66,65
90,94,27,79,61,18,93,10,58,59
81,83,63,73,53,65,22,82,3,2
21,87,85,43,33,25,100,23,67,65
88,8,58,14,38,71,83,83,80,93
41,12,75,55,84,79,19,58,60,73
11,32,60,96,74,44,20,73,19,38
90,58,98,99,23,35,69,6,17,100
50,9,63,76,15,47,54,33,56,14
58,66,45,17,13,71,12,84,95,30
74,84,87,71,83,10,57,3,67,26
3,68,86,65,43,1,63,96,85,70
61,42,88,58,10,100,80,22,36,74
51,9,58,38,31,92,99,39,46,17
64,48,84,2,65,78,2,79,73,86
49,86,80,36,95,89,87,74,10,22
47,61,30,56,50,12,99,100,51,45
16,14,44,51,67,60,28,68,39,52
6,39,89,85,74,83,73,60,56,35
82,55,95,63,62,96,75,61,95,25
57,62,90,100,64,57,12,43,76,50
94,81,88,83,17,13,17,42,24,73
76,5,79,22,20,40,17,46,52,63
22,8,76,11,60,39,19,71,33,95
20,26,27,59,60,96,71,77,37,94
1,64,51,79,85,22,70,53,67,22
67,88,29,42,50,88,32,21,10,64
67,81,41,93,39,53,40,61,29,28
7,29,91,9,59,27,30,28,31,48
1,97,87,82,90,88,69,73,8,31
88,74,11,81,19,50,33,58,62,13
86,68,93,28,28,51,7,57,30,89
56,83,38,94,64,79,82,84,52,89
14,91,63,25,23,33,26,55,90,87
67,27,7,59,7,34,61,65,43,43
53,98,77,90,92,40,69,73,23,72
13,89,14,27,13,37,59,38,91,1
76,10,79,82,20,37,16,33,1,58
27,6,7,3,47,98,42,15,22,16
38,87,4,52,13,16,88,24,5,30
24,81,39,54,62,11,91,29,43,43
86,69,100,45,71,47,42,64,61,16
79,51,2,35,2,66,50,89,89,7
18,64,87,9,70,100,19,60,81,13
54,66,81,54,62,3,52,56,66,64
71,96,14,24,30,15,41,32,55,82
38,25,45,76,85,14,27,3,25,7
15,31,25,47,36,86,49,87,41,66
50,63,61,16,38,43,30,79,74,37
60,63,13,56,38,97,22,64,51,98
23,17,28,47,63,15,32,63,1,25
28,3,87,40,18,25,34,99,3,7
87,14,69,99,69,58,95,42,74,97
40,96,13,19,42,27,34,25,89,86
49,68,88,36,60,57,60,93,8,14
52,94,79,72,93,99,30,39,41,3
36,80,50,100,98,91,27,83,15,67
69,64,35,8,51,94,65,62,38,24
75,89,17,5,13,61,3,42,52,43
96,39,74,97,38,24,87,16,6,53
83,26,68,17,34,18,62,50,79,99
73,5,40,41,9,52,2,12,45,53
6,92,91,32,88,80,55,26,96,12
78,78,90,46,94,23,15,7,24,94
5,48,98,96,88,59,47,41,70,43
45,27,34,87,58,21,67,12,46,62
76,76,39,65,73,84,39,87,90,14
80,46,61,30,42,100,40,40,93,9
35,37,35,68,24,45,41,42,8,38
3,83,13,93,99,85,28,89,72,69
2,3,14,14,84,7,66,23,99,58
83,33,46,70,52,69,14,92,10,73
82,64,56,94,8,6,31,35,95,54
3,48,8,69,62,44,27,27,18,77
84,53,9,81,22,13,50,87,56,11
59,37,27,66,83,34,72,13,21,18
18,75,65,25,95,26,20,22,4,38
98,39,90,59,20,63,71,21,49,78
83,59,15,9,77,49,95,100,13,15
17,30,41,81,6,36,59,26,57,14
15,6,53,4,16,24,66,38,44,66
16,26,76,82,87,52,30,81,51,42
47,67,23,87,100,80,74,10,5,82
23,19,88,27,74,55,50,39,93,93
56,8,71,32,41,57,83,22,37,86
63,35,4,37,21,55,16,95,64,73
76,39,43,15,17,17,70,67,7,14
11,63,73,81,94,13,37,28,34,25
65,48,59,69,84,80,23,51,26,39
23,53,29,66,68,45,82,89,11,88
2,22,2,74,54,95,38,91,75,71
15,39,18,26,59,53,57,82,3,82
72,78,86,100,43,5,96,76,93,7
15,46,80,17,71,33,63,8,75,37
78,42,28,47,67,86,99,23,19,54
56,90,31,41,41,73,46,37,100,90
95,14,36,26,30,6,10,45,66,85
81,43,78,60,90,44,46,40,66,16
93,73,6,23,13,98,47,10,86,46
100,80,60,87,57,41,44,67,85,9
3,18,52,80,77,93,23,74,32,40
90,25,64,47,99,76,96,46,86,82
91,37,13,2,23,70,43,18,88,79
27,90,96,30,21,25,22,95,50,5
34,91,81,97,37,80,24,85,25,61
66,67,97,30,69,71,51,63,89,38
41,15,79,37,96,99,13,17,93,62
73,78,5,54,26,93,85,2,77,61
62,94,27,11,24,47,81,74,9,21
64,50,87,94,38,82,93,50,50,37
63,23,67,19,76,92,12,12,45,88
72,7,82,50,69,57,97,1,82,5
22,45,54,8,39,91,90,83,92,39
71,7,13,37,25,40,81,36,51,25
76,22,83,9,72,51,65,68,52,46
24,25,91,78,32,81,20,73,15,64
64,85,22,76,22,46,16,2,34,18
78,61,40,61,69,63,11,33,82,14
78,5,38,20,82,22,100,54,94,14
17,9,51,90,37,72,35,4,25,20
21,2,80,12,62,48,74,25,80,55
38,10,60,28,29,93,49,81,98,94
46,66,55,96,55,91,19,42,46,43
61,66,45,93,30,6,40,55,30,72
62,20,81,21,47,61,65,47,93,15
40,39,80,94,86,35,36,5,28,81
47,88,99,91,80,80,49,72,34,30
95,95,49,27,67,47,87,84,93,80
98,85,70,77,30,55,63,66,59,90
98,58,30,48,48,61,79,48,84,13
78,78,59,26,4,26,73,43,9,17
22,58,1,43,86,31,97,49,48,8
90,97,65,19,97,64,32,75,12,15
87,89,93,46,66,48,23,90,90,83
7,11,40,59,53,25,41,2,25,88
9,67,37,25,85,33,40,68,7,51
83,94,91,27,91,9,74,13,98,16
47,56,26,86,15,31,62,55,84,87
95,44,53,31,68,89,63,59,9,69
10,91,14,52,69,56,60,94,20,58
9,66,13,87,51,79,69,65,34,52
51,28,47,55,10,66,95,72,24,3
92,85,45,6,37,13,61,48,7,81
5,67,98,70,53,1,100,73,65,33
24,15,12,22,21,21,87,15,44,11
18,36,95,62,41,83,27,53,31,85
85,87,51,83,8,56,83,8,28,47
92,4,13,56,25,85,28,12,99,72
74,68,7,20,30,99,55,8,3,37
92,88,23,42,22,83,97,56,90,77
54,33,80,66,88,4,2,68,67,100
39,92,20,97,64,1,47,18,8,49
54,99,88,28,40,9,10,89,16,51
65,69,84,96,86,23,99,87,90,18
39,80,9,58,76,72,58,22,41,65
23,94,63,10,22,54,71,31,94,86
34,10,55,17,5,40,91,4,79,81
73,17,12,33,74,88,57,31,61,97
47,35,43,9,45,64,14,67,46,8
52,79,69,58,47,74,50,38,29,80
70,1,96,33,33,69,72,89,51,33
38,97,19,80,57,63,95,22,81,40
81,85,71,50,94,69,23,43,58,51
22,79,51,69,12,35,89,83,76,91
67,13,87,86,44,95,100,38,17,81
29,97,65,99,46,58,20,68,53,77
70,26,56,72,95,67,7,83,1,34
74,68,98,12,53,41,59,52,78,27
32,58,23,48,57,21,58,28,40,10
4,10,35,59,33,81,77,39,16,78
24,41,97,21,52,49,13,62,52,90
88,84,48,63,83,56,83,40,35,74
1,38,35,88,49,68,68,77,58,83
6,82,23,2,2,27,50,15,88,2
56,76,37,55,38,71,62,72,11,96
45,63,86,80,50,34,47,18,10,4
52,68,37,75,69,39,53,19,5,40
72,12,67,60,19,56,30,32,27,92
80,24,55,65,55,56,50,1,73,11
56,25,78,93,51,47,83,3,17,39
94,40,2,13,99,72,68,80,4,47
24,83,70,30,99,24,85,48,76,10
10,83,34,88,75,36,86,9,90,2
99,83,93,1,47,43,72,15,74,27
13,97,61,34,78,59,9,63,58,36
72,20,18,57,7,45,44,92,53,33
45,4,67,37,4,14,31,27,80,4
6,44,1,66,77,78,77,85,92,86
72,15,5,89,23,63,33,66,6,38
98,50,41,17,38,96,30,68,74,61
72,79,4,24,45,80,53,73,16,97
58,87,11,15,75,86,77,60,51,83
49,1,84,89,17,22,36,98,41,9
58,64,40,61,39,36,40,92,8,7
88,17,93,50,31,19,87,60,30,38
42,78,90,77,18,6,98,53,3,91
14,60,6,53,20,45,88,11,36,47
17,75,63,61,76,46,79,63,57,9
52,50,38,41,26,56,98,76,8,100
66,73,11,71,25,82,15,64,92,2
10,60,28,25,72,56,22,50,18,78
10,21,27,100,61,52,55,58,27,14
9,44,87,19,67,63,100,33,79,43
35,40,54,14,64,25,69,37,26,38
14,88,58,92,87,18,44,41,27,22
6,35,66,44,5,84,7,56,16,85
98,2,24,3,16,40,27,36,76,5
74,42,92,83,33,30,1,28,22,79
50,27,14,67,71,18,50,29,26,17
65,75,19,40,78,86,79,56,73,7
60,46,100,3,29,32,84,81,12,5
11,61,32,76,79,54,46,80,82,71
48,46,45,66,85,22,3,16,30,76
74,41,73,73,44,53,56,27,85,67
84,96,79,15,71,9,20,16,88,53
86,36,98,83,53,34,4,56,1,33
83,26,74,55,50,69,60,6,47,44
24,30,39,3,96,62,11,67,77,51
19,15,38,16,97,90,2,52,97,54
37,79,80,62,86,81,82,45,86,28
88,62,10,79,64,5,40,26,72,68
28,42,34,65,10,30,55,11,34,51
16,70,82,47,31,19,28,12,63,65
91,2,26,100,80,41,57,71,19,80
91,46,21,24,11,30,6,65,92,39
67,60,8,100,6,90,18,85,53,80
50,43,34,27,95,65,68,3,36,86
82,78,31,54,1,41,36,6,57,27
44,24,86,3,75,44,44,93,28,96
24,29,91,57,56,85,22,75,39,9
60,20,86,42,25,38,83,60,44,91
39,39,14,76,94,89,19,89,33,99
85,56,79,27,13,34,63,86,8,1
46,19,72,83,61,96,20,95,56,15
85,46,6,51,21,99,91,92,87,23
42,23,78,20,49,42,6,63,79,65
63,76,84,34,58,96,30,30,90,37
44,74,82,49,24,54,99,14,45,38
36,86,12,66,58,13,7,63,75,38
79,38,13,62,71,71,57,52,100,98
88,95,72,21,96,95,75,94,61,71
83,48,57,95,13,66,7,72,80,81
9,58,18,73,72,41,95,80,92,94
78,32,41,49,52,36,95,26,81,7
49,64,55,5,10,67,22,16,90,1
48,50,10,18,23,81,10,17,61,1
63,38,84,3,38,36,90,84,13,70
91,61,85,45,17,94,63,90,61,53
90,61,2,100,78,76,80,87,93,92
39,55,81,23,9,70,10,98,54,74
19,96,87,4,40,3,49,54,93,62
58,34,22,12,85,51,87,17,89,79
8,79,85,41,1,93,10,62,42,63
36,61,58,22,16,49,76,64,55,20
25,12,54,98,23,90,48,62,6,88
40,14,67,77,54,19,69,63,81,11
78,68,23,87,41,38,88,68,1,42
88,78,5,93,27,80,82,75,41,40
62,32,53,28,8,58,47,29,72,79
91,1,98,13,88,38,50,75,57,2
16,44,31,20,88,58,51,22,84,91
61,97,23,65,25,82,22,23,10,45
53,52,46,50,64,85,39,65,59,95
19,26,91,49,97,78,58,48,51,41
38,11,38,12,75,14,94,48,88,55
93,92,7,90,93,22,74,31,39,84
77,57,9,67,57,57,97,67,4,47
7,94,10,96,57,84,61,2,84,100
9,76,91,15,17,83,88,90,65,26
25,94,34,33,12,91,41,60,9,45
7,15,90,68,63,46,3,75,100,86
75,8,13,17,22,29,52,61,70,16
87,94,61,72,78,73,14,71,32,22
67,90,37,56,57,51,53,60,77,52
97,51,59,10,20,32,90,71,45,12
38,31,57,99,54,87,71,68,57,54
89,23,44,77,78,52,27,82,63,4
34,60,6,44,21,25,28,10,95,72
73,85,54,30,83,7,16,5,74,72
58,63,94,53,39,23,57,18,4,19
73,89,30,30,33,50,55,12,12,1
83,84,85,36,65,19,42,80,23,68
51,33,30,96,85,20,70,41,37,74
12,61,14,41,91,98,43,97,9,6
97,91,89,34,78,6,52,72,85,27
39,88,59,20,35,95,39,5,88,28
30,99,88,43,91,30,41,33,26,1
90,75,44,31,8,21,36,11,92,20
37,82,7,47,53,94,42,92,98,29
71,27,79,10,69,69,40,61,54,17
62,43,91,5,73,50,77,8,61,69
80,49,2,38,96,55,31,89,98,28
69,68,54,47,29,75,67,68,35,20
85,48,63,27,52,87,77,29,47,37
49,26,37,2,63,84,56,94,72,5
21,40,72,27,38,53,53,5,72,87
24,56,87,38,35,38,77,11,18,23
99,18,48,35,20,10,71,27,55,42
32,28,34,55,6,71,7,58,75,79
96,51,86,82,40,72,72,16,82,89
38,80,59,85,67,30,47,37,56,1
30,39,80,63,46,85,86,4,42,12
34,38,62,72,71,2,43,42,17,25
83,55,56,41,91,74,70,37,62,77
90,92,68,21,6,13,6,91,16,99
3,2,36,16,73,59,69,15,100,86
91,82,92,99,22,34,72,43,23,34
20,64,77,87,84,34,51,89,25,18
88,79,19,75,46,91,33,15,58,85
52,48,66,43,46,40,76,70,34,50
55,5,13,83,43,97,16,93,85,92
11,24,70,29,51,16,72,35,82,29
19,33,28,37,75,74,76,2,95,9
52,49,14,64,31,56,12,46,1,97
90,11,72,59,91,74,26,14,9,7
42,27,39,70,15,65,95,90,19,41
51,22,89,16,37,71,23,49,68,23
97,57,85,20,68,28,94,93,41,2
52,35,80,42,56,95,59,2,36,29
42,86,50,82,1,86,52,76,86,71
98,82,80,35,54,47,62,47,91,54
48,94,40,79,36,95,73,46,96,9
74,89,46,23,70,99,60,73,74,98
44,23,31,23,57,84,21,70,30,11
24,29,5,63,8,92,10,80,37,57
40,62,46,38,84,67,36,95,40,61
92,35,83,23,9,92,58,29,13,88
91,88,16,95,3,23,38,12,55,26
20,46,87,65,83,22,32,70,69,23
82,12,57,65,86,65,8,44,45,20
31,35,8,46,82,10,21,19,73,27
97,92,72,83,9,7,57,40,76,25
14,58,36,70,74,22,86,33,65,30
52,47,64,11,44,45,72,64,16,44
90,12,88,62,46,96,20,2,87,95
78,100,4,14,21,29,87,6,61,3
35,65,49,98,75,92,95,99,8,10
94,97,21,81,10,18,28,29,20,14
76,97,13,79,62,85,60,48,90,20
2,24,84,50,74,11,94,68,9,1
29,54,49,1,35,59,18,62,39,37
28,66,86,92,97,47,77,56,47,66
75,100,42,11,50,15,21,95,34,81
47,14,34,95,14,20,5,83,34,44
20,61,9,57,52,57,55,28,12,53
46,87,53,87,49,54,53,69,48,38
1,94,51,86,88,16,58,45,98,91
40,69,51,100,25,54,57,32,82,68
84,79,54,36,65,54,89,17,22,88
6,74,81,8,12,21,23,69,17,72
59,56,93,61,55,69,14,11,100,47
79,84,25,84,71,89,38,60,57,11
99,14,37,32,21,48,52,95,16,68
67,26,23,59,86,29,79,51,40,79
98,18,14,74,53,84,15,90,95,23
53,94,37,89,25,57,36,28,52,3
47,70,28,21,80,13,49,58,63,88
36,12,57,1,86,10,85,100,51,79
22,3,24,10,91,48,67,26,75,70
28,73,91,55,93,70,19,42,79,34
81,67,97,38,67,82,99,51,33,49
82,7,52,5,68,42,5,34,20,31
55,99,4,45,6,96,66,24,89,97
9,70,63,6,7,29,39,5,32,24
5,65,82,56,69,49,50,25,35,69
56,89,67,11,86,24,58,3,48,47
99,8,68,61,65,26,42,4,82,73
79,86,89,60,94,57,8,43,34,94
63,41,83,81,51,20,5,8,22,4
6,73,11,73,85,76,50,26,31,31
50,9,17,38,68,10,47,27,4,80
21,66,20,55,46,22,26,50,81,99
53,87,71,64,11,56,91,61,33,21
91,83,29,59,20,48,20,66,26,23
97,98,88,16,52,34,89,29,35,70
28,88,56,50,3,18,5,93,78,38
65,21,72,93,31,91,92,51,9,69
73,57,67,13,25,70,46,13,99,80
82,26,19,89,75,21,7,32,65,36
21,29,56,92,73,87,34,64,37,94
33,61,51,51,73,75,20,70,87,18
50,21,95,20,9,22,41,67,53,5
3,25,86,58,68,58,96,1,74,84
47,58,45,97,8,69,23,27,39,9
97,40,81,43,59,90,64,51,56,68
8,10,92,93,68,59,50,15,12,23
99,58,80,95,54,39,63,76,18,53
36,14,92,69,56,3,10,72,53,65
39,60,27,83,4,94,41,54,60,4
28,10,61,60,4,66,98,19,93,67
23,81,80,67,49,88,69,58,59,73
74,49,85,100,31,88,45,24,93,57
27,21,66,40,32,22,5,81,92,50
48,14,30,79,80,30,66,100,87,76
73,12,25,57,64,7,96,60,30,89
16,9,61,82,48,92,3,4,72,94
53,71,59,82,50,39,63,15,90,1
43,62,13,19,70,28,25,66,87,7
6,3,15,66,84,14,9,38,17,80
83,70,51,41,3,52,31,66,18,21
66,60,82,30,30,4,57,7,21,44
13,26,46,79,43,81,92,51,18,8
82,100,77,84,92,32,35,23,97,53
43,62,64,76,44,94,31,100,100,51
43,64,76,88,42,18,68,85,68,37
92,2,36,21,85,80,4,20,2,100
24,96,13,87,23,56,80,54,56,31
4,98,94,32,38,35,49,5,71,69
42,63,70,29,35,6,8,38,25,61
89,100,56,1,87,79,9,66,84,64
97,87,13,42,18,50,77,19,7,47
39,100,61,60,80,47,65,88,84,42
100,24,41,56,25,27,86,85,45,21
100,93,7,12,34,77,14,62,47,72
61,85,71,21,44,50,20,60,89,55
1,89,79,94,96,3,72,33,87,16
53,86,60,59,49,94,87,14,55,33
85,67,69,7,40,12,57,59,24,97
13,76,85,91,69,32,45,93,64,83
60,16,68,20,27,69,65,13,82,71
98,19,38,66,25,77,30,81,35,5
30,99,80,14,90,1,98,34,93,61
17,4,29,36,23,55,56,87,19,38
10,68,8,47,86,32,75,15,65,9
19,94,59,50,59,48,2,56,34,94
69,50,50,97,37,72,3,93,11,21
82,20,41,89,18,26,72,92,92,36
52,10,81,10,11,40,58,13,47,43
58,15,44,7,63,80,31,65,24,41
38,57,12,78,97,29,3,69,20,94
56,23,55,37,32,17,28,41,29,74
83,39,41,26,45,3,58,27,20,33
67,57,90,30,86,86,10,88,6,81
33,62,3,39,50,35,55,77,27,36
2,62,26,94,39,70,49,96,49,68
29,67,76,70,97,61,7,6,100,13
87,84,26,41,22,27,27,28,3,54
15,56,15,40,2,5,62,50,1,10
69,81,76,44,50,24,56,56,30,55
20,68,38,97,8,11,23,87,90,77
40,5,33,6,44,86,10,57,35,62
66,55,94,94,98,43,17,5,51,98
59,22,17,48,19,77,10,41,63,99
18,54,55,2,11,51,87,20,7,73
34,73,27,27,66,76,22,34,80,24
32,90,45,48,89,63,24,98,56,86
48,73,91,3,74,1,53,12,73,59
84,6,83,10,84,100,85,5,34,16
28,17,5,73,64,45,87,40,42,42
77,41,66,68,43,39,68,47,2,40
58,85,97,40,46,81,92,82,85,25
97,65,41,53,89,56,97,27,47,90
69,24,31,86,43,73,25,62,72,78
2,29,63,50,20,8,30,11,42,67
87,38,31,79,91,71,87,39,97,33
29,17,8,59,3,50,83,79,12,54
56,65,34,70,14,54,30,96,16,71
62,3,60,44,81,50,14,67,41,62
52,69,31,59,79,33,61,61,63,24
67,70,40,52,40,53,57,21,48,73
91,61,27,50,4,7,52,69,26,44
83,29,12,13,87,90,97,99,2,11
22,20,80,61,72,71,66,28,43,13
100,33,26,26,35,29,85,38,50,62
81,32,90,44,96,28,85,44,27,86
54,48,6,85,61,29,56,26,56,98
90,8,83,15,33,69,96,69,58,45
30,38,28,71,33,23,99,17,66,25
2,71,24,59,55,84,87,62,9,95
12,99,2,46,65,86,14,60,55,71
4,36,60,83,59,44,5,57,60,22
81,13,92,4,24,99,40,10,60,48
56,23,98,57,68,63,43,81,22,49
3,78,36,14,60,94,57,17,2,68
90,34,81,34,90,4,32,29,65,43
28,21,66,26,29,33,40,23,66,13
71,20,42,59,34,54,4,42,70,6
10,11,91,42,44,80,45,27,8,61
22,36,33,39,13,62,71,52,84,88
16,7,8,58,17,93,11,20,86,32
77,47,42,68,88,38,99,84,64,59
45,37,46,77,75,58,90,98,61,74
85,76,80,44,33,96,88,43,67,26
26,96,72,68,15,60,5,13,43,20
71,39,9,16,68,83,25,57,80,85
30,17,13,61,12,45,8,52,40,27
77,65,22,48,84,36,59,40,100,2
60,23,92,20,38,59,2,15,16,34
99,45,50,11,6,13,8,65,64,47
91,40,63,12,88,47,99,46,38,99
99,49,73,91,68,10,49,70,76,64
3,75,61,4,37,18,16,44,82,80
42,25,71,57,36,10,55,87,8,92
37,58,41,9,48,8,70,49,29,46
64,83,72,76,86,8,93,54,4,27
85,97,51,55,53,38,17,59,24,24
51,12,81,91,20,81,50,90,29,79
87,44,13,58,20,99,65,64,4,20
90,88,17,92,94,21,30,10,80,5
85,30,17,66,72,88,98,73,77,78
3,63,21,16,20,92,66,37,56,69
56,97,56,24,89,1,45,70,63,24
74,47,53,42,64,76,30,61,48,58
38,3,73,59,18,44,50,83,32,57
51,88,54,58,11,42,10,55,11,72
30,36,19,34,78,82,9,59,43,9
68,80,11,40,90,80,84,92,62,15
48,64,54,1,73,17,94,82,23,56
54,53,92,72,86,21,5,47,31,99
55,98,31,17,38,20,96,73,63,9
39,11,24,45,63,96,61,57,77,35
64,82,87,55,53,25,27,10,71,57
8,77,55,90,93,44,62,40,68,24
100,58,86,23,2,49,70,14,57,46
49,20,28,87,27,32,11,53,93,33
62,53,9,68,42,53,11,3,44,30
27,43,87,12,17,41,12,86,6,20
84,6,92,11,93,18,94,55,22,87
88,83,91,96,50,32,1,12,35,44
93,13,87,32,24,55,24,88,41,29
7,76,87,50,86,79,67,31,85,41
69,72,23,59,20,25,91,20,88,77
63,33,89,1,64,64,8,87,51,100
67,10,75,53,59,60,83,78,42,68
18,11,91,92,21,62,68,11,81,8
87,96,40,27,48,55,91,55,93,93
54,11,54,28,64,65,39,98,94,33
17,63,43,60,54,15,21,74,26,54
81,64,1,72,43,48,26,33,55,70
77,60,80,83,40,95,47,30,93,40
62,61,2,56,20,7,71,41,32,48
94,12,63,94,35,5,93,12,89,47
81,66,59,61,48,98,55,46,27,99
37,41,60,90,96,79,48,66,71,80
65,64,43,28,9,78,32,2,89,21
100,70,38,10,82,37,7,88,34,86
87,70,26,98,11,21,28,58,39,99
89,3,62,32,82,23,61,14,76,49
86,75,70,75,37,51,63,43,91,96
80,29,17,57,26,79,78,5,88,68
3,77,22,17,60,4,39,20,69,14
68,54,40,90,80,76,92,42,71,82
89,2,10,5,59,87,35,88,44,22
55,46,98,28,62,57,31,52,76,51
17,96,56,9,85,35,84,76,28,6
10,16,8,71,72,66,10,6,53,53
28,59,98,77,86,12,86,69,15,13
19,32,8,75,40,44,61,75,20,89
33,81,56,40,51,28,57,60,85,61
12,64,19,62,41,56,73,78,76,87
90,95,70,98,21,9,93,33,36,64
73,68,44,29,59,95,8,15,54,92
75,18,56,45,79,48,52,3,25,28
89,66,74,59,15,46,19,8,78,54
71,51,73,15,79,31,9,86,45,14
29,71,83,36,67,61,83,19,63,59
98,4,25,71,14,39,68,84,98,45
38,69,47,62,83,25,93,43,62,89
8,43,12,91,78,78,3,13,48,66
23,97,21,99,19,86,90,86,69,87
31,58,55,77,20,89,54,12,31,67
100,39,9,63,81,39,41,83,51,40
100,25,89,72,24,7,57,13,93,26
99,75,83,54,51,2,42,56,65,25
75,17,15,83,79,95,73,71,29,75
63,29,100,51,100,23,57,57,35,1
34,85,75,16,90,78,70,84,33,86
8,7,2,74,42,33,68,14,3,96
41,17,76,40,67,76,14,76,84,100
28,17,84,3,84,74,80,53,9,12
39,16,71,92,41,12,24,8,77,79
55,17,95,31,8,14,58,21,41,93
20,68,9,56,70,92,81,1,97,89
13,35,56,35,78,96,98,2,55,74
32,9,43,78,91,2,91,100,23,83
92,94,51,100,49,72,44,81,73,40
69,37,26,24,71,3,71,68,56,25
93,39,86,87,17,28,89,59,28,11
42,19,56,92,71,57,15,14,37,87
53,6,75,30,81,45,32,4,64,40
80,57,78,65,95,94,93,83,53,20
45,94,90,1,37,60,9,3,73,45
42,77,2,16,6,35,13,38,38,76
29,17,84,6,34,79,100,26,13,4
97,58,49,86,10,37,46,18,39,70
14,32,47,16,48,52,2,60,89,91
87,17,59,71,75,92,1,26,69,13
29,17,70,29,3,79,17,100,48,7
69,62,39,15,29,86,67,30,97,7
72,83,76,30,53,50,74,5,75,42
18,55,11,39,35,13,70,51,64,17
57,32,30,95,99,58,32,17,39,28
23,10,11,50,40,15,51,65,72,77
58,89,31,68,79,17,80,48,67,95
17,76,27,46,70,77,4,54,93,42
81,67,4,43,17,95,10,67,59,81
44,16,21,26,84,99,95,15,99,61
10,15,36,88,60,58,64,15,63,8
9,43,74,12,38,42,6,99,61,64
31,56,79,3,81,14,53,75,29,51
88,38,17,75,77,77,84,40,43,46
99,51,41,72,62,30,66,19,28,26
82,10,81,13,12,13,26,64,40,54
67,27,43,83,53,19,11,37,10,54
34,8,4,74,32,18,55,49,36,82
74,70,43,6,34,54,70,59,70,9
65,36,87,59,70,92,30,33,28,39
86,13,99,41,39,82,10,93,82,98
27,7,67,69,12,52,23,81,10,44
42,26,79,28,85,100,19,66,32,98
56,69,63,54,10,1,87,71,93,68
68,19,26,86,88,37,37,62,70,99
5,63,24,35,90,60,86,61,25,18
10,81,38,72,86,47,72,25,70,17
44,37,87,70,23,26,58,11,87,27
9,43,89,33,29,31,44,15,43,21
84,52,1,21,76,38,20,99,62,89
15,58,25,54,27,99,79,84,10,18
63,70,60,3,54,41,85,98,55,27
18,90,31,70,10,6,59,29,4,73
69,71,30,46,24,56,96,54,91,57
71,5,27,83,8,80,23,44,29,29
71,98,18,53,67,27,10,78,8,65
50,28,87,79,73,10,86,69,64,28
25,86,33,51,68,92,83,90,35,11
18,57,9,35,61,27,14,70,4,73
87,5,100,73,35,25,83,72,45,98
100,69,83,84,72,3,27,54,92,13
16,62,70,76,48,82,3,13,4,58
85,90,63,37,62,97,13,96,69,57
93,20,77,28,3,48,30,81,53,73
93,21,34,14,96,82,96,98,46,99
8,31,88,70,19,49,18,83,97,86
39,41,57,67,68,11,15,49,91,19
22,84,39,7,97,87,40,44,36,86
42,43,68,81,64,38,82,82,20,78
19,10,18,76,76,38,38,42,86,29
13,59,64,3,18,60,89,57,56,77
94,49,19,61,30,83,98,11,16,69
40,34,30,9,61,6,46,99,99,84
27,11,94,90,66,11,1,54,20,8
30,13,57,1,26,86,35,75,48,50
44,39,83,73,47,44,30,93,42,81
76,20,43,21,61,8,32,13,14,3
21,95,15,77,95,40,14,81,15,13
30,10,51,13,34,97,8,16,41,1
96,68,20,90,89,32,98,72,44,63
74,16,57,40,92,4,32,57,84,98
69,14,7,71,78,92,20,37,7,60
37,54,80,8,96,68,39,45,91,34
7,64,50,15,3,93,70,86,50,6
83,70,71,89,41,48,33,60,84,91
71,72,45,50,79,92,69,17,36,59
2,94,74,51,8,77,44,30,14,45
35,97,14,5,37,54,4,69,65,39
60,36,10,56,37,40,47,6,8,34
64,9,27,38,60,34,66,55,63,79
99,49,27,12,53,64,18,8,32,82
46,43,69,7,98,6,46,96,11,5
29,26,14,55,15,73,41,80,79,55
11,77,4,37,88,8,52,5,16,84
39,13,26,7,72,76,12,17,23,74
22,52,100,87,58,14,11,98,46,89
53,8,65,8,96,4,15,48,61,82
83,99,95,60,5,66,87,69,34,10
42,7,61,93,93,18,59,3,16,4
43,20,63,59,27,10,63,93,57,23
75,91,21,69,51,77,86,37,45,19
46,39,78,58,31,70,76,89,25,43
44,19,14,58,78,92,68,40,84,24
62,10,15,34,78,17,62,15,5,59
86,51,97,63,8,79,32,35,20,8
29,63,27,42,21,4,33,88,95,69
63,8,78,29,41,8,45,54,22,50
12,7,52,60,21,11,39,53,46,58
12,26,72,90,68,44,93,52,83,87
20,46,94,50,26,86,57,23,40,30
72,3,89,75,63,9,85,1,13,82
10,25,8,33,66,27,77,59,30,11
97,2,8,43,51,34,80,59,56,71
88,79,74,76,53,36,37,89,88,49
23,49,25,82,33,91,8,61,1,89
72,49,90,79,43,40,64,23,98,19
45,38,49,18,65,1,5,1,42,44
2,16,44,26,97,77,68,56,37,20
44,60,69,34,91,63,25,54,85,23
73,30,60,21,99,24,74,56,77,67
99,78,82,95,55,30,71,23,85,59
94,80,19,14,65,61,77,90,14,13
64,38,94,23,11,93,98,36,100,74
2,50,3,35,44,58,16,66,32,52
25,25,31,95,39,96,55,15,37,20
79,100,58,73,74,68,17,23,3,16
97,56,65,51,42,9,8,57,74,39
8,50,16,90,96,54,37,2,20,73
22,98,72,79,22,97,98,38,20,52
53,68,59,70,18,100,30,78,56,3
16,15,5,83,4,52,36,41,54,7
65,27,57,89,57,30,85,54,68,4
57,72,23,15,41,41,14,70,18,21
25,85,35,81,68,90,32,55,82,37
14,47,63,22,35,19,51,71,24,70
27,80,42,49,94,34,41,7,56,58
79,32,95,65,12,14,55,95,20,36
32,33,34,46,6,68,65,57,39,40
26,17,20,19,65,65,53,6,24,60
15,2,91,9,67,54,74,21,48,94
8,31,78,42,77,84,61,93,40,51
84,17,67,3,36,32,68,40,89,43
99,3,44,89,64,62,94,37,34,41
82,42,24,60,35,52,43,95,96,34
46,79,50,12,34,37,95,53,76,83
95,74,86,38,14,1,100,7,37,33
100,71,26,75,30,60,26,24,7,21
57,52,51,58,15,84,95,62,36,70
44,30,96,81,20,61,81,19,20,70
3,19,40,81,45,21,40,70,44,46
42,100,49,92,57,16,76,51,77,63
73,20,93,20,53,64,80,33,34,51
54,36,21,45,68,65,65,8,34,8
5,27,7,6,19,16,21,46,18,97
8,42,68,52,61,20,15,93,5,48
43,10,36,64,55,3,28,19,62,14
27,19,92,85,24,10,52,96,7,70
44,67,11,63,18,24,83,85,16,39
84,58,48,71,73,54,26,53,73,87
18,51,57,9,87,32,71,39,27,77
8,22,43,70,85,13,93,19,49,8
9,84,18,56,55,42,62,80,94,86
18,11,36,75,72,22,58,42,12,37
18,19,58,13,89,94,77,33,12,25
41,20,8,10,28,14,51,89,45,45
74,63,7,61,89,78,34,46,71,46
82,89,64,92,53,4,85,29,89,97
5,29,68,64,90,95,30,40,35,74
36,60,36,43,20,76,72,54,22,43
51,55,83,66,98,35,22,83,15,10
31,71,90,98,34,79,45,15,18,79
89,6,91,24,100,10,100,71,15,73
65,17,79,99,83,77,85,4,59,99
13,41,21,2,90,7,80,34,21,49
65,9,54,55,33,53,16,84,76,83
8,40,99,86,39,81,62,23,84,72
74,48,12,94,49,2,100,80,87,21
29,51,29,34,57,13,39,73,48,14
55,7,5,5,93,95,86,6,70,21
30,43,69,93,88,17,46,40,49,33
12,29,35,92,62,44,57,52,16,4
65,22,63,22,78,7,16,63,12,37
84,93,31,52,86,19,20,83,10,68
15,21,48,2,12,62,45,68,13,12
24,30,85,38,51,62,44,18,77,7
55,60,100,37,63,37,7,34,19,16
54,86,88,1,39,52,62,83,71,27
46,46,56,30,83,6,43,26,75,19
85,81,30,84,18,44,72,24,30,42
92,83,27,79,35,65,30,49,99,1
75,44,46,30,25,29,87,20,6,61
38,90,42,20,25,11,63,48,34,44
90,77,26,68,56,13,85,37,61,83
37,35,79,35,64,55,15,50,74,20
62,64,62,55,83,86,65,97,86,51
41,75,27,18,42,34,30,26,71,90
61,7,76,39,93,91,93,7,92,19
27,54,82,40,8,16,77,73,64,62
75,56,36,1,74,30,35,55,7,5
45,19,63,72,57,56,63,2,62,54
72,40,7,53,79,67,20,56,91,83
17,65,39,5,65,12,86,51,66,44
55,62,63,70,34,71,25,48,72,38
1,95,78,60,47,8,26,66,15,68
49,84,32,39,88,48,50,25,99,67
68,5,81,82,74,66,53,50,13,76
88,65,71,17,24,17,24,1,35,39
68,35,22,51,73,61,99,74,37,97
92,56,1,72,38,27,37,90,76,1
65,63,66,87,31,41,56,7,94,90
45,13,76,18,64,48,30,14,73,18
62,64,73,14,36,10,40,24,51,16
25,68,30,42,54,61,82,9,67,27
50,63,40,25,32,3,72,13,68,44
30,29,60,54,42,95,16,82,18,66
49,94,85,78,35,39,90,69,47,8
95,49,22,34,73,53,88,97,17,7
92,98,35,51,52,77,45,19,10,15
36,58,60,21,87,47,59,77,15,57
84,61,5,6,47,78,10,86,74,27
93,65,76,27,68,27,55,12,45,64
78,81,21,38,53,8,36,11,36,50
19,71,10,76,76,8,5,38,94,30
16,86,46,91,64,13,70,19,77,66
82,6,98,55,95,50,62,30,12,97
79,83,19,41,58,95,100,14,84,93
43,51,30,40,41,94,53,62,64,81
28,97,86,25,51,81,27,64,10,38
12,41,20,31,33,29,77,32,42,60
77,36,10,58,76,2,51,80,64,66
60,91,63,45,67,13,77,93,29,87
83,40,79,54,70,63,83,46,46,76
5,22,12,66,80,39,68,82,18,83
100,77,73,62,21,91,26,50,84,54
36,18,94,66,71,63,28,53,61,73
81,17,47,92,83,78,82,2,11,99
84,10,27,8,23,99,50,49,48,33
54,83,2,99,100,73,62,79,77,74
52,57,90,50,100,72,79,81,25,89
31,60,51,57,19,73,56,69,73,3
53,27,38,55,25,37,27,38,16,3
11,19,60,1,20,11,24,98,92,1
86,22,60,36,31,79,61,86,47,33
88,99,59,25,53,36,62,31,73,29
34,36,47,45,36,66,7,11,63,98
11,100,72,71,88,2,1,48,39,47
80,26,97,91,51,2,26,64,32,50
44,17,85,90,61,72,7,68,35,69
17,45,20,40,67,59,93,67,6,31
65,38,9,14,80,11,15,57,74,46
6,17,15,43,58,75,14,64,94,48
84,63,45,55,54,11,14,99,30,19
29,46,8,37,59,87,99,73,43,72
71,1,40,85,43,49,11,8,64,57
8,47,71,52,2,24,14,67,22,95
85,3,41,45,91,99,83,90,24,26
13,94,78,5,30,20,53,40,79,17
48,86,15,18,89,68,94,3,34,15
49,71,69,89,15,60,40,97,49,15
74,61,8,51,17,89,22,70,80,1
38,28,86,52,45,75,20,38,29,5
5,77,75,73,18,41,84,9,38,32
23,63,45,82,14,61,70,35,82,49
35,19,76,73,23,73,99,94,62,27
98,18,55,25,91,24,65,26,32,54
10,54,17,54,35,82,66,4,68,100
5,55,70,32,27,92,4,25,37,18
3,87,35,9,11,77,85,27,3,16
81,12,70,49,17,56,30,34,60,97
33,16,51,3,47,29,46,3,5,35
20,7,21,6,68,31,35,52,9,37
19,89,100,88,37,68,96,18,1,7
15,86,22,17,40,68,46,37,22,50
71,93,9,91,51,28,73,85,79,82
21,97,22,72,37,11,39,32,28,39
38,42,76,11,11,15,30,56,52,52
57,22,96,65,65,46,92,89,30,22
70,2,71,44,73,59,54,11,90,81
2,79,75,77,41,85,44,70,92,47
21,48,20,69,13,84,14,56,73,44
78,94,45,100,89,70,58,42,80,99
75,33,29,1,62,69,85,57,38,28
3,11,75,22,79,39,58,92,95,82
87,24,27,84,23,16,53,80,57,84
30,83,17,58,83,30,26,19,86,63
46,88,25,21,61,3,11,18,47,5
99,33,80,26,16,54,41,68,85,49
4,14,84,20,71,66,1,48,85,86
63,82,25,87,54,85,90,65,55,36
21,53,20,1,30,36,54,22,55,39
23,58,4,6,29,75,23,29,74,59
66,36,41,90,23,94,27,64,58,81
51,79,85,70,31,67,57,36,88,12
74,62,21,78,67,2,4,42,30,77
100,48,13,40,89,87,34,67,50,43
47,52,73,84,21,3,50,30,39,89
93,64,51,13,93,69,14,48,10,96
25,10,95,89,49,83,27,34,50,28
77,48,79,49,83,51,4,32,80,94
21,72,57,23,37,2,91,2,49,1
97,25,62,91,65,62,26,91,96,75
18,24,74,48,24,57,99,27,40,78
20,12,2,29,34,38,30,77,39,78
29,88,3,90,78,67,51,55,10,98
81,27,21,55,75,97,63,25,23,2
2,95,14,55,75,99,92,4,75,83
33,3,70,87,92,99,54,95,54,15
92,86,93,65,40,19,61,54,43,35
56,97,29,21,51,3,19,95,58,46
77,91,48,98,77,92,96,82,86,1
96,29,87,41,93,78,59,53,32,2
88,87,50,68,59,100,23,77,46,80
74,22,22,22,71,51,65,67,32,2
19,80,30,5,20,23,35,30,27,66
31,14,4,80,82,62,32,4,90,77
35,64,51,57,37,73,59,1,91,90
2,10,21,83,66,92,57,100,22,84
65,4,97,20,36,30,81,19,85,71
47,72,34,49,80,22,22,38,22,12
79,75,21,100,57,87,43,14,38,16
97,55,20,45,74,7,27,55,25,11
77,71,82,62,20,61,83,41,98,4
52,29,30,25,28,86,63,22,51,100
38,99,54,57,44,28,63,70,34,39
32,10,9,14,71,80,26,53,20,76
8,24,4,37,100,83,74,62,4,25
13,41,23,19,49,18,98,63,39,31
53,71,92,62,36,62,41,61,66,13
88,25,36,91,13,87,73,38,48,29
14,12,21,89,30,22,6,27,36,45
9,89,67,100,50,2,13,42,62,30
54,2,6,41,92,18,27,17,56,26
97,21,38,17,9,67,38,15,46,26
11,54,14,77,54,15,78,18,8,91
48,62,92,53,54,36,23,33,52,30
10,48,50,47,16,59,66,6,73,63
31,35,16,96,11,21,10,88,39,17
30,38,30,22,90,36,57,64,20,60
93,29,59,43,28,74,1,93,79,25
7,61,59,22,56,69,95,17,8,33
34,37,70,15,10,11,2,18,75,21
77,67,2,87,61,29,61,13,73,91
37,79,52,47,100,7,67,94,24,74
78,9,63,99,75,24,62,77,42,88
49,70,6,50,57,67,78,69,79,50
59,68,28,10,14,80,69,81,25,92
6,55,52,68,5,26,44,66,54,85
53,3,6,59,52,14,77,82,82,7
83,41,74,11,2,88,42,70,20,18
13,25,24,64,45,29,90,88,46,43
24,99,97,29,9,49,95,37,82,76
43,64,68,17,26,70,56,67,91,75
37,56,51,60,19,47,88,60,34,34
55,9,84,51,90,44,51,84,80,32
59,74,96,79,90,21,100,97,40,90
23,28,45,74,87,16,20,27,75,6
12,81,66,47,32,55,90,82,38,21
66,49,46,61,27,36,33,78,84,24
67,7,51,64,32,90,31,51,16,57
8,27,38,74,25,69,80,14,2,18
86,67,18,31,79,44,18,12,21,54
35,39,60,38,54,91,27,36,93,94
93,53,72,30,26,96,50,5,61,51
74,46,18,91,28,48,86,98,59,58
51,46,49,62,35,54,52,61,90,44
54,82,48,25,63,73,72,12,30,32
14,55,29,83,46,56,31,83,5,41
41,7,38,41,68,72,94,19,32,35
15,37,68,62,13,30,87,84,93,68
15,7,22,95,41,19,51,71,2,7
12,94,14,1,86,81,73,79,52,56
14,66,45,33,79,57,63,65,93,7
32,59,65,54,54,6,24,56,28,25
62,91,70,27,92,55,8,64,86,59
71,51,76,15,83,54,72,97,71,16
56,2,74,20,7,79,77,31,34,5
7,48,47,29,74,38,83,33,53,68
43,24,70,18,90,53,24,61,1,94
28,56,95,54,76,54,32,4,36,66
8,42,13,7,70,38,96,5,71,49
24,13,24,94,31,13,98,6,26,98
99,5,54,93,58,81,98,90,84,33
55,44,75,19,50,96,56,45,100,78
45,76,91,68,69,73,33,66,78,10
15,76,14,68,20,72,100,70,61,84
2,67,27,28,37,28,76,92,72,27
22,17,2,12,36,22,36,20,87,65
29,54,92,95,73,63,18,73,32,78
8,86,96,34,13,32,61,88,75,84
67,96,52,68,59,40,90,94,59,28
58,40,81,1,34,54,64,51,78,95
80,85,80,27,70,45,58,82,84,32
65,50,80,17,18,38,8,59,32,66
86,41,57,19,94,42,72,57,44,1
3,23,85,35,49,54,79,58,35,62
42,51,64,21,19,33,58,26,91,41
92,76,34,100,94,27,42,17,83,85
17,85,60,53,19,60,6,49,18,92
63,11,43,26,31,13,58,40,39,48
81,82,75,66,81,21,92,22,89,26
59,6,62,70,10,81,29,68,81,98
59,43,8,53,20,90,66,29,30,56
28,10,37,3,75,69,75,18,91,63
43,1,20,4,70,30,36,50,97,17
48,7,11,7,12,31,97,77,11,26
32,39,87,20,93,13,88,67,30,30
29,72,30,49,27,51,30,63,1,26
31,48,32,41,54,43,23,2,71,34
27,54,72,13,25,64,25,13,82,6
42,10,29,24,10,56,26,39,18,26
16,48,25,48,40,31,42,63,32,65
48,11,70,19,75,95,34,52,7,15
57,100,76,86,75,86,41,1,24,10
78,40,9,3,39,48,85,32,62,68
48,9,78,18,79,53,64,12,4,22
78,60,21,54,97,48,91,37,100,14
98,77,5,6,31,95,54,15,79,15
83,78,76,12,95,54,64,10,18,19
31,95,79,4,100,27,51,90,64,50
56,61,78,12,19,9,7,72,75,37
38,9,14,13,21,61,67,36,70,84
55,1,78,85,4,30,11,6,19,26
7,74,39,84,86,57,44,44,28,19
32,65,79,45,30,51,57,96,87,27
79,41,79,8,77,34,37,87,39,8
13,45,81,3,80,18,59,24,13,38
94,44,54,72,89,83,23,45,78,9
23,8,1,1,68,77,86,56,15,24
63,79,20,96,81,100,13,39,23,78
76,16,21,30,39,61,12,61,58,42
21,80,49,73,33,16,49,18,24,16
94,86,94,65,81,75,64,46,13,38
23,41,53,95,22,44,56,85,4,13
26,25,92,27,97,76,94,98,46,17
13,39,3,6,3,35,32,19,32,97
56,6,37,61,1,58,4,56,94,7
20,20,83,11,46,32,39,39,81,84
8,45,22,10,2,76,96,34,94,80
30,2,37,18,62,37,27,65,44,20
23,63,39,58,26,36,41,16,27,21
99,34,17,72,95,18,99,42,3,93
21,84,94,58,1,7,46,27,23,42
99,45,4,89,54,81,25,94,96,3
66,46,36,82,17,82,52,16,23,6
60,96,90,5,53,42,11,50,21,33
91,19,29,47,7,83,27,83,28,75
85,94,20,72,27,37,5,30,4,28
36,63,23,77,67,27,18,29,28,90
13,19,8,41,65,67,75,43,1,3
17,38,48,89,61,74,77,66,56,80
93,43,94,67,19,12,45,88,40,72
30,4,90,89,44,6,55,71,49,8
73,17,45,20,5,5,45,81,70,100
12,14,42,5,80,12,68,76,52,59
48,81,62,89,69,6,47,76,76,95
83,100,63,79,71,20,83,15,52,5
67,64,18,60,20,50,24,88,25,75
46,24,7,8,65,27,65,11,2,92
57,36,43,19,14,13,38,97,27,90
1,93,5,70,5,24,19,28,63,96
54,61,71,60,20,35,86,84,45,40
27,1,75,69,72,89,33,61,37,59
2,89,4,6,58,60,82,29,87,96
24,40,56,46,51,75,81,36,10,25
75,88,78,2,8,1,42,40,61,78
51,63,66,54,20,75,65,1,3,51
49,78,42,4,24,92,79,4,27,40
80,54,28,9,7,35,61,48,75,22
25,25,36,42,30,7,16,94,60,71
96,8,48,37,11,23,28,41,78,6
81,10,11,60,18,17,94,79,64,20
52,40,96,39,81,77,45,49,22,4
19,17,11,18,5,74,41,84,14,70
90,46,79,52,5,97,21,51,27,36
70,30,76,66,68,8,94,64,8,16
68,78,84,30,96,89,3,88,72,69
57,13,14,36,17,71,84,37,21,62
72,90,91,99,7,10,7,1,73,66
68,92,44,51,74,39,39,28,78,63
96,34,27,62,21,43,32,4,79,52
65,51,41,7,1,100,16,59,52,41
25,19,84,68,69,57,58,60,85,35
22,80,20,48,41,41,91,24,96,21
75,61,23,68,19,24,67,35,82,70
27,58,88,10,25,8,67,34,67,51
20,88,82,40,88,75,32,30,98,27
2,73,39,25,92,58,100,10,44,33
79,70,91,18,31,67,25,97,53,92
99,72,31,33,11,70,7,42,99,56
69,53,28,59,77,71,16,28,80,59
60,10,80,2,27,63,69,52,11,21
43,10,92,73,94,55,95,100,48,93
55,68,45,35,27,73,5,94,100,37
5,12,46,84,13,73,46,81,24,57
53,18,18,97,42,11,3,36,62,50
81,16,70,77,2,96,50,59,89,1
95,93,12,92,29,25,64,26,57,39
34,62,8,3,10,2,65,12,37,26
13,17,94,82,46,95,29,95,53,18
47,99,62,59,91,42,35,6,20,43
97,53,4,56,56,65,57,20,76,94
98,89,62,91,22,7,37,51,53,42
20,100,40,33,10,82,75,96,40,94
38,36,98,94,91,5,58,100,77,34
45,74,74,6,16,47,65,52,49,69
93,68,20,85,53,29,66,27,76,5
72,14,92,21,59,35,26,16,34,2
1,78,27,26,35,42,25,99,45,73
68,38,41,39,22,45,20,39,71,95
44,94,60,35,14,18,69,91,86,54
44,86,31,70,64,66,63,88,64,8
60,83,45,52,74,18,96,93,56,18
87,51,63,47,86,29,16,6,19,1
60,63,39,42,84,2,7,47,41,23
54,100,57,50,4,30,19,51,22,74
69,61,77,83,59,62,11,74,19,30
27,30,92,65,72,75,18,30,73,58
52,78,57,9,27,12,90,97,63,64
23,83,24,99,65,82,12,76,7,82
5,33,12,48,49,35,74,66,64,47
23,16,24,32,76,3,43,65,51,57
80,73,39,3,23,4,36,34,31,43
16,35,27,79,34,76,13,7,41,76
5,16,43,81,47,70,35,41,87,85
98,66,58,36,69,80,91,4,66,21
98,33,7,25,11,92,100,23,51,92
50,55,7,45,35,5,14,21,46,100
6,95,66,15,30,86,46,73,89,11
45,39,43,52,63,5,95,14,27,45
57,29,100,64,73,86,20,86,7,65
38,64,11,3,78,93,88,23,65,28
86,9,66,80,12,80,85,7,93,63
51,2,91,2,65,15,40,36,53,98
53,90,61,63,44,90,55,83,64,19
10,49,80,28,29,43,7,65,1,52
27,4,53,70,57,69,84,96,4,36
93,56,77,53,19,72,42,25,54,6
44,64,6,75,43,86,69,49,50,70
100,77,25,4,46,81,72,81,77,28
69,21,83,45,74,53,17,67,78,22
24,73,37,82,99,79,67,67,28,69
88,79,45,12,35,42,93,6,74,21
33,42,41,68,39,66,20,7,85,49
28,60,21,65,41,19,43,60,38,22
28,25,53,24,89,87,17,33,44,90
53,29,32,45,96,70,63,67,76,47
16,3,6,88,19,99,59,62,58,48
35,37,24,39,60,12,25,76,44,69
65,48,49,48,45,44,17,7,62,44
5,29,99,62,17,17,12,27,30,69
74,65,5,49,3,16,61,80,43,56
100,8,4,48,7,100,43,76,58,4
19,62,33,17,75,1,34,87,79,15
7,4,79,12,52,34,79,12,65,22
68,64,81,23,63,87,74,5,62,31
8,81,44,40,49,18,92,34,4,70
49,63,73,79,74,25,12,4,36,28
25,55,91,5,29,53,44,2,9,57
84,17,89,27,8,38,45,100,71,100
69,19,62,42,98,87,66,61,91,53
89,67,60,31,24,88,36,19,42,44
75,25,12,64,52,20,53,48,19,75
99,87,94,61,80,43,99,97,55,41
50,95,60,61,78,83,48,65,1,89
8,27,66,20,90,17,39,94,64,9
69,62,47,14,74,27,8,25,23,62
65,24,9,24,84,38,58,84,2,10
24,9,37,89,80,78,57,70,72,72
78,40,86,77,53,59,3,60,83,77
73,100,53,81,75,88,18,85,23,71
94,47,32,30,87,11,8,44,33,31
67,62,70,52,38,22,11,92,33,45
69,5,96,73,38,23,60,7,7,83
78,100,81,9,82,19,71,41,14,3
71,81,17,40,32,54,13,94,46,45
91,66,1,86,90,38,8,49,97,66
83,74,66,15,34,47,34,4,39,47
59,9,79,75,100,63,28,12,56,25
8,46,42,8,84,31,98,43,80,94
9,14,19,26,81,52,24,14,55,62
12,65,70,43,39,69,5,19,32,60
43,91,58,85,50,93,15,47,87,46
92,47,12,62,24,92,13,47,57,20
60,20,84,29,62,23,49,66,41,32
26,35,22,35,71,72,79,38,70,65
35,14,64,46,75,87,89,88,34,45
59,93,65,42,74,26,16,74,92,8
58,69,95,79,55,65,2,33,2,24
49,37,37,12,34,63,99,23,2,84
19,60,28,83,2,53,61,69,79,52
77,36,72,23,66,26,87,68,10,41
43,58,29,31,70,62,93,20,36,95
3,55,54,82,37,7,35,97,76,13
100,4,48,71,26,65,48,64,84,57
4,26,67,32,56,88,46,49,7,81
95,61,35,100,42,72,7,28,20,34
40,20,89,39,42,66,56,42,29,39
98,85,65,16,16,72,3,13,72,61
94,66,21,28,66,15,51,24,42,71
57,34,42,45,24,83,62,79,24,90
18,74,74,34,89,42,5,44,54,29
4,47,94,25,27,11,91,77,34,84
47,42,17,88,38,93,23,99,23,46
89,92,71,14,25,60,7,82,55,61
10,58,59,55,34,85,18,24,62,51
60,60,45,76,100,82,20,22,33,43
67,21,34,90,86,11,1,93,92,55
5,53,12,15,7,98,52,24,73,13
27,32,24,23,60,23,4,79,44,36
21,63,8,7,52,46,17,52,90,8
6,46,60,69,60,18,66,11,94,91
75,72,22,99,94,81,73,49,12,69
85,32,31,44,38,34,41,54,85,30
13,42,75,24,62,87,94,28,97,87
70,24,10,91,74,3,24,46,51,35
14,87,18,96,83,8,29,23,13,13
5,26,6,79,1,68,17,94,47,66
80,16,89,41,58,62,43,81,59,46
67,25,84,85,20,66,92,49,41,56
13,45,81,19,75,82,86,92,75,84
57,7,99,97,47,56,58,42,89,68
87,7,92,22,91,12,88,34,12,80
90,24,76,22,94,50,55,31,93,82
14,1,88,64,97,86,72,6,79,12
74,17,18,17,39,61,28,78,46,91
57,35,67,32,9,12,33,63,43,26
44,8,26,83,72,23,21,95,28,99
6,53,16,23,70,54,35,49,83,81
40,39,15,58,22,75,69,54,90,11
79,33,71,5,68,94,79,40,88,58
38,93,11,5,67,80,10,2,80,92
82,71,82,48,28,3,23,97,57,12
59,35,96,29,91,15,22,69,54,61
27,44,53,89,100,72,20,62,73,99
53,6,70,87,53,97,89,27,45,97
90,56,32,38,84,74,52,58,95,58
70,73,53,23,61,52,46,80,13,18
30,18,23,51,4,27,48,44,6,44
41,95,99,24,84,35,49,88,44,43
45,13,15,49,87,27,100,32,58,65
1,88,34,75,38,89,2,37,32,59
33,24,5,31,99,89,17,48,76,12
90,72,25,5,20,63,83,19,47,41
35,47,80,68,22,17,56,75,6,88
33,38,63,37,20,62,77,89,9,52
100,98,23,76,54,42,39,37,13,85
29,47,83,8,15,56,24,70,30,81
9,14,18,72,3,90,33,79,78,93
83,77,42,5,53,96,99,43,84,11
79,64,57,13,71,71,69,46,93,50
27,1,64,96,24,18,85,8,48,62
100,30,91,94,87,95,41,37,89,24
47,67,39,55,79,9,78,99,6,70
49,32,22,64,80,98,81,64,5,80
78,57,62,68,50,48,62,90,84,50
65,82,68,3,36,98,63,13,97,68
34,97,52,56,60,31,53,40,46,9
71,23,17,32,42,18,31,3,59,66
4,23,47,23,77,35,21,91,47,69
59,81,65,62,88,24,92,92,15,37
52,85,12,69,69,53,86,99,8,45
17,11,19,63,86,48,49,58,38,48
26,48,80,42,9,67,65,52,10,31
89,61,67,52,29,35,4,67,86,11
63,2,74,33,16,11,80,65,68,70
12,93,69,91,34,78,9,50,29,18
80,69,30,46,20,11,33,76,77,70
38,91,71,11,23,38,21,55,54,88
24,17,32,92,59,17,21,67,66,2
36,97,70,66,95,42,28,27,17,56
96,54,46,18,17,68,55,89,22,9
29,97,25,60,41,84,77,13,2,94
14,90,91,36,7,85,77,34,63,45
89,58,50,34,27,66,53,81,55,27
41,35,75,18,94,15,53,22,28,54
68,93,43,58,28,49,42,56,82,56
100,22,65,50,7,91,67,60,23,73
38,64,7,12,33,53,79,85,26,58
38,93,50,33,50,78,81,43,85,15
98,85,36,14,86,43,4,52,54,27
77,91,42,83,54,26,87,32,10,13
89,99,5,91,31,7,20,64,1,4
78,99,40,65,12,25,59,68,29,64
46,5,54,39,39,60,64,26,91,25
38,32,23,94,22,6,100,41,69,53
96,98,51,36,14,14,12,73,33,40
36,30,96,42,68,35,1,83,12,43
7,1,74,82,46,47,87,98,39,7
50,35,4,52,22,17,17,33,41,50
25,29,79,72,22,99,58,74,81,69
16,40,21,42,73,67,88,11,64,27
17,13,13,72,64,34,40,80,18,81
81,94,61,60,66,82,10,75,55,42
96,70,33,16,11,5,34,51,67,97
29,83,9,41,6,24,26,46,4,95
26,36,89,86,95,6,19,56,32,73
98,27,94,30,95,5,35,28,7,1
25,35,36,85,75,41,61,52,86,16
46,63,51,34,100,98,91,18,53,23
90,50,1,84,80,95,40,66,23,46
18,99,80,5,35,6,46,95,57,83
10,2,46,61,88,97,10,30,15,62
52,56,12,53,91,43,99,30,8,21
27,77,71,58,82,6,63,79,52,71
61,62,25,58,74,12,7,83,93,21
96,45,76,7,49,67,1,99,48,60
20,27,37,42,84,70,47,99,48,99
69,60,12,45,70,37,56,76,71,49
96,66,45,23,25,45,41,25,43,41
85,14,67,21,56,50,42,54,100,89
4,21,100,67,65,69,3,21,44,73
21,91,91,17,66,15,61,6,39,55
98,23,21,64,95,76,66,36,81,65
76,37,85,76,3,50,44,58,22,40
82,94,30,72,62,95,86,74,53,77
28,50,51,48,66,98,75,31,85,56
47,61,44,32,36,46,33,31,3,6
70,37,51,52,8,12,98,46,85,50
74,64,52,24,64,17,21,38,47,58
45,93,18,88,76,5,86,60,35,40
17,57,76,67,8,84,30,5,81,66
7,54,30,58,29,93,74,2,82,72
59,79,16,76,66,44,80,3,3,66
43,72,22,18,90,81,53,20,38,33
85,44,38,66,1,67,10,26,68,44
49,78,22,64,53,87,59,84,42,62
1,84,85,23,1,74,55,6,93,92
38,30,35,28,47,87,94,9,64,13
52,12,90,73,28,94,11,86,77,52
99,77,35,83,51,88,9,6,93,1
97,82,82,84,9,81,70,2,89,34
66,40,97,55,12,24,48,22,62,76
74,12,53,60,95,55,47,3,60,39
55,9,73,89,92,81,69,61,35,57
46,100,96,43,55,59,18,54,80,31
30,5,43,34,65,89,88,11,43,100
2,49,8,74,89,99,54,57,11,40
65,9,40,12,3,46,70,20,99,2
3,80,6,45,13,22,85,53,33,79
52,86,27,59,11,16,9,16,24,19
56,89,27,95,100,81,92,22,1,90
23,55,22,80,51,86,2,35,38,86
65,89,71,91,99,33,58,7,48,34
78,3,22,56,49,73,37,40,46,89
82,68,95,55,100,45,40,1,31,78
86,95,18,8,37,69,40,95,27,39
28,56,94,1,12,42,25,100,34,71
40,67,90,34,21,89,78,12,41,8
41,26,54,59,85,90,27,76,84,5
15,63,61,60,63,24,1,40,23,86
10,14,4,99,99,24,88,76,36,28
35,76,6,88,86,42,77,64,70,13
69,36,27,81,95,90,4,47,29,78
33,90,91,36,88,89,12,27,16,99
7,2,26,64,41,64,57,69,27,26
81,47,61,8,27,55,49,30,54,29
59,86,70,1,73,9,41,36,36,56
34,94,9,12,9,49,75,65,70,53
91,50,100,3,9,78,58,9,60,11
89,18,48,10,19,72,19,59,8,6
67,93,99,75,56,59,76,30,23,45
83,65,46,34,68,7,11,77,67,70
39,8,88,38,17,58,9,87,16,68
92,34,13,42,9,68,100,36,50,23
32,84,39,29,17,6,87,27,82,6
49,72,13,88,9,81,45,70,68,12
37,59,46,1,1,6,69,52,93,70
74,24,53,65,4,69,70,91,47,4
96,47,75,60,34,36,40,30,5,59
42,41,18,87,94,70,92,62,21,36
83,47,59,35,11,62,55,32,4,53
35,99,100,62,10,85,97,50,15,1
8,8,93,77,94,86,98,37,99,71
72,81,69,82,67,79,95,73,62,99
26,49,49,77,10,59,13,58,60,79
10,19,86,54,48,31,40,45,19,90
67,42,23,35,23,41,65,70,14,27
68,91,75,68,19,36,26,83,93,85
62,2,56,47,55,3,30,46,47,48
88,14,90,62,48,64,2,13,33,67
91,52,57,65,20,27,100,45,10,44
82,23,45,37,21,51,39,50,49,37
98,88,2,39,49,2,54,50,66,39
17,56,90,25,72,61,4,23,6,13
66,39,35,62,27,55,64,17,57,12
5,6,99,7,44,47,60,49,49,25
87,17,32,29,41,3,89,44,77,46
8,42,84,94,3,62,1,66,78,57
30,83,62,80,41,57,79,100,5,27
76,44,43,59,72,35,13,60,31,89
6,38,30,41,84,84,3,84,49,32
92,30,14,53,10,6,61,40,57,65
66,84,60,60,42,31,46,54,91,76
42,48,66,71,88,49,54,90,84,55
22,75,36,87,79,45,45,39,84,1
55,1,85,15,12,26,45,58,80,87
85,73,34,2,96,22,2,1,63,85
55,36,11,91,23,89,87,67,27,23
19,82,23,3,96,87,81,92,96,12
79,80,84,64,82,31,37,83,32,100
20,86,35,30,28,9,19,67,75,97
89,46,30,63,100,25,49,80,69,44
43,47,76,79,62,57,9,99,91,40
98,10,78,84,92,57,93,62,23,19
58,11,64,88,26,64,64,74,95,32
70,38,30,45,16,92,53,76,42,43
16,39,5,45,74,96,1,66,57,24
85,66,86,48,53,11,63,17,37,58
100,6,47,30,2,14,73,54,89,14
48,56,4,4,100,77,99,1,95,7
24,79,73,61,78,25,72,93,93,8
2,93,65,48,74,66,61,98,71,1
63,70,57,66,74,56,94,24,8,88
31,83,18,3,44,48,79,67,40,24
74,41,16,90,40,41,7,100,90,29
52,52,98,60,69,23,68,14,47,75
54,29,58,71,31,53,18,61,19,9
84,44,49,51,33,88,43,91,39,32
19,91,83,68,2,3,91,69,17,89
44,70,17,53,92,99,5,10,11,75
70,95,70,19,45,2,58,88,44,49
71,62,91,54,81,92,8,23,61,24
63,4,93,79,8,85,29,64,46,40
38,15,86,7,85,30,60,95,69,3
43,40,16,33,45,48,24,52,71,84
28,33,39,72,64,46,8,92,9,53
83,98,20,68,4,56,50,15,2,18
69,44,9,84,76,5,32,52,9,54
87,36,86,78,7,1,75,15,93,84
19,27,33,90,95,89,98,96,3,99
65,24,43,74,7,70,30,90,73,38
95,60,73,81,89,32,81,63,46,25
98,16,4,31,6,50,19,3,45,73
1,9,96,95,34,55,17,64,96,89
1,91,100,26,23,88,57,55,51,54
32,48,21,35,78,78,84,48,80,80
73,33,88,20,79,22,74,95,37,22
84,89,12,83,14,86,71,22,40,73
27,71,20,100,57,50,77,40,49,57
19,21,41,59,41,19,32,14,66,68
35,49,56,98,83,22,83,5,95,23
77,74,45,97,73,2,46,49,93,94
5,12,67,97,22,7,68,53,72,33
20,59,33,75,56,67,48,91,72,43
65,48,16,9,44,88,62,41,36,55
87,93,18,5,41,39,11,60,91,34
44,62,92,76,88,100,95,36,90,66
30,6,13,45,66,9,84,28,1,71
34,39,15,51,43,8,89,53,67,31
87,11,92,30,38,79,81,32,66,70
97,95,27,62,91,93,70,74,20,22
97,53,61,63,55,3,70,95,8,37
25,46,99,68,27,36,98,8,68,64
29,16,58,56,77,49,100,98,74,19
72,22,23,32,85,29,86,54,23,45
42,99,42,40,66,69,28,15,28,47
78,56,62,36,63,91,36,62,88,61
32,59,83,54,42,19,82,80,24,56
24,66,54,18,57,71,38,84,86,65
30,15,20,44,50,83,34,37,96,73
98,28,84,32,81,25,50,15,56,73
22,32,90,28,49,47,98,86,30,35
2,12,50,21,55,51,55,88,88,3
12,37,30,95,68,62,72,69,76,27
93,50,58,83,77,58,29,26,43,10
61,44,21,62,17,27,12,23,66,51
25,78,39,54,72,58,16,95,26,43
22,19,92,31,1,20,89,81,46,31
90,58,27,63,19,95,89,82,17,7
33,42,84,23,47,7,81,14,2,6
57,23,76,100,53,28,72,93,8,17
24,50,26,2,12,44,96,52,77,12
58,61,5,93,84,4,100,64,17,1
21,25,75,49,77,79,76,48,72,36
16,47,85,41,48,48,36,43,99,12
6,9,73,63,1,8,66,100,71,34
52,91,59,78,39,35,57,67,34,80
2,49,78,38,41,25,85,76,19,35
39,76,43,11,38,96,18,55,47,40
89,51,83,47,28,73,33,36,39,66
67,92,66,44,29,6,68,13,33,38
100,71,14,42,34,3,89,3,58,36
43,46,38,77,44,65,49,28,53,40
93,19,31,10,63,12,67,82,24,99
72,23,69,37,17,54,39,57,57,96
44,51,93,81,79,88,98,27,15,50
18,59,20,1,68,82,12,34,16,87
32,39,10,53,75,78,6,13,86,14
61,30,16,5,10,94,93,7,73,7
8,90,66,28,90,85,61,53,19,76
40,2,14,1,6,40,30,64,53,15
29,65,44,45,69,6,38,61,12,10
20,72,52,85,99,93,69,59,46,39
87,85,41,52,37,98,92,66,61,44
80,90,8,76,86,28,81,23,89,92
85,8,15,36,44,13,80,12,72,25
3,58,61,95,61,97,92,52,14,5
95,94,46,54,21,31,82,1,53,22
44,89,81,59,76,24,71,56,87,94
80,41,3,93,35,64,89,27,15,3
83,62,48,28,67,68,58,100,68,62
21,63,51,53,21,26,76,92,81,15
37,13,55,40,5,42,3,45,20,69
99,2,30,46,29,97,65,86,96,84
47,69,47,49,21,19,75,49,62,7
15,99,19,69,38,75,62,92,20,81
60,18,82,90,16,10,38,80,47,33
16,46,1,14,94,74,32,68,22,94
27,36,44,45,56,81,20,18,24,39
98,83,8,80,72,23,41,9,55,88
94,70,85,46,35,78,19,18,98,40
63,24,75,6,68,83,38,39,100,61
29,49,44,37,28,67,11,21,28,65
60,73,86,44,18,20,21,37,38,70
28,100,93,55,58,61,37,95,51,36
56,80,84,51,68,64,17,78,36,96
43,95,68,28,90,86,100,62,74,89
32,1,40,24,55,97,36,91,92,39
78,99,18,14,49,37,29,65,14,64
13,8,10,80,88,99,65,87,12,38
27,43,91,66,19,45,15,6,88,6
44,65,56,13,78,4,49,6,20,15
21,32,22,30,12,9,80,28,47,92
18,25,86,8,91,56,4,57,62,91
62,57,8,69,70,85,72,70,43,91
84,63,75,58,93,38,18,24,65,65
67,34,41,53,93,31,60,97,39,73
39,100,30,46,20,51,31,91,72,25
34,8,87,8,65,31,45,34,7,61
50,73,95,91,25,87,73,37,35,12
9,74,63,38,19,83,40,1,73,12
25,6,71,64,65,87,46,9,20,52
22,70,25,16,60,1,54,32,37,89
43,46,14,6,35,32,40,75,85,12
38,61,70,60,24,34,46,70,95,65
73,16,34,97,83,93,98,36,77,34
76,71,31,89,28,66,73,67,92,57
31,81,17,52,40,93,37,85,14,31
49,86,98,35,83,32,79,32,20,55
65,95,78,96,36,5,13,8,24,4
16,54,36,84,5,75,76,41,59,89
24,59,75,73,93,9,5,72,40,24
78,56,70,55,3,5,12,15,64,35
70,79,40,5,15,96,31,90,88,41
31,63,100,57,36,44,65,92,67,4
67,45,11,88,51,14,93,14,80,8
100,50,87,39,6,53,86,37,42,26
77,24,88,28,80,75,72,44,18,38
99,84,34,10,72,85,75,16,98,54
23,50,55,61,88,61,13,26,49,7
51,77,30,38,5,10,13,28,5,30
17,56,66,51,17,89,87,91,4,36
44,78,85,51,39,25,11,3,50,11
9,52,87,91,89,43,52,53,22,56
35,39,11,52,89,27,40,27,69,95
62,13,72,99,15,62,23,25,65,24
87,25,75,25,15,15,68,66,68,89
74,54,79,36,5,19,63,96,45,31
90,59,95,61,57,9,75,31,85,39
6,23,15,80,48,82,94,67,99,13
55,72,18,86,8,22,4,22,69,49
4,58,59,51,71,15,11,45,97,48
35,2,70,49,33,17,30,78,83,29
43,90,52,60,27,59,34,30,32,2
78,36,12,88,38,82,2,48,26,50
95,60,3,65,60,35,33,90,65,68
70,7,9,21,66,35,80,51,64,63
5,94,50,16,81,87,97,35,35,74
36,81,85,39,97,44,25,30,85,89
49,54,95,9,75,13,43,6,15,58
68,19,3,18,34,36,56,82,22,90
7,57,23,91,47,19,87,72,48,71
60,48,77,7,56,51,19,50,8,33
8,75,52,62,44,37,97,100,71,70
41,77,27,63,20,25,82,6,96,81
28,56,81,56,62,36,6,32,86,65
16,45,40,19,58,35,56,7,86,26
76,79,54,54,41,73,79,74,30,74
7,10,81,87,65,94,74,23,77,11
87,93,55,78,11,13,13,18,19,50
95,46,28,49,100,21,73,30,94,3
3,52,64,36,90,28,81,64,50,58
74,89,50,81,66,12,93,30,30,63
80,76,60,59,24,59,79,49,88,25
3,43,76,66,30,66,93,10,81,95
67,54,83,68,34,100,80,78,30,61
92,61,36,52,19,12,62,50,60,50
26,62,44,53,27,73,70,71,82,50
17,1,4,51,68,89,51,47,67,32
7,58,92,95,61,62,58,23,63,17
24,88,30,67,41,8,39,10,30,72
60,47,72,15,97,40,3,47,38,21
30,97,31,73,91,91,87,100,13,49
16,36,37,97,54,29,56,44,38,85
68,49,31,39,63,80,30,18,78,68
90,8,16,72,80,58,63,66,57,27
15,24,15,3,20,20,31,75,64,20
11,31,69,42,21,83,21,51,52,98
70,94,57,37,65,37,94,79,54,50
6,20,73,72,22,44,91,4,70,6
76,80,36,96,73,57,30,45,59,82
95,80,27,51,16,91,39,61,70,93
10,27,12,34,98,86,29,40,89,98
46,16,29,33,11,2,89,41,98,99
74,92,30,100,95,45,42,33,5,11
25,66,37,89,51,86,74,79,78,14
76,23,30,57,55,40,10,96,32,7
46,5,99,76,56,45,72,98,77,29
8,54,94,97,42,45,34,15,23,11
28,51,85,9,59,92,49,68,87,80
74,84,37,24,59,92,68,31,89,97
59,97,50,4,45,91,100,78,57,75
41,36,77,25,45,35,16,45,2,54
76,27,38,12,51,48,4,70,30,92
66,40,40,15,44,36,57,43,66,13
69,6,49,45,82,45,79,50,89,32
55,64,59,44,28,61,92,31,30,21
74,96,13,66,62,8,1,19,50,66
31,19,23,31,15,5,27,94,54,67
25,60,83,35,4,10,95,95,40,25
67,65,72,31,30,33,38,31,3,88
96,86,58,71,68,24,75,95,17,80
61,94,39,43,28,42,52,75,88,43
99,7,60,22,37,89,54,75,19,9
14,67,94,23,37,61,46,63,55,15
42,68,8,32,10,87,26,14,61,13
8,11,71,67,32,8,56,38,34,26
46,47,44,39,69,32,99,66,94,6
80,87,73,39,71,34,26,96,47,38
60,55,49,31,73,80,90,28,69,23
6,14,21,49,4,89,33,55,6,26
60,86,65,84,24,87,17,1,82,16
39,93,22,87,75,94,18,64,74,87
38,79,100,58,79,56,98,11,10,4
89,21,41,53,4,16,91,72,17,72
39,7,16,60,93,91,6,62,6,31
48,96,9,100,53,39,7,3,50,16
58,38,36,98,42,91,13,32,62,81
55,53,87,70,12,31,12,69,93,70
99,92,65,59,43,69,50,49,71,99
64,28,88,51,77,29,41,42,12,55
22,66,7,61,87,70,91,99,91,83
68,41,27,32,52,69,52,1,70,23
99,85,2,86,36,31,66,28,72,77
82,45,94,40,5,80,62,48,30,52
30,97,92,8,80,43,77,32,43,98
6,93,82,59,30,17,89,95,45,12
23,78,9,16,70,13,96,31,60,25
82,42,74,25,49,5,68,77,88,62
74,93,55,8,4,84,24,92,31,20
56,53,50,64,69,19,76,16,1,88
92,82,81,65,6,81,22,25,10,9
87,35,54,93,42,57,28,66,100,58
37,55,63,38,18,83,56,46,98,8
33,41,89,65,58,47,45,79,71,54
87,9,41,92,53,82,48,81,99,48
90,88,2,4,25,72,86,33,17,35
40,1,76,29,65,33,27,61,63,49
67,1,10,7,93,62,88,92,94,39
39,36,26,93,39,50,64,77,82,32
11,22,32,38,2,48,22,80,8,84
28,26,85,37,32,77,51,72,20,44
10,59,79,35,3,70,36,18,46,18
49,8,91,32,46,44,79,67,23,38
51,50,64,87,39,95,15,89,18,34
84,27,44,63,13,46,84,49,15,29
66,63,36,8,46,33,51,24,100,73
62,2,74,77,88,64,23,54,52,41
87,36,19,31,50,32,28,85,32,43
13,97,57,100,56,3,33,6,26,84
30,39,85,55,67,24,19,90,77,22
82,63,57,100,45,58,83,25,94,14
67,6,62,23,58,17,77,90,74,55
73,3,45,9,58,12,32,28,53,60
49,34,74,58,33,19,67,68,43,61
81,61,66,43,35,75,59,12,16,85
18,88,87,62,48,96,73,31,75,25
90,24,58,64,81,43,34,47,10,28
7,42,88,25,84,74,99,95,37,15
31,54,54,69,16,54,65,88,84,91
65,74,14,74,37,94,68,22,93,29
49,99,71,36,23,6,61,74,52,98
40,82,51,93,51,66,46,67,6,30
57,70,55,71,95,91,16,63,12,8
91,12,7,13,47,81,19,59,6,22
56,45,4,7,38,6,24,35,72,29
16,80,50,70,50,45,12,18,7,75
25,49,86,83,62,84,16,32,43,21
53,98,66,8,56,55,13,80,89,36
8,5,16,58,26,17,2,38,34,60
64,59,60,50,93,73,85,8,4,27
29,9,77,94,68,32,100,81,11,88
68,71,44,83,80,70,100,33,59,33
92,22,43,3,23,36,76,8,43,79
86,71,39,62,16,7,46,15,39,8
55,6,78,50,41,9,71,40,41,29
24,84,3,67,87,25,2,62,84,44
92,70,67,83,31,34,89,76,1,79
84,55,36,13,4,76,22,75,67,62
55,91,98,9,57,84,86,58,97,69
53,88,38,71,70,21,5,10,48,5
40,31,11,76,96,66,3,17,92,70
30,47,60,27,7,16,62,92,25,58
61,77,46,50,100,67,70,4,29,18
60,68,100,22,95,95,87,98,63,79
67,45,77,78,71,83,45,85,27,69
42,87,97,39,88,96,6,58,51,34
27,10,53,26,31,48,73,70,45,35
48,63,31,76,40,2,10,84,38,36
4,79,74,100,18,62,48,23,19,98
8,97,8,60,22,90,59,46,59,3
81,6,17,11,33,8,64,43,43,1
30,46,32,4,98,49,65,45,23,35
42,82,83,49,93,4,91,52,50,49
6,82,7,23,44,39,30,60,33,25
12,63,70,43,18,67,43,34,11,65
68,5,46,50,5,39,5,95,42,6
44,47,39,50,69,83,40,51,94,73
75,5,87,96,100,4,63,42,37,25
7,56,29,4,57,34,94,61,28,35
19,23,82,57,72,50,91,64,52,84
36,26,89,74,22,88,77,36,29,13
12,87,20,93,91,76,78,36,88,5
71,6,80,52,63,3,53,53,66,57
37,53,34,77,26,7,16,2,42,96
66,6,83,37,98,25,12,75,60,100
31,82,5,10,85,19,13,38,24,30
46,12,83,79,40,8,86,55,62,79
50,79,84,84,16,81,8,79,7,20
78,38,53,35,47,38,5,11,27,28
93,72,91,75,2,30,34,87,84,47
66,86,78,1,69,45,34,29,23,40
100,53,77,52,87,76,41,43,38,67
23,30,38,13,56,40,43,90,78,78
88,95,15,65,96,84,9,81,64,32
20,63,84,49,66,22,24,7,64,13
73,38,43,63,51,98,54,45,39,83
74,27,78,89,91,25,24,52,57,87
35,76,1,18,24,18,91,99,24,6
12,49,44,54,63,46,3,68,90,42
50,15,68,79,3,10,55,26,61,63
64,95,39,16,64,62,34,6,13,9
12,24,57,7,77,71,52,31,90,93
72,92,7,39,22,62,1,29,39,61
91,3,8,29,70,23,43,3,29,55
12,92,78,20,98,6,43,49,36,32
93,60,23,51,50,45,12,50,73,3
63,63,57,70,44,26,92,86,29,72
92,92,63,21,11,60,78,53,60,65
37,52,24,59,55,74,55,18,23,79
20,37,42,76,6,37,2,50,74,82
73,65,73,36,85,35,95,14,40,7
78,76,10,2,86,64,27,41,82,1
19,1,38,12,29,95,48,30,96,21
63,69,37,35,4,73,21,50,86,60
56,64,87,18,17,73,81,43,65,14
43,83,67,80,47,95,75,94,76,70
67,38,90,55,24,93,28,96,43,13
56,50,28,94,67,44,66,100,38,82
13,81,65,31,12,63,25,38,8,100
60,74,89,49,29,64,42,8,60,36
20,67,37,100,60,56,43,78,55,81
59,19,13,75,50,24,37,26,62,45
78,21,70,18,21,50,82,14,57,93
49,29,59,38,80,70,93,22,47,99
54,58,17,66,84,18,42,21,96,55
17,73,27,38,90,47,40,23,61,48
15,61,28,73,98,7,95,42,81,41
40,34,50,9,52,34,78,45,6,73
99,74,45,25,63,87,23,54,9,35
2,24,96,81,48,45,88,42,87,20
35,26,5,84,86,8,69,64,52,26
36,2,51,33,78,14,19,1,19,79
35,72,2,82,53,2,27,92,43,13
11,77,90,67,13,76,75,33,39,26
59,26,28,61,58,5,26,28,57,45
7,92,16,60,73,20,61,51,11,56
63,73,32,53,40,96,80,66,29,70
91,39,95,70,51,5,27,77,84,35
21,42,78,36,2,3,8,14,53,18
69,16,43,53,20,34,48,51,99,28
20,41,18,66,63,69,22,41,45,6
75,17,47,53,52,100,55,59,14,7
29,34,74,23,86,45,8,86,95,6
65,14,98,83,32,12,3,53,52,99
58,27,15,57,79,18,56,33,29,21
91,9,7,65,31,92,9,38,29,4
95,94,69,44,28,100,56,30,53,7
80,62,33,94,18,11,63,26,95,91
46,86,99,52,2,81,96,10,18,24
65,64,69,34,8,96,85,15,77,89
21,8,51,54,1,68,16,64,93,63
6,91,100,5,94,1,37,89,62,7
65,27,70,33,12,29,81,48,43,9
37,64,17,87,69,17,6,36,32,51
50,38,93,49,94,86,1,30,75,63
36,91,89,58,23,52,86,3,99,81
64,35,96,80,73,16,48,31,51,80
81,53,69,25,1,14,10,2,43,36
16,31,26,4,88,49,7,25,3,5
57,66,92,52,45,16,67,45,46,70
24,78,22,44,2,74,57,12,27,99
47,42,81,73,97,20,73,3,97,27
60,53,93,51,57,89,66,75,33,64
44,8,41,17,51,95,43,7,6,21
58,4,63,90,28,11,10,52,14,6
79,25,10,23,75,66,63,92,41,96
55,36,55,48,5,58,42,99,16,99
19,73,54,33,15,82,44,24,33,9
81,11,33,90,85,59,8,48,2,100
95,57,87,49,56,91,6,49,41,74
47,60,98,100,92,12,33,87,87,66
95,67,28,27,9,13,85,68,12,87
67,6,95,53,54,2,96,12,50,36
85,96,47,82,47,39,46,80,77,32
97,72,51,76,50,59,88,87,78,51
25,44,56,71,48,62,72,43,25,21
31,61,68,77,94,66,67,39,97,44
71,93,67,21,69,16,31,8,2,8
59,26,3,14,96,50,27,19,45,51
39,27,11,58,3,5,76,22,95,72
65,65,65,83,37,85,98,19,92,100
78,2,77,32,16,25,82,94,43,78
45,34,4,55,91,58,11,18,79,6
90,95,22,6,77,11,90,27,81,81
26,59,35,54,90,50,78,23,43,21
52,39,54,7,46,96,65,8,66,95
65,55,42,87,60,18,49,1,44,81
33,21,91,67,27,81,68,4,55,63
76,59,1,81,65,46,29,81,54,94
28,70,100,69,8,11,38,56,11,34
37,43,6,27,10,32,59,29,88,66
91,63,24,92,96,40,89,24,73,94
69,100,64,68,20,71,78,57,79,88
90,67,82,96,45,43,79,56,72,66
21,62,81,96,5,76,87,94,99,59
39,67,10,54,86,29,25,63,86,55
50,27,21,83,74,17,26,53,72,97
18,44,58,98,91,15,73,78,8,23
88,98,41,98,52,26,26,28,40,63
82,41,90,54,24,63,70,49,15,42
97,33,85,6,82,76,20,7,5,79
29,92,77,22,89,80,99,15,7,39
77,40,79,18,93,54,81,62,2,47
55,50,31,40,56,13,67,75,19,71
6,99,14,34,20,3,13,19,69,71
9,97,10,39,15,2,93,47,15,46
93,70,96,24,61,51,88,27,77,6
49,34,4,62,67,76,16,79,94,84
1,54,33,10,92,47,63,36,45,78
82,89,99,77,12,59,79,99,37,7
56,37,41,60,98,59,35,66,90,80
49,90,85,81,52,76,79,14,12,75
43,45,64,41,73,27,51,51,78,87
9,33,23,1,44,73,60,30,38,49
61,86,90,45,19,41,73,49,55,36
76,49,80,39,90,52,17,40,54,94
79,14,79,1,15,74,73,26,4,10
26,64,48,15,61,18,8,33,18,14
68,93,62,99,83,51,2,100,43,7
45,21,20,75,73,86,49,46,63,4
7,40,19,6,55,79,75,14,63,93
27,82,37,88,80,72,91,33,23,33
39,67,5,11,94,77,48,42,74,11
97,33,50,15,38,56,46,65,69,8
9,47,90,45,35,21,68,77,54,90
61,44,57,65,54,2,93,2,95,67
12,91,99,13,5,88,69,50,52,89
10,12,36,99,57,22,19,76,98,24
66,58,68,74,74,21,75,66,22,69
84,85,59,82,50,15,22,18,17,25
58,26,37,93,76,45,14,94,20,63
18,85,20,37,58,93,57,32,11,31
100,94,67,10,28,16,25,49,85,93
73,43,18,9,35,93,53,1,38,25
63,7,9,35,43,67,79,52,50,89
34,2,35,100,11,62,68,87,62,52
79,34,94,48,95,81,92,99,33,30
23,95,88,84,81,83,2,60,34,51
48,67,52,82,18,15,95,85,1,56
37,32,42,82,31,88,14,23,86,46
4,61,93,91,96,73,25,97,32,10
47,32,76,51,65,46,17,60,82,69
67,18,100,8,52,31,47,65,5,85
63,8,45,55,50,40,27,75,36,59
84,34,42,12,36,6,9,52,65,90
73,84,60,24,43,63,6,90,79,10
74,41,17,18,95,19,9,74,45,96
84,80,81,25,43,69,30,51,72,47
93,44,30,52,68,72,14,73,61,92
83,86,33,51,55,79,21,63,4,65
10,87,97,91,11,39,11,93,90,82
91,82,26,20,85,45,43,50,17,56
41,51,41,25,54,48,56,26,10,59
43,72,98,39,14,8,77,24,52,18
5,42,51,82,13,35,26,8,84,95
15,77,97,7,1,2,54,8,28,16
67,70,87,64,8,100,23,84,23,27
54,79,68,4,61,33,39,86,92,74
32,6,50,29,12,3,30,66,10,9
81,28,78,67,91,37,18,66,73,40
92,26,18,11,29,30,43,19,16,34
93,99,91,94,27,3,96,9,20,58
69,52,85,99,70,76,35,87,93,59
78,84,84,47,94,65,77,89,83,44
74,27,42,65,73,21,19,68,81,38
77,49,41,62,47,10,89,34,48,81
92,25,64,28,23,9,92,99,49,26
42,23,5,84,39,77,56,57,96,36
46,73,36,38,34,83,47,22,68,46
54,11,22,69,38,44,77,29,43,78
7,36,100,11,19,90,39,26,98,86
61,43,58,49,32,43,83,78,16,50
75,69,60,96,37,98,39,66,78,81
43,36,17,94,98,87,83,36,65,32
22,25,74,31,25,5,74,7,34,41
56,8,10,16,55,98,65,93,63,94
74,57,30,42,2,27,80,84,15,44
15,88,21,40,70,45,96,95,52,81
36,59,40,97,74,94,94,90,87,9
84,12,65,65,5,67,43,84,2,9
80,69,96,100,60,18,44,8,12,47
40,47,6,80,43,31,25,89,21,63
97,56,74,13,72,30,31,14,14,85
23,45,5,70,44,64,87,39,23,51
86,63,97,43,94,92,73,18,80,45
81,28,52,6,40,23,36,23,89,1
7,63,97,11,84,40,26,71,30,1
21,67,63,69,9,8,60,34,77,91
78,9,18,82,15,58,4,2,80,44
54,38,6,50,48,90,41,25,12,70
25,84,37,39,52,45,46,64,78,23
54,8,83,72,89,49,81,44,50,12
88,55,49,45,56,48,86,96,72,97
18,97,80,54,35,84,50,81,99,80
55,52,39,37,75,27,86,7,22,87
18,61,94,18,6,49,65,91,97,37
40,14,85,71,19,19,54,20,51,4
51,57,56,89,46,82,67,31,41,89
69,10,1,62,28,6,63,92,49,11
80,88,76,64,58,94,83,64,65,85
67,16,42,74,4,87,8,71,69,48
11,89,57,11,3,84,69,65,28,17
27,7,4,2,23,13,47,5,76,11
41,95,26,82,68,82,20,75,4,88
74,14,77,31,76,79,66,44,95,93
60,21,52,15,74,74,80,20,30,7
30,70,1,8,4,21,89,23,47,92
63,21,57,91,3,32,69,68,76,15
13,87,87,16,54,60,41,33,79,70
91,60,91,92,67,46,12,7,69,58
50,83,30,6,73,32,38,93,52,65
7,64,3,93,31,8,52,71,92,82
92,83,41,82,74,8,28,37,66,48
46,16,30,76,73,54,59,62,46,10
26,52,25,81,44,55,88,47,77,80
28,68,14,68,50,87,27,29,75,45
28,20,60,9,47,32,62,6,94,7
67,71,58,92,3,53,98,43,51,75
22,78,42,87,97,43,73,76,23,99
20,50,18,31,58,17,14,19,22,59
25,88,82,34,31,84,86,29,26,36
55,99,65,96,85,14,91,9,89,13
7,60,63,77,90,72,93,3,43,14
62,67,53,43,53,84,78,90,64,4
78,18,54,42,65,39,55,55,99,95
68,58,54,82,34,43,5,26,98,47
91,11,66,95,5,18,30,82,7,93
37,84,10,91,78,75,81,84,81,31
79,100,88,32,33,21,27,38,98,76
36,40,86,1,87,90,70,16,23,77
9,60,12,70,2,41,96,34,25,29
64,55,28,4,38,61,76,16,50,74
91,85,65,76,86,51,65,7,67,40
83,27,99,47,48,52,39,96,85,63
24,100,69,51,3,7,63,79,22,12
4,65,97,20,40,34,71,57,40,89
96,75,67,46,73,14,97,11,61,33
26,84,32,94,35,87,52,49,17,26
61,20,90,9,91,29,42,61,37,33
1,32,59,67,77,31,33,73,42,93
57,67,77,89,12,63,27,64,11,43
41,23,14,30,31,4,10,24,17,47
9,17,78,67,36,7,98,20,31,91
12,88,9,40,28,20,54,54,35,17
48,75,39,61,56,22,16,66,97,32
64,5,49,41,72,36,99,21,55,30
63,66,69,71,58,96,42,63,1,29
79,48,55,70,8,11,43,23,28,39
7,91,96,7,83,19,42,82,39,96
63,1,13,31,23,22,78,64,85,78
44,15,25,99,36,84,61,78,58,88
69,64,30,64,70,12,82,11,45,72
58,59,24,71,41,46,44,18,61,28
47,57,95,23,55,30,6,15,60,16
54,28,31,83,43,1,46,76,63,91
47,73,1,22,95,42,19,38,11,31
66,10,87,12,32,41,41,90,7,100
5,60,79,35,42,21,87,88,96,2
30,94,74,82,15,68,75,85,5,86
16,22,47,2,33,78,43,26,19,49
25,75,61,56,62,2,76,48,41,24
1,70,69,26,4,36,93,78,20,50
15,35,23,61,89,8,91,83,85,9
83,9,84,43,16,45,45,44,44,37
67,97,59,87,22,62,74,67,39,46
68,54,80,42,14,20,49,4,2,33
13,85,94,48,27,9,44,23,52,39
60,70,35,18,9,57,79,82,75,17
27,42,22,59,83,36,78,84,91,32
68,3,16,61,2,42,22,45,65,25
84,76,47,70,93,7,78,23,40,52
91,67,93,13,77,28,48,6,11,38
37,78,93,52,91,46,46,64,43,62
88,78,37,86,47,81,92,25,55,32
76,45,50,21,9,78,48,8,35,10
46,72,39,90,75,29,87,72,92,29
33,32,6,21,69,5,53,61,29,59
44,56,4,45,28,12,22,27,20,56
36,17,79,75,58,6,55,44,77,99
25,62,82,30,82,50,86,87,62,14
45,57,22,100,1,1,64,74,28,35
30,15,51,60,41,60,65,96,55,42
46,79,3,27,61,36,28,46,22,90
12,19,46,85,18,99,85,81,72,12
15,1,79,17,13,19,28,77,14,83
18,59,61,72,37,73,8,65,19,81
6,82,99,51,66,69,49,50,1,73
14,68,25,92,84,37,10,64,14,76
46,31,86,58,3,23,31,62,39,1
42,44,34,93,46,99,13,47,100,13
19,65,80,43,56,16,80,18,79,45
45,24,75,30,33,29,4,15,42,42
15,36,37,48,28,83,98,40,29,98
4,99,62,84,41,70,99,72,39,77
16,83,52,43,12,84,23,68,99,65
61,65,52,98,65,79,32,62,70,12
11,73,62,25,8,54,46,6,26,84
34,93,66,85,87,29,21,10,48,19
26,9,83,77,58,47,7,41,61,28
52,71,100,65,95,8,18,40,65,43
75,99,88,40,35,74,21,55,35,68
25,12,28,8,40,37,6,46,77,18
73,80,89,25,44,35,84,62,27,48
56,53,98,95,45,33,21,65,39,55
84,64,19,64,23,58,100,80,56,29
98,28,8,38,4,4,24,87,17,50
87,24,3,36,19,47,68,39,63,59
45,98,22,63,61,96,21,13,75,28
41,72,55,100,9,11,3,85,97,71
34,35,95,88,71,65,86,90,3,100
48,99,98,21,62,10,16,34,22,91
61,62,14,67,62,75,77,16,59,26
87,44,12,33,84,82,97,69,24,99
69,71,49,18,44,10,27,59,95,49
1,7,62,15,26,23,41,54,91,99
79,77,42,91,61,25,24,57,46,47
7,66,70,55,83,13,17,61,23,63
61,24,70,23,90,47,45,30,100,35
28,79,63,21,21,23,98,96,79,95
95,37,60,64,92,94,28,8,6,50
22,67,73,91,89,62,37,33,43,37
20,70,67,34,43,39,9,92,86,39
86,80,76,45,95,19,90,22,26,95
72,99,61,96,90,49,10,78,34,52
66,5,74,84,90,16,74,98,7,60
37,92,91,64,88,86,82,29,7,59
23,78,57,84,26,98,84,35,76,69
86,93,73,59,29,15,26,2,12,32
13,100,75,4,63,14,89,96,42,95
54,65,25,11,100,50,8,35,36,35
4,21,80,28,80,8,42,5,61,6
89,74,5,15,77,20,29,17,15,22
11,69,38,87,31,37,88,90,24,23
77,27,96,56,6,27,15,48,83,75
53,71,48,9,38,76,28,18,92,43
39,55,63,77,41,93,65,81,34,88
55,10,66,50,65,72,76,79,71,59
6,75,81,53,83,18,29,63,35,72
57,26,26,19,2,19,63,66,99,96
6,53,6,71,55,70,42,30,1,12
40,6,38,21,10,73,90,90,35,25
62,91,50,87,9,3,5,23,20,3
18,25,8,23,96,14,45,37,43,97
1,35,2,90,55,63,62,96,53,96
20,14,38,21,100,46,75,5,68,95
59,38,19,18,60,14,31,56,3,26
52,55,60,53,44,66,16,58,61,20
53,33,33,91,5,32,88,80,88,8
74,99,45,44,16,56,58,99,12,12
76,63,18,87,68,13,52,35,70,64
54,75,48,86,17,53,69,4,84,57
63,9,7,59,52,22,15,61,72,26
72,47,40,41,33,7,54,36,93,23
100,46,97,99,83,13,51,4,69,34
60,83,94,18,42,46,39,56,6,63
33,30,9,24,70,94,83,75,81,75
98,32,73,46,31,55,11,81,58,31
67,69,13,60,86,54,57,77,61,63
39,45,44,99,69,65,44,51,40,25
25,89,56,49,86,86,4,96,19,13
78,37,34,43,48,19,48,5,47,9
19,37,5,62,88,73,26,31,75,65
7,52,53,63,100,39,100,55,86,70
68,16,6,1,58,6,71,5,10,70
65,28,6,70,41,45,94,66,76,69
83,34,20,87,48,71,77,48,26,15
69,93,30,75,45,87,32,67,43,41
36,8,20,94,29,60,38,22,77,65
42,59,99,61,98,46,32,74,45,57
88,66,1,69,92,45,7,23,63,50
63,99,9,82,92,37,93,29,10,69
94,52,80,44,64,77,89,47,50,86
3,90,51,55,58,42,51,65,64,14
66,78,12,26,59,55,62,3,83,23
71,28,74,50,71,38,26,12,36,28
49,91,17,99,45,26,92,96,42,7
61,59,84,24,84,94,78,97,96,12
20,66,92,45,68,14,34,93,25,70
20,25,60,88,75,4,66,66,51,7
24,63,66,7,86,1,52,15,98,47
79,17,65,70,13,32,83,47,76,60
16,48,84,75,35,59,30,100,76,33
59,100,95,76,58,33,76,10,47,73
56,25,41,72,46,54,3,29,100,79
40,67,26,23,93,12,33,22,64,61
54,22,60,1,49,69,33,24,78,31
49,86,56,89,57,1,94,12,81,45
42,20,11,67,95,3,30,27,77,93
39,30,66,50,82,14,19,66,38,96
97,86,33,52,26,42,4,20,53,85
64,94,56,75,12,50,29,41,29,5
34,67,87,99,17,68,13,87,34,2
34,30,39,67,33,64,60,36,83,12
72,47,57,28,73,68,29,1,60,57
58,45,76,44,44,44,63,8,30,48
61,63,29,99,81,61,62,40,49,45
51,20,43,59,99,67,78,28,19,38
36,76,82,11,19,77,54,34,36,35
81,96,98,10,94,78,22,8,18,70
4,20,42,46,79,92,64,8,19,82
45,7,58,79,17,28,55,23,61,43
57,94,38,6,55,84,84,76,91,53
46,46,24,39,91,54,30,6,62,1
87,6,7,96,84,75,24,91,97,36
33,6,81,22,11,35,5,46,11,47
50,8,92,74,98,34,27,27,39,88
79,78,46,85,73,29,60,96,71,8
84,3,65,64,77,28,99,81,73,61
80,23,20,23,48,17,57,74,95,47
14,74,24,59,10,97,39,21,44,10
81,79,64,45,43,40,72,93,73,97
5,4,71,24,26,18,92,82,43,86
81,56,11,56,66,21,52,5,41,48
66,21,26,81,18,20,21,89,12,45
85,68,48,55,91,73,24,34,7,67
20,39,74,30,94,40,2,98,44,43
45,61,15,22,41,32,42,13,73,5
57,57,73,56,64,15,81,39,49,39
5,20,77,31,49,22,70,51,19,65
45,15,25,11,37,17,43,78,30,67
34,38,23,6,94,38,21,26,77,21
64,33,40,92,63,40,13,84,42,84
48,38,98,24,49,86,41,43,63,70
9,97,59,83,54,4,21,26,29,49
46,44,81,37,35,44,29,100,27,70
35,27,8,32,50,8,18,42,50,32
63,10,80,22,92,34,25,64,59,6
12,57,49,93,45,36,88,73,87,66
43,21,44,2,52,46,9,21,87,10
53,2,19,84,23,10,17,99,74,28
4,37,36,5,29,80,92,68,53,78
86,47,98,29,48,1,26,8,22,13
69,26,66,87,9,88,48,78,38,73
5,94,10,40,50,90,71,41,58,23
18,95,21,67,75,20,67,1,27,40
65,47,65,30,33,26,69,81,3,58
53,59,51,14,50,52,4,20,92,13
95,61,7,15,27,81,35,94,33,13
33,97,60,50,78,44,27,46,76,29
4,81,39,6,94,88,58,97,7,1
9,1,62,67,68,88,48,2,33,32
14,18,81,25,67,58,69,45,56,44
73,11,24,63,16,18,50,25,66,8
26,75,61,39,41,28,26,40,29,59
24,94,76,4,71,94,61,39,38,16
34,62,26,10,24,94,79,25,70,44
32,47,70,92,85,63,19,11,54,47
21,77,93,96,80,63,41,41,53,78
8,86,91,86,47,14,79,25,38,100
69,69,47,90,13,31,52,31,93,58
30,13,34,22,60,66,36,100,6,40
29,65,25,19,50,72,84,80,48,21
80,68,42,78,58,54,8,61,36,1
18,65,65,4,38,25,69,25,76,26
64,5,90,41,75,40,64,59,71,11
31,50,79,24,27,88,29,87,48,65
39,18,81,3,21,71,79,41,95,7
66,11,63,55,51,37,46,66,47,17
76,30,18,6,5,97,93,34,83,93
50,73,62,82,27,82,52,6,74,99
64,39,9,26,93,11,14,91,28,61
59,3,42,76,61,46,72,5,31,6
49,80,78,10,62,5,43,65,62,16
63,25,54,23,50,99,85,63,41,12
75,99,67,68,74,79,14,98,83,44
3,84,76,33,93,89,37,88,53,50
3,68,74,9,42,75,59,27,89,99
90,16,49,56,83,22,86,96,19,69
92,74,4,67,6,48,55,94,35,59
43,90,78,68,50,20,94,8,98,34
58,87,49,6,95,84,79,80,31,50
100,22,23,55,40,80,3,46,25,37
57,19,78,34,86,27,53,31,34,2
64,43,41,65,48,35,48,79,66,78
28,18,52,2,72,43,81,26,89,5
63,45,75,92,30,60,19,83,42,4
36,5,47,76,21,46,62,20,24,80
98,3,49,1,4,72,43,36,98,83
92,12,79,66,3,9,25,21,43,18
77,78,75,23,6,95,20,67,15,96
98,64,98,46,16,54,18,10,89,15
93,81,78,23,46,80,83,23,53,77
40,29,7,14,3,12,61,22,30,27
69,28,90,19,73,57,72,90,66,60
56,10,40,33,33,86,65,67,60,17
44,99,45,50,65,99,61,25,72,42
51,41,69,92,59,42,48,30,83,13
89,91,23,81,23,7,18,39,73,77
55,68,75,51,17,39,49,29,15,21
71,17,61,39,8,71,32,55,52,67
20,40,57,94,72,31,52,89,70,24
65,76,44,92,27,60,82,75,89,97
47,11,13,59,1,73,29,33,79,32
99,98,24,7,43,95,89,94,84,58
70,100,34,13,91,12,72,73,38,12
21,85,74,33,43,75,57,24,7,36
55,57,85,78,15,28,25,3,73,8
13,42,59,98,54,50,9,78,74,46
41,94,82,67,78,77,41,35,52,99
70,58,7,6,36,21,85,12,75,58
71,87,51,29,84,57,78,44,86,51
90,78,96,23,44,74,99,84,8,50
34,29,8,40,34,95,12,71,6,87
28,76,73,30,56,9,86,86,52,71
88,93,49,84,16,44,57,66,80,64
16,13,44,75,53,29,21,16,99,26
2,78,53,27,8,60,35,45,45,86
16,85,31,16,68,98,11,76,63,90
39,30,3,34,4,7,62,24,74,61
1,76,90,5,2,97,17,36,42,13
73,9,97,55,76,64,52,38,39,15
28,29,44,82,62,100,40,76,75,13
88,28,40,77,84,41,26,52,28,19
65,53,79,61,7,6,77,11,43,15
25,22,96,20,3,9,71,94,84,98
59,23,77,98,100,60,91,25,12,18
43,28,22,73,88,81,78,64,91,20
31,67,42,26,38,96,34,9,42,70
6,100,92,34,49,43,93,39,67,56
9,61,83,82,33,23,62,62,86,52
82,16,18,75,93,8,22,27,16,15
48,73,66,91,6,15,34,50,5,52
58,65,65,92,47,49,14,8,11,100
12,44,67,81,70,60,88,91,38,3
58,85,27,23,27,84,37,60,86,94
64,43,58,28,34,4,76,48,12,38
99,75,81,65,55,50,24,43,93,61
97,50,97,76,24,76,59,13,35,44
6,50,38,63,77,72,19,5,71,82
42,21,56,75,85,10,24,61,52,68
73,1,69,22,76,93,97,34,57,83
30,62,33,67,76,61,90,94,65,12
75,7,32,82,81,69,92,56,81,95
76,5,95,96,26,22,40,74,8,96
57,37,57,41,55,85,1,97,30,66
8,57,24,92,38,56,12,81,63,92
76,38,96,22,86,74,44,25,47,51
21,55,39,29,95,93,13,96,89,95
13,49,51,36,92,88,43,3,69,5
46,96,95,41,17,80,66,12,56,65
62,76,19,52,57,14,45,21,9,85
15,73,85,65,8,76,5,2,78,25
6,23,20,52,16,88,83,81,100,39
45,13,66,16,65,22,29,61,95,89
45,9,61,30,26,20,57,30,21,35
6,78,57,25,30,24,12,12,5,63
2,1,76,68,16,92,41,96,52,35
84,48,96,96,29,21,15,86,2,35
20,7,65,28,83,94,52,94,57,8
9,11,60,84,30,28,27,70,23,78
57,59,77,52,54,6,24,21,91,25
7,62,83,71,89,65,16,92,10,25
51,18,35,63,53,64,90,79,85,64
8,41,74,85,44,80,90,67,100,80
43,58,93,25,29,33,89,96,25,99
20,27,68,54,89,21,69,78,99,54
94,7,94,67,91,90,46,80,56,45
11,99,55,55,23,83,87,64,30,11
14,50,90,81,55,78,1,24,8,100
77,1,58,22,67,48,11,65,79,19
9,41,17,15,47,91,97,33,54,79
96,67,28,85,48,82,62,100,5,69
99,33,21,8,7,40,7,69,4,37
87,64,29,3,79,75,46,27,8,99
5,3,18,32,87,17,66,100,16,22
69,67,7,41,26,13,80,33,81,83
69,68,47,98,22,77,72,67,3,79
18,8,33,87,91,19,55,56,19,70
30,39,88,36,79,14,48,11,46,80
93,66,99,91,63,21,67,87,39,70
17,8,29,50,94,19,20,48,27,90
70,56,80,9,91,11,22,90,21,19
69,65,85,68,8,99,40,26,37,78
47,54,86,75,55,31,94,26,31,20
16,52,27,47,60,17,57,34,6,29
52,26,94,88,93,1,87,32,78,23
62,25,28,99,99,82,29,44,60,11
15,27,14,41,73,74,57,30,59,14
58,10,40,3,98,32,55,36,16,33
10,77,57,38,75,55,71,55,99,82
18,13,8,31,6,81,56,62,62,14
28,19,24,19,74,73,50,28,60,17
60,69,93,16,58,19,23,81,26,73
62,43,85,70,73,90,50,29,4,11
94,83,81,69,1,54,41,2,82,52
19,93,73,63,61,30,34,83,10,59
55,24,1,91,93,25,33,94,5,36
56,99,70,36,67,70,42,60,23,75
63,41,67,35,56,27,65,89,9,26
99,15,49,99,6,41,75,38,34,80
25,89,30,94,77,96,15,18,7,37
92,70,30,10,4,85,37,20,25,97
46,23,12,94,73,17,87,47,6,72
78,30,13,7,75,41,55,89,58,61
77,1,82,6,62,38,90,98,57,66
47,54,88,10,48,60,78,86,59,83
57,36,64,21,43,38,61,97,26,70
9,2,22,43,60,84,80,49,33,36
67,79,42,54,40,89,66,17,26,24
99,34,11,62,55,53,51,67,1,76
37,62,30,58,4,41,41,83,41,26
70,7,4,11,61,96,51,78,12,28
53,63,62,63,24,68,68,75,34,68
2,70,29,83,80,32,23,72,66,16
97,36,22,1,98,34,48,49,11,59
76,63,21,89,78,97,56,45,23,90
64,76,11,93,11,90,76,85,62,94
100,10,29,22,62,78,55,9,78,66
68,6,80,88,94,57,36,2,53,58
43,17,34,53,61,44,95,88,80,8
81,80,17,61,1,79,39,55,87,16
72,6,73,4,46,67,12,81,20,65
91,62,33,24,14,93,19,60,80,98
19,61,29,88,21,29,66,11,36,4
79,59,62,51,62,7,17,26,39,36
42,29,49,74,4,15,18,74,74,49
72,45,61,52,32,34,81,49,44,68
4,22,26,65,73,40,71,41,17,10
29,58,38,77,83,94,43,100,67,69
100,90,13,61,42,44,94,74,92,89
41,95,11,18,12,35,9,82,27,25
43,7,34,33,36,16,26,78,67,92
46,67,82,58,79,23,53,72,48,96
60,88,91,22,57,2,8,66,35,35
42,30,41,28,62,76,95,87,6,14
30,51,32,63,61,10,37,13,81,84
9,92,23,51,66,80,4,73,97,38
7,90,19,100,17,80,27,64,18,32
77,100,35,8,62,95,69,99,7,1
82,67,92,57,17,9,36,20,82,32
10,40,73,28,91,42,60,18,5,29
1,33,28,87,92,90,81,60,40,40
60,73,6,3,29,75,12,64,46,45
47,7,84,72,87,75,13,46,44,69
26,96,1,54,83,44,43,15,3,34
54,14,6,12,68,35,38,79,50,83
23,49,42,59,20,28,85,32,25,80
100,50,75,52,3,9,95,97,24,49
82,77,62,88,40,81,74,77,60,23
12,34,71,53,44,42,80,80,73,56
59,24,57,86,75,60,94,21,8,69
69,90,98,82,29,37,63,2,66,74
24,77,59,47,81,55,88,12,34,13
67,45,36,23,30,63,34,75,35,94
96,56,35,93,89,63,81,3,64,46
28,39,74,87,37,54,93,77,65,26
89,31,70,76,6,51,90,91,78,77
84,73,32,18,65,20,32,45,23,47
43,50,38,16,88,74,70,80,2,34
58,42,17,27,70,22,30,59,12,7
87,48,79,18,17,95,90,49,91,64
47,33,13,84,49,53,10,18,84,11
3,41,5,19,20,74,92,49,84,56
7,71,3,37,88,19,31,77,19,21
40,66,6,5,49,54,9,58,23,92
21,25,33,25,96,4,98,87,4,33
42,10,3,96,98,91,15,80,19,33
52,11,98,57,67,99,10,75,8,84
18,28,9,50,4,56,5,53,42,8
86,36,69,88,31,66,30,97,45,1
30,97,11,79,5,29,77,15,3,85
50,20,64,58,22,20,13,78,24,7
86,61,94,6,1,24,72,30,21,68
82,2,16,44,80,21,72,9,87,26
45,36,46,60,46,19,79,10,96,55
16,33,15,61,39,15,85,62,97,57
29,78,58,97,22,89,69,93,49,55
19,93,42,16,53,87,86,83,49,81
37,16,66,4,77,4,18,61,17,14
69,45,92,78,93,65,66,61,9,67
15,27,59,9,94,63,47,79,98,95
12,86,11,77,89,87,32,7,99,48
20,67,44,63,96,37,79,61,49,88
27,16,14,38,24,60,52,70,90,49
65,1,35,27,29,23,13,12,29,63
11,1,81,7,15,76,43,94,88,43
81,67,58,46,4,81,5,55,3,47
56,19,47,90,45,28,64,9,91,93
71,2,45,51,8,59,78,2,4,65
44,84,31,2,82,86,34,86,93,36
32,48,54,31,89,50,10,52,58,100
96,80,53,40,82,60,51,59,13,54
24,9,90,6,10,71,92,95,8,84
31,92,83,36,74,71,86,83,22,95
34,70,75,87,9,56,98,11,67,11
17,90,71,6,47,32,28,38,26,35
73,8,26,55,96,99,77,81,33,99
27,67,68,1,5,28,9,2,91,27
64,7,68,34,64,14,65,91,52,43
77,76,50,3,31,45,53,7,77,38
57,56,56,76,8,60,56,16,61,98
94,77,4,61,10,19,75,27,9,78
69,85,53,70,39,35,67,44,94,43
33,2,98,88,30,6,47,85,73,59
82,67,35,37,27,45,55,53,23,15
30,43,51,35,12,42,69,78,85,14
73,17,16,22,4,45,27,2,81,52
60,14,70,95,2,48,91,8,1,13
22,30,55,72,16,18,13,85,96,49
98,20,17,65,41,72,9,20,73,41
71,33,6,92,79,7,39,69,14,39
33,35,21,39,59,36,56,23,72,3
72,70,22,88,34,15,12,95,34,84
87,4,68,93,95,46,99,85,14,13
24,46,99,44,36,9,31,92,32,3
46,55,24,20,94,9,34,5,55,67
89,42,22,8,34,68,54,84,52,19
48,75,17,47,70,52,7,53,95,38
55,41,44,30,12,38,38,45,42,93
63,82,34,84,90,19,51,95,2,54
13,50,29,29,48,50,33,54,2,27
44,8,19,39,37,30,76,75,26,70
19,88,51,4,23,92,22,25,38,75
79,51,24,59,31,23,8,63,29,62
90,24,69,60,62,6,90,38,32,67
59,50,7,9,5,29,53,26,54,42
100,32,92,76,42,23,50,49,37,78
10,78,53,31,38,15,88,79,4,19
45,62,20,51,22,24,32,26,1,85
68,52,68,11,79,9,85,29,9,22
58,71,99,11,1,36,77,88,66,80
58,11,93,29,13,14,52,44,92,4
28,59,7,47,69,86,7,6,14,16
27,71,38,77,33,38,65,9,77,30
40,34,40,32,62,5,98,65,48,41
68,28,99,74,26,19,11,33,76,24
100,2,47,37,31,31,26,95,40,2
24,31,35,16,15,48,20,12,12,67
52,31,46,2,56,72,72,67,4,48
90,55,1,88,43,31,19,68,25,10
21,1,40,55,68,54,54,87,17,65
5,20,95,51,73,50,22,97,68,77
96,10,83,96,97,25,79,67,44,55
28,64,7,68,70,74,73,23,60,42
87,17,61,33,67,86,34,40,82,2
68,77,63,2,24,59,78,2,78,21
9,5,36,15,24,5,89,49,27,100
90,65,16,2,49,34,87,34,25,68
87,44,96,49,45,20,60,22,73,37
42,33,41,77,48,17,33,88,65,11
87,54,27,55,55,75,40,94,9,65
61,95,8,57,44,5,28,3,26,52
91,20,85,83,48,84,99,81,71,15
43,9,68,70,15,75,44,55,68,4
19,80,51,78,88,46,34,15,48,60
19,90,31,3,72,30,38,23,62,60
37,5,68,57,74,35,31,69,89,50
73,59,29,75,88,17,20,22,83,19
33,53,8,63,7,31,92,44,53,54
3,42,10,23,98,83,57,80,3,97
29,75,55,9,49,94,77,20,15,12
38,47,64,45,61,71,76,5,66,28
58,69,21,19,91,18,1,99,97,3
95,77,30,1,38,30,46,14,50,61
77,87,59,41,84,72,63,59,76,28
38,85,48,59,3,90,28,55,88,77
9,34,53,38,86,42,20,32,56,21
44,32,59,54,24,42,25,38,52,52
66,90,36,13,100,38,3,27,44,42
55,53,28,8,42,13,49,61,96,56
33,91,40,92,45,63,85,21,1,37
73,18,78,8,82,77,98,36,55,41
78,10,93,5,69,35,69,69,47,17
25,32,7,16,75,51,30,59,72,82
95,44,99,24,3,81,100,100,16,7
93,45,68,37,1,36,23,22,4,70
38,80,53,44,47,27,47,77,85,70
58,32,65,9,55,67,41,7,19,56
65,63,53,32,99,5,19,22,26,74
43,63,54,95,59,52,21,57,28,57
26,38,40,90,46,47,8,86,5,78
93,69,40,45,52,39,50,70,60,27
43,2,90,48,48,100,100,20,56,79
76,81,16,68,22,61,14,81,46,18
59,91,86,50,87,37,88,36,58,99
15,100,52,56,48,99,55,47,18,10
25,46,42,93,13,15,53,26,95,51
43,5,93,80,55,79,68,42,67,25
41,81,76,44,36,23,43,90,21,12
51,98,57,92,90,69,6,94,46,52
96,88,57,88,19,11,67,38,52,33
14,44,65,90,40,100,64,82,41,37
93,91,86,2,34,27,70,91,20,16
42,68,55,98,7,26,60,73,15,12
57,29,7,21,70,46,72,33,79,12
21,24,2,6,25,87,32,46,77,4
61,19,71,68,68,77,93,28,2,7
91,10,87,49,83,56,47,54,41,77
66,13,100,19,19,24,6,50,70,34
5,82,4,27,49,72,56,93,51,57
52,41,66,90,41,100,98,87,54,90
64,71,2,15,89,20,91,46,22,12
80,78,93,83,5,94,6,60,38,56
68,41,48,85,31,41,85,28,79,38
69,94,8,70,9,48,42,99,94,15
10,25,92,54,59,96,99,65,55,37
72,22,77,72,59,59,12,43,38,90
80,6,84,87,76,44,86,69,42,79
83,3,55,74,8,14,22,7,30,28
43,1,50,71,72,60,30,83,2,67
25,81,25,60,19,52,3,4,20,96
35,2,98,89,27,5,2,48,63,83
76,5,84,77,76,7,36,57,42,37
23,66,69,47,25,87,98,27,42,69
74,76,22,71,17,49,27,70,48,90
53,23,46,36,51,21,94,86,77,35
74,52,100,42,50,76,80,100,54,22
68,27,49,90,49,65,90,28,87,37
17,39,60,14,26,62,35,19,100,63
54,73,66,5,67,16,33,46,67,38
19,34,65,20,75,65,84,64,92,22
1,8,60,12,74,37,25,8,56,24
22,61,97,40,17,63,7,1,60,73
39,31,58,3,50,33,19,85,48,11
7,100,70,18,63,43,55,88,2,62
11,24,74,7,15,42,21,21,43,33
45,81,63,2,35,12,86,53,96,86
63,54,85,33,72,48,27,78,35,29
39,45,4,64,4,18,5,24,90,47
8,34,79,70,87,65,33,73,18,81
58,32,86,94,16,57,41,43,34,75
23,24,72,26,87,75,43,92,50,32
90,58,17,69,79,3,85,64,27,54
96,36,86,81,30,53,38,22,47,23
97,69,47,20,94,85,94,88,76,43
71,18,52,87,38,83,42,22,46,68
76,41,56,13,21,85,65,10,6,64
33,54,32,31,73,78,15,18,65,43
13,36,60,64,22,97,98,63,18,95
83,45,87,38,57,8,74,22,69,31
85,53,85,68,83,9,45,98,27,10
40,39,45,51,54,18,47,52,33,16
98,15,61,85,52,17,92,25,90,12
7,26,65,91,94,47,52,90,96,78
99,87,68,95,37,21,65,35,24,97
51,22,11,63,6,14,79,49,90,21
12,96,46,76,39,91,75,90,81,70
19,31,9,86,26,97,58,90,32,34
86,34,7,48,96,64,13,26,12,2
46,75,97,44,51,87,34,25,76,66
46,94,97,6,79,74,3,89,63,86
22,100,19,28,99,14,91,11,91,54
12,37,28,60,80,30,47,65,6,74
31,4,68,79,9,98,52,63,38,66
48,59,17,18,38,67,31,80,77,74
85,40,10,65,51,41,94,49,57,52
23,39,55,42,17,15,39,20,78,29
37,25,39,53,43,77,19,25,8,47
50,45,86,59,9,89,51,54,37,8
5,59,98,59,100,67,74,91,86,3
19,23,79,9,27,73,85,98,50,45
44,99,89,82,10,49,22,60,2,58
19,7,69,17,17,20,83,42,10,20
44,80,94,75,89,21,47,25,70,96
21,65,95,61,98,4,9,19,15,11
77,34,69,45,2,37,64,84,31,26
3,26,57,97,100,97,69,47,74,38
42,94,2,36,7,52,91,15,70,6
25,98,39,45,42,40,82,58,75,64
35,29,89,43,77,89,92,45,35,65
34,76,10,88,64,16,39,6,31,8
11,7,6,1,4,99,92,37,8,18
100,94,47,88,37,23,76,28,20,10
44,53,38,53,40,53,21,30,58,3
90,21,9,47,21,64,45,65,100,5
82,99,98,28,87,86,51,62,13,22
24,56,74,13,61,66,65,33,47,22
35,36,42,95,82,15,59,79,79,58
83,60,9,32,88,47,18,90,8,82
11,83,90,36,95,50,53,59,34,100
33,68,35,26,14,69,40,72,47,18
82,81,78,42,12,17,88,29,6,47
11,68,30,100,55,76,1,8,87,34
7,19,53,93,44,66,61,84,90,7
53,23,87,30,64,51,98,51,79,55
97,41,22,78,92,29,54,44,36,40
77,94,10,81,86,53,47,47,88,88
5,41,10,44,22,73,94,20,23,24
74,71,17,48,49,8,28,54,52,63
45,80,56,54,61,41,58,59,39,46
46,96,38,55,39,11,27,84,30,1
7,56,71,75,55,71,83,82,76,86
96,20,17,51,25,77,43,83,87,34
80,32,29,69,38,19,79,16,2,61
16,60,68,39,35,22,61,69,55,37
54,2,8,22,52,33,51,46,15,37
31,46,21,59,14,58,77,92,74,30
52,41,90,19,79,24,92,92,92,98
28,97,99,87,18,2,19,20,100,85
57,30,30,29,41,43,86,17,87,11
99,38,52,88,9,82,11,52,73,54
50,52,2,48,39,71,50,9,91,49
94,99,30,23,27,70,18,64,39,4
75,37,93,78,24,1,59,86,5,84
91,54,87,92,53,77,14,54,86,4
54,31,54,84,53,80,53,70,44,91
73,70,79,18,47,2,70,57,39,74
92,29,27,31,72,32,59,86,85,44
41,39,26,95,22,79,74,26,100,69
17,25,90,47,42,88,1,11,45,39
85,88,20,63,18,91,46,29,28,31
24,69,69,50,15,42,28,40,67,27
61,35,51,50,82,44,38,82,55,34
72,91,21,91,5,91,34,51,19,13
33,42,33,53,91,47,94,70,87,60
97,47,47,99,48,28,95,85,61,1
18,32,43,91,75,47,81,60,49,99
24,33,92,57,85,35,3,78,4,41
90,52,39,36,51,87,15,45,71,75
97,41,58,39,31,84,37,11,43,38
61,67,70,4,75,55,38,29,84,42
70,73,93,8,60,95,46,74,91,69
48,87,9,58,25,39,41,62,1,36
99,13,54,20,16,28,74,54,56,10
47,77,34,91,85,94,86,82,19,76
50,67,15,58,76,91,48,16,52,100
51,2,12,56,22,80,83,47,85,91
8,31,67,42,21,3,87,58,85,5
86,34,23,100,44,98,42,43,66,94
43,68,47,6,24,20,85,6,19,21
96,26,51,63,19,24,65,5,33,1
10,18,35,84,69,30,82,11,72,47
56,66,66,54,24,89,74,8,95,92
29,42,69,31,56,88,6,73,92,91
73,53,8,59,37,29,88,70,91,12
68,46,29,33,51,52,22,24,12,68
67,92,61,88,74,17,75,32,89,18
22,13,71,81,72,59,9,11,28,99
22,47,96,3,79,99,54,52,22,17
19,41,8,80,28,34,48,54,65,36
71,86,100,93,66,71,51,27,82,30
25,55,76,73,9,7,71,63,58,44
31,77,36,91,8,15,24,55,68,88
42,91,25,41,83,90,12,86,68,45
67,45,51,43,17,60,49,39,74,6
34,4,34,22,94,41,36,69,95,56
56,36,46,32,29,80,74,40,17,41
36,84,85,86,78,53,45,78,91,18
35,77,74,69,98,67,61,33,36,56
40,43,43,85,27,23,17,100,14,85
40,49,68,25,35,97,77,31,74,20
1,9,96,74,29,93,92,89,77,79
96,17,74,91,53,100,13,21,99,27
6,90,75,25,14,61,22,43,44,95
14,44,55,9,69,35,53,60,24,81
91,19,49,64,61,2,63,74,22,13
100,79,2,26,4,68,87,25,62,30
71,75,25,78,35,93,12,39,4,87
19,94,6,20,9,18,21,23,91,94
35,90,73,89,16,28,8,54,52,21
35,74,95,11,51,81,55,15,19,58
1,89,4,58,8,64,76,80,87,66
74,73,8,98,13,75,77,20,28,80
40,14,53,86,24,56,66,78,70,36
87,70,25,42,80,84,58,55,64,44
72,89,16,79,38,29,5,14,100,32
93,92,97,97,77,72,52,95,1,73
30,40,95,6,33,74,42,90,28,57
33,51,45,1,30,34,81,34,99,32
18,43,23,66,39,100,38,43,94,38
15,75,77,61,81,10,34,22,99,13
78,84,64,74,36,45,59,16,30,9
47,99,51,70,65,41,21,2,35,66
91,2,40,20,62,72,81,96,45,31
8,74,14,23,99,1,67,9,16,49
17,15,47,19,36,11,60,8,64,94
73,7,47,64,26,9,36,58,4,32
88,63,6,54,38,4,54,56,13,22
4,81,88,51,100,75,13,59,82,77
4,6,35,51,69,60,11,56,69,14
88,56,28,45,61,65,100,15,73,64
88,76,45,75,26,44,1,39,54,82
67,9,39,1,11,59,12,21,15,80
86,54,87,66,50,48,82,49,14,54
13,1,30,9,27,7,4,27,45,9
60,63,17,98,63,80,56,26,52,22
57,38,27,44,55,76,91,36,77,4
90,41,56,71,49,82,77,4,60,74
12,19,88,80,68,3,59,75,28,11
49,85,100,75,80,54,3,70,89,79
25,30,71,80,52,71,13,81,74,72
54,37,42,41,16,9,43,75,35,23
37,83,59,36,58,38,41,12,59,81
42,83,11,12,14,14,82,78,94,7
1,99,43,42,40,58,2,34,84,36
8,20,19,66,7,28,55,47,91,13
28,32,47,90,43,60,3,76,89,97
34,89,95,76,82,86,85,35,72,69
71,31,40,41,97,99,20,3,45,10
16,24,93,62,13,35,74,68,62,62
16,47,3,10,74,84,48,58,19,71
78,41,1,70,33,49,68,52,52,12
13,67,36,5,80,100,91,53,67,4
67,82,50,69,44,23,4,43,80,74
13,10,14,65,79,98,66,46,49,17
9,13,35,96,17,14,96,7,19,14
10,85,96,11,5,91,33,8,85,65
34,49,26,99,13,4,97,78,1,97
46,61,10,80,57,26,94,52,85,64
17,46,48,64,57,4,54,41,63,38
57,96,86,82,95,51,37,91,28,89
87,74,50,48,5,6,74,50,9,10
13,25,55,12,89,63,15,94,56,78
84,12,73,21,94,19,71,82,61,51
71,100,76,20,47,80,77,72,30,85
81,94,61,88,6,1,50,72,95,5
1,30,69,26,50,62,44,21,95,57
71,65,56,46,84,2,77,60,74,58
96,6,4,9,93,61,9,43,32,55
99,33,84,67,58,34,80,53,6,75
9,76,39,64,73,75,18,1,86,91
59,34,96,14,42,41,74,50,83,5
5,33,89,40,52,46,73,31,51,30
5,59,57,96,75,29,22,92,82,7
34,92,40,81,5,81,21,78,83,55
82,39,88,23,78,39,68,3,21,70
32,78,29,89,73,3,69,46,46,50
52,79,41,44,59,97,24,32,74,58
86,8,96,25,30,74,15,49,76,36
19,7,65,47,47,89,1,16,34,46
65,85,76,58,28,34,54,4,17,28
13,3,87,9,79,16,82,46,64,9
33,82,67,97,80,14,85,32,29,18
77,45,54,52,2,34,38,56,37,54
35,1,8,21,9,39,88,42,84,51
2,16,85,69,12,16,34,96,48,62
65,76,58,18,80,60,51,17,67,39
22,53,40,82,25,100,20,12,42,3
14,43,18,50,63,81,66,96,28,65
9,92,92,67,9,71,78,12,39,44
50,13,48,89,94,72,89,13,83,82
67,48,76,36,98,39,16,15,34,43
79,95,34,70,61,94,93,38,5,31
33,7,43,80,47,36,51,35,100,85
68,18,84,44,53,81,82,68,47,67
62,77,61,47,47,73,41,91,10,97
21,94,3,16,73,50,3,75,36,55
11,56,72,95,99,25,75,32,44,22
98,6,98,11,52,96,83,44,86,45
93,59,38,47,26,11,48,28,85,36
82,48,91,6,42,89,30,16,20,73
89,69,30,39,79,34,86,62,77,24
58,21,82,95,68,59,5,67,86,42
2,20,89,92,25,30,32,6,97,51
30,38,72,60,76,50,93,61,63,21
36,20,94,69,15,13,27,71,79,65
64,81,36,4,24,60,85,56,17,34
6,46,71,77,5,98,79,49,10,93
22,46,13,15,14,79,27,41,1,5
5,65,37,92,68,61,51,53,68,19
86,25,64,8,54,21,5,32,21,66
24,42,11,88,56,77,18,34,17,19
91,73,35,27,64,54,39,66,58,6
36,95,31,99,2,84,71,58,67,44
24,42,85,86,82,93,62,51,26,78
69,68,2,55,95,17,9,85,34,66
91,69,61,73,20,14,8,90,72,26
85,95,19,70,80,100,14,42,51,91
71,71,59,25,78,5,93,86,89,27
3,31,95,15,55,14,29,14,56,52
39,92,46,58,61,77,9,26,70,11
69,93,34,27,69,11,83,61,48,23
87,2,54,34,17,60,99,97,74,6
48,64,98,93,73,10,21,34,36,43
44,56,87,29,82,55,39,16,15,38
38,54,40,91,87,56,3,37,52,76
43,99,91,40,43,64,1,15,97,88
57,92,43,95,21,76,49,11,91,16
49,29,69,88,71,7,95,73,43,46
100,85,96,91,76,90,6,77,4,54
64,13,97,59,7,17,34,8,80,25
23,28,5,91,15,75,97,9,100,91
6,51,76,53,93,3,42,98,31,97
3,95,61,100,5,20,68,38,27,47
62,49,74,66,91,40,93,39,100,92
29,57,42,56,9,35,59,2,84,89
51,39,35,11,38,39,30,57,29,56
4,90,56,29,8,46,21,100,84,72
43,13,29,36,20,89,22,78,91,58
19,41,96,5,3,85,96,33,41,24
88,96,65,44,77,72,41,97,23,25
68,17,89,48,53,8,37,26,86,79
83,56,71,78,12,73,14,7,5,7
30,45,54,47,40,30,18,80,78,93
56,98,9,44,97,61,52,33,87,89
63,69,44,33,99,7,58,64,14,14
70,95,58,24,41,49,5,11,29,35
3,84,32,11,80,28,72,31,13,10
19,27,30,14,12,28,20,69,44,85
82,65,80,92,88,72,40,45,82,20
79,84,56,62,95,35,41,18,17,5
27,87,32,56,52,43,36,23,63,31
8,44,95,39,87,35,10,79,79,44
50,9,79,5,22,25,91,14,42,7
19,20,45,2,28,96,44,15,19,58
45,78,53,39,16,40,25,77,18,55
72,19,63,51,24,36,75,66,50,17
25,20,88,69,21,15,17,16,29,35
73,73,12,25,64,79,16,88,55,85
43,27,4,57,29,79,45,3,44,94
71,20,65,59,41,37,73,57,52,54
91,76,78,54,52,41,32,20,81,38
4,75,64,7,83,44,37,27,47,33
72,17,52,36,75,92,72,100,48,75
53,90,2,30,43,54,23,74,73,55
12,28,29,27,35,63,71,23,90,69
55,61,85,7,49,12,98,72,63,98
99,67,87,100,96,30,53,70,55,77
76,66,5,4,45,91,19,15,13,8
83,68,20,19,26,20,82,75,92,44
72,90,10,11,41,58,40,94,79,94
22,55,12,78,10,56,68,28,22,33
35,56,100,7,74,77,26,8,51,69
51,75,10,13,85,51,70,76,96,100
21,69,54,84,47,64,91,14,91,12
46,78,19,97,36,45,25,13,52,76
34,54,2,95,66,38,45,87,13,92
87,85,61,40,69,7,55,59,72,98
23,70,27,41,18,62,85,43,26,88
70,59,42,71,54,7,8,50,46,72
42,32,8,54,23,76,12,30,87,35
27,61,56,53,1,74,66,38,68,91
25,37,50,66,59,55,25,18,4,70
41,97,53,48,50,27,76,13,56,62
48,82,22,3,86,74,28,51,11,95
42,88,83,43,5,93,97,29,10,100
50,2,97,2,50,98,81,25,11,36
38,10,70,11,64,55,36,92,6,99
38,99,86,21,41,90,13,37,71,75
88,20,76,84,74,77,34,54,53,96
41,42,5,10,4,68,17,40,11,74
38,49,72,75,21,64,64,85,52,86
59,39,6,87,75,31,15,8,36,20
3,76,61,59,38,65,78,54,4,41
79,93,89,2,67,9,65,82,93,16
68,4,54,25,42,80,7,56,39,42
75,41,69,88,51,58,52,81,63,7
21,41,99,9,42,17,69,6,98,13
73,17,68,79,93,9,58,99,65,97
92,91,89,13,78,40,70,81,72,33
87,92,73,37,100,67,5,20,24,55
32,97,71,100,75,16,60,84,66,76
80,58,67,21,22,96,12,91,77,83
75,15,74,48,4,25,66,8,44,89
14,27,37,37,78,11,52,38,47,17
13,78,26,79,98,47,27,9,90,55
43,64,21,16,63,24,92,28,84,35
69,97,62,5,33,91,68,84,28,14
53,41,91,30,71,41,29,97,1,18
51,44,81,72,11,44,47,3,23,30
89,91,79,2,96,11,93,63,47,20
28,51,60,70,32,31,10,60,79,11
77,82,6,58,53,68,53,51,70,75
33,59,66,11,60,13,73,4,27,71
24,54,73,83,75,5,65,85,64,44
47,93,25,4,2,29,71,54,31,93
80,15,51,97,25,62,61,50,66,87
72,41,92,97,75,67,1,40,3,16
35,1,8,11,56,61,91,26,14,73
70,46,88,72,42,64,34,3,65,51
41,37,43,85,33,17,51,85,8,5
100,42,57,60,4,12,20,46,89,86
19,59,31,6,30,24,69,15,78,34
17,71,22,11,55,6,28,5,90,35
61,41,29,69,100,84,80,72,30,20
57,48,30,39,5,12,62,25,78,92
10,47,62,83,57,16,88,84,72,29
71,84,70,99,52,21,82,83,92,63
2,100,62,32,38,66,95,52,43,72
43,52,18,56,35,75,71,22,10,94
51,80,77,72,30,80,92,64,62,36
26,63,35,40,46,73,5,92,24,47
64,18,51,33,73,85,59,95,58,69
40,60,100,16,83,82,47,75,45,8
62,22,22,96,61,20,20,18,11,95
16,26,12,18,59,36,2,17,30,12
37,69,23,37,36,6,70,82,80,14
41,41,87,63,88,100,82,8,69,92
2,84,70,66,2,28,1,55,96,83
18,33,3,41,21,91,46,90,72,77
55,65,17,41,27,56,92,60,63,60
3,17,44,72,82,97,99,82,3,47
16,21,79,19,61,51,9,6,40,32
82,46,96,50,38,74,57,30,33,20
89,36,88,84,7,69,32,58,2,35
4,18,55,34,36,67,84,44,24,75
27,57,72,23,6,9,96,62,38,29
33,27,16,20,62,74,40,94,31,42
80,86,59,86,19,94,52,54,89,75
80,15,31,51,89,88,12,37,1,49
17,86,27,32,57,41,5,97,34,88
38,13,73,96,50,44,41,1,97,29
27,29,95,9,31,36,48,42,72,100
91,88,85,69,19,42,9,75,38,94
62,75,58,35,22,7,30,14,59,26
94,85,6,88,45,37,23,44,78,46
44,20,33,28,89,3,69,49,30,58
43,91,84,100,77,5,7,6,18,65
84,11,2,89,51,98,77,25,42,7
71,85,26,55,12,66,10,33,15,39
90,9,29,26,8,58,30,14,15,100
31,98,62,32,39,64,81,67,41,22
73,63,6,51,17,70,68,26,54,34
64,95,42,45,20,50,54,2,15,68
53,45,18,66,28,8,82,9,74,22
30,99,84,88,1,52,9,68,30,14
2,45,60,43,41,80,92,94,33,7
14,37,3,83,2,31,90,35,39,15
56,20,65,91,59,65,95,19,33,24
32,34,68,92,28,9,23,20,54,7
78,19,43,80,1,96,10,42,31,100
9,38,20,73,81,30,90,75,49,22
98,80,7,17,23,86,25,45,5,31
51,34,49,93,14,50,41,75,43,71
75,51,60,46,76,40,75,65,14,23
38,11,55,96,28,77,81,4,74,86
86,24,71,35,69,84,36,61,11,78
31,37,29,42,82,4,82,8,20,95
83,57,58,37,52,37,65,32,92,38
69,78,14,40,64,82,75,99,94,85
76,24,21,56,65,54,11,98,62,30
93,44,86,2,32,89,38,96,21,81
34,41,58,47,80,21,80,7,71,73
43,47,48,16,54,64,69,65,62,82
94,6,25,32,59,56,20,96,4,92
76,37,33,86,35,64,58,66,70,29
90,13,27,89,80,80,4,48,44,65
30,90,22,6,73,80,14,92,27,17
84,55,5,68,92,91,31,49,8,53
77,97,17,55,85,96,35,88,43,30
5,24,71,78,30,43,10,95,87,36
11,70,42,67,89,33,57,19,82,16
71,10,12,87,65,48,82,51,87,77
32,43,100,3,73,81,45,82,75,31
69,37,52,11,55,40,43,63,11,76
78,81,38,41,20,2,88,53,4,27
81,35,69,33,37,41,13,34,22,40
16,91,28,20,53,35,59,95,97,21
23,27,2,60,67,73,13,55,77,16
33,58,2,1,90,39,94,54,24,67
45,39,9,25,58,61,59,69,8,7
89,30,33,42,41,100,66,53,6,95
20,38,52,21,90,93,11,83,98,34
2,95,25,10,19,34,71,29,54,30
87,95,59,20,36,51,71,54,3,28
48,74,17,51,46,6,95,57,41,92
42,42,38,18,51,56,52,73,36,5
2,23,99,12,94,87,62,16,92,16
43,39,89,59,89,87,16,83,95,8
26,36,49,64,54,52,71,57,76,59
61,78,33,12,89,78,98,3,93,41
18,87,79,59,97,19,45,12,53,39
72,30,26,20,93,31,23,16,87,99
74,48,28,58,11,16,35,60,70,27
100,88,65,78,98,61,48,94,24,52
84,95,81,9,67,26,40,89,41,78
39,66,77,66,75,87,82,9,46,3
87,45,90,51,74,39,11,73,32,34
24,15,29,5,24,47,30,15,35,22
44,74,39,21,39,13,7,72,21,5
75,7,49,16,9,75,55,19,47,86
4,71,1,32,27,76,30,56,42,65
29,85,90,67,57,28,31,64,52,3
68,78,9,68,93,17,94,47,87,41
85,90,63,37,74,89,64,3,96,5
19,24,41,8,42,98,88,72,13,39
74,32,68,34,99,60,2,45,59,40
37,43,29,99,31,2,39,94,57,86
50,75,61,90,83,2,39,70,25,51
60,50,82,27,35,33,38,88,29,96
27,65,90,55,15,72,9,5,65,17
90,14,91,50,56,25,3,46,46,27
97,57,28,30,83,62,14,73,1,94
68,27,58,10,33,24,81,93,28,98
9,17,11,52,66,18,76,68,64,22
46,12,78,25,93,13,86,7,85,38
100,4,64,10,65,97,33,46,41,61
95,50,29,57,1,47,75,28,14,38
49,12,1,79,36,93,91,74,99,27
11,51,30,27,12,95,75,96,92,15
8,38,64,37,94,16,83,68,44,48
57,44,11,57,22,47,50,64,72,100
90,34,2,72,60,13,18,34,9,61
49,16,98,64,4,91,32,86,11,75
86,67,18,96,24,92,94,25,55,65
24,97,99,78,20,10,90,37,96,50
49,44,18,46,59,73,88,90,59,98
64,96,17,34,91,40,77,85,16,83
1,39,79,51,68,98,61,58,86,56
59,34,51,28,31,61,1,71,51,11
68,66,6,84,51,96,75,27,32,90
10,85,81,40,35,48,90,47,57,27
54,68,61,56,95,43,17,95,13,67
5,33,84,62,16,35,58,43,13,41
32,22,25,64,62,12,12,3,58,20
29,12,87,41,19,82,84,35,28,48
53,85,80,37,46,48,23,55,90,35
96,73,9,72,89,22,83,100,24,41
71,52,4,58,93,22,39,28,9,66
27,61,2,7,49,48,6,23,2,95
58,49,19,66,21,7,87,3,58,62
43,29,13,98,86,57,72,76,36,80
93,63,92,95,21,41,42,26,15,95
72,72,44,90,89,64,49,27,66,58
88,61,86,53,58,23,61,29,98,97
60,91,11,52,37,31,44,78,56,58
72,79,82,15,20,70,30,68,49,96
26,36,8,63,88,65,86,1,46,83
97,5,25,59,8,61,89,51,90,96
61,14,74,42,80,93,63,10,13,11
57,90,99,64,52,38,28,37,38,25
72,86,82,48,44,89,61,84,92,2
79,4,15,4,45,95,49,59,56,61
22,12,2,20,75,53,57,54,42,95
79,65,80,12,64,76,100,24,59,43
26,90,46,92,93,42,38,93,1,93
5,22,4,6,93,30,59,49,36,52
95,66,68,27,77,31,2,76,7,12
19,84,1,64,75,46,6,13,38,58
57,43,31,13,48,23,42,58,23,77
61,70,42,28,96,18,59,49,46,17
12,16,100,13,31,74,10,36,38,47
45,95,41,75,7,41,49,100,98,24
29,11,93,22,38,40,92,48,88,37
64,99,4,63,63,34,89,72,22,26
71,66,72,63,93,30,3,93,30,53
16,10,63,8,31,52,99,22,100,38
10,15,37,13,30,51,47,18,75,68
95,45,85,19,7,77,48,62,70,29
14,37,38,28,97,21,79,95,94,30
33,4,45,21,16,74,71,14,43,97
33,89,41,18,7,100,94,7,13,15
35,26,52,25,53,100,45,83,94,38
13,78,93,57,98,61,82,21,74,24
17,7,64,10,76,71,61,21,77,73
36,63,50,39,87,54,38,83,36,83
73,48,61,65,56,58,25,37,30,51
12,47,57,76,56,32,98,16,4,74
40,39,88,89,29,75,42,18,9,77
1,81,77,61,46,32,70,22,69,100
72,32,98,80,7,53,63,56,20,67
81,59,5,69,99,86,95,40,3,3
68,3,84,44,15,81,76,37,2,96
88,26,27,85,5,86,89,68,41,8
34,22,18,90,42,16,75,36,7,78
38,26,32,73,70,47,5,97,35,7
92,22,32,70,6,36,55,94,55,48
53,88,21,70,30,62,37,4,97,95
33,86,20,65,11,89,63,15,85,97
21,28,18,4,98,23,92,4,68,46
51,20,86,71,89,15,84,77,70,80
71,3,18,90,19,28,79,81,42,15
77,15,95,46,18,92,68,61,95,87
59,98,6,44,68,94,10,52,22,31
83,92,33,52,81,3,79,11,83,73
78,11,87,72,56,56,63,75,17,9
61,27,6,18,22,26,63,31,77,84
13,11,75,98,63,56,100,93,66,83
65,43,45,3,66,1,59,28,27,27
89,40,53,94,57,26,19,20,8,47
3,20,10,78,17,24,85,17,68,2
51,85,45,95,87,62,47,97,42,26
75,30,65,79,75,21,4,94,40,11
92,95,31,53,72,99,76,56,15,44
57,17,28,53,64,66,67,10,63,8
35,37,37,99,16,11,72,19,56,63
30,100,57,12,52,28,10,28,35,77
23,44,93,2,48,56,67,14,18,29
21,4,18,9,3,33,20,26,3,27
88,84,26,45,95,30,72,57,9,59
85,31,2,29,84,1,37,50,15,54
31,87,57,48,96,11,80,67,36,34
93,24,18,71,20,64,100,43,72,60
1,56,42,54,37,25,7,73,74,21
78,4,59,34,51,54,97,82,20,84
16,65,59,85,35,78,48,86,21,72
97,73,27,38,79,63,62,85,87,87
57,64,91,15,50,93,69,46,27,40
81,94,4,40,78,90,69,77,75,41
48,23,14,27,60,44,41,21,28,28
8,84,91,50,98,92,94,18,89,20
58,70,13,61,61,42,51,81,19,77
22,18,100,87,44,11,30,85,32,9
64,91,44,6,92,93,98,85,11,86
57,68,7,69,80,19,63,82,100,81
11,21,98,62,59,94,72,40,30,55
48,93,97,91,50,88,83,47,25,45
85,81,64,43,1,44,62,63,77,13
95,39,85,45,100,43,38,72,82,19
78,29,11,75,71,12,62,5,59,86
50,95,18,13,89,19,8,2,81,37
14,76,75,98,20,75,40,9,98,73
27,75,53,89,49,23,100,63,80,10
100,29,56,18,93,45,36,53,46,68
89,12,43,63,9,14,89,1,74,86
25,100,13,78,40,61,52,92,75,31
1,75,59,57,92,4,53,27,56,50
94,44,61,89,58,22,54,47,74,28
84,98,79,96,75,19,9,27,62,83
9,62,57,20,70,100,23,74,26,78
24,72,73,36,12,30,9,65,28,82
44,12,80,75,59,6,45,67,84,6
50,93,67,58,12,89,58,34,62,35
63,37,58,35,25,69,16,33,86,44
15,81,7,46,55,65,51,99,84,35
4,85,27,23,42,90,11,51,23,24
38,85,61,95,71,85,16,86,69,53
81,83,33,39,80,40,56,83,90,39
69,94,75,47,68,16,36,30,19,58
53,56,94,65,2,64,49,17,1,18
21,82,52,6,72,84,45,27,66,34
65,86,79,39,32,46,7,67,75,77
76,80,84,69,44,85,84,45,54,36
14,74,69,17,79,41,100,23,67,17
9,84,2,39,74,33,85,32,51,11
8,26,42,91,46,86,28,81,30,81
17,95,54,85,11,33,25,11,7,92
79,15,27,81,6,100,65,90,84,16
52,91,93,46,34,39,31,13,19,12
93,87,6,98,72,16,30,48,78,89
91,57,55,17,89,60,69,53,1,52
68,53,94,61,50,79,51,80,91,21
43,83,8,48,81,31,15,62,78,45
50,69,1,57,37,41,16,5,93,17
56,13,21,50,25,70,28,75,1,71
47,43,5,6,42,37,36,56,99,66
52,100,34,4,56,70,44,24,27,37
40,82,1,60,83,25,81,63,51,81
33,97,23,89,55,16,26,90,23,76
7,75,75,40,78,83,62,22,6,88
10,45,21,10,56,4,86,88,18,36
68,2,84,42,90,38,57,15,80,31
90,86,5,17,78,35,99,91,8,56
30,17,52,50,78,59,5,15,46,74
50,65,75,85,58,65,75,66,31,6
96,21,91,1,89,20,87,87,62,94
94,91,62,45,93,91,3,49,5,100
23,6,64,97,90,21,13,64,86,44
69,81,16,12,33,4,83,19,42,97
12,35,87,25,31,31,15,33,32,19
32,54,24,47,2,66,19,67,29,4
10,50,36,25,13,21,80,47,39,21
43,3,55,82,27,85,12,42,69,43
12,52,48,36,98,2,1,68,68,81
71,77,82,58,53,46,78,32,93,69
52,35,71,58,16,49,94,28,42,62
22,54,65,22,41,14,23,93,81,42
25,3,70,7,60,22,52,38,5,44
6,8,79,28,65,94,76,10,73,18
23,47,23,87,20,63,100,94,55,32
35,79,34,4,37,93,77,89,30,33
84,87,40,14,66,56,60,42,65,84
11,87,82,85,25,1,47,76,46,53
7,80,31,40,35,68,32,63,8,14
95,43,52,86,57,18,41,16,11,57
99,73,95,81,57,19,33,3,94,79
55,100,10,37,39,97,56,23,59,15
36,6,58,87,91,14,56,84,81,66
40,31,38,87,63,94,5,96,48,51
26,54,50,35,43,41,31,98,63,42
13,50,47,70,88,89,35,44,72,15
9,64,97,99,50,60,44,54,55,44
56,80,49,6,14,91,98,97,89,12
38,53,61,84,74,48,72,60,43,96
26,4,59,22,2,60,81,97,65,35
40,21,66,89,78,32,79,75,28,19
86,17,23,98,100,48,97,23,7,40
70,32,43,28,54,96,39,86,92,4
73,32,24,38,72,1,21,50,27,100
21,64,16,95,61,67,43,57,90,49
48,59,33,90,39,86,37,77,23,29
32,95,12,55,85,83,7,5,84,33
5,56,96,20,51,8,87,93,17,28
41,64,38,73,6,28,10,42,5,33
70,88,79,81,43,63,15,1,68,99
86,72,54,81,43,56,41,81,48,57
8,41,20,46,65,77,25,75,19,81
59,40,69,37,73,11,100,87,63,67
37,48,90,43,81,84,98,21,65,46
29,72,38,100,69,2,77,94,76,95
26,86,34,94,75,6,56,74,45,19
92,81,66,33,75,98,16,73,18,80
70,98,4,7,98,24,8,74,69,36
68,95,73,53,88,47,11,96,20,7
14,63,87,31,95,62,29,63,86,98
42,55,96,97,61,93,21,20,66,41
55,85,35,28,89,75,74,99,70,46
5,83,8,44,65,55,57,93,17,42
43,10,48,38,7,8,82,79,79,99
19,86,83,54,65,23,80,38,74,49
35,78,83,95,73,47,49,81,92,17
22,86,26,69,75,32,28,56,62,59
54,81,44,88,86,8,10,65,97,83
13,32,13,47,78,37,45,26,18,88
94,91,73,19,12,47,3,39,54,64
97,59,96,92,98,81,99,60,45,96
94,9,79,58,55,56,95,52,33,64
39,26,54,64,96,65,62,50,56,16
14,52,26,9,44,24,42,94,35,86
89,28,95,67,86,1,22,32,52,54
95,91,31,48,54,27,13,67,76,68
82,41,71,60,2,66,83,43,60,69
28,100,96,74,19,33,75,40,64,78
46,10,20,28,58,25,54,22,92,82
41,73,22,63,84,75,81,66,17,92
86,97,91,82,22,9,66,48,1,82
26,98,91,45,25,100,70,79,73,13
12,65,37,85,28,21,60,60,38,28
51,24,24,93,5,98,54,70,45,54
51,22,51,94,67,75,93,88,5,66
100,68,30,36,53,9,8,12,68,46
39,70,69,15,63,73,12,16,94,8
69,97,30,71,42,48,97,34,35,54
51,86,21,33,73,73,41,81,36,61
26,27,30,46,93,92,70,56,7,63
63,27,11,92,49,52,39,98,38,25
51,40,62,23,72,87,48,13,19,83
73,96,61,2,41,53,46,10,8,52
24,71,31,87,14,31,90,5,28,27
29,30,67,43,53,90,29,52,2,99
86,26,94,47,80,34,99,25,95,59
28,70,29,58,56,94,89,46,98,68
24,27,98,42,21,2,32,49,53,85
99,38,11,92,84,42,77,35,66,23
93,93,92,73,3,48,66,43,93,64
10,68,90,59,10,62,60,93,62,12
77,60,50,39,51,85,80,79,19,97
1,63,42,92,35,96,39,1,38,83
64,99,3,5,58,12,66,17,56,27
81,84,86,82,23,88,66,54,66,37
3,18,99,44,9,34,91,100,86,28
82,49,78,36,5,35,99,70,4,54
48,84,38,85,65,12,72,82,17,89
70,71,6,69,66,66,54,56,65,39
83,99,39,13,34,43,47,33,64,2
38,11,85,75,47,1,38,70,35,7
10,4,77,67,24,43,32,77,98,49
67,33,47,5,45,32,99,43,16,62
45,54,24,81,80,70,34,18,91,68
24,100,71,52,66,95,94,98,23,44
98,90,76,44,46,72,27,45,14,43
6,58,96,82,39,75,3,72,92,94
91,67,45,13,19,11,59,64,60,82
7,57,71,34,52,16,5,78,12,19
20,70,28,15,51,66,42,53,89,85
98,31,52,43,44,22,5,2,37,64
83,44,72,5,77,23,73,82,100,84
52,72,53,79,38,55,97,79,60,37
64,57,68,67,51,11,40,55,64,76
70,47,19,41,3,48,15,27,81,15
63,32,38,67,62,75,22,58,54,81
95,69,89,14,35,40,24,74,46,39
49,16,37,20,8,40,67,23,18,47
89,80,30,78,47,91,52,68,1,57
100,95,25,88,8,59,79,83,84,77
73,85,44,10,4,3,49,22,25,66
20,65,98,49,94,44,91,46,63,91
2,14,37,79,53,96,37,32,30,73
60,3,57,3,12,12,5,12,33,82
29,52,98,26,52,92,21,94,89,83
85,42,96,21,20,1,17,9,84,46
81,43,48,37,97,11,48,1,22,32
34,51,35,32,76,86,75,49,79,63
31,15,4,79,36,24,79,4,32,14
1,64,56,1,52,52,11,51,4,33
82,38,35,16,21,10,53,47,58,83
61,41,98,64,71,85,39,1,40,22
14,40,37,21,40,88,72,3,38,27
35,19,16,69,86,36,30,90,34,40
73,94,32,22,10,2,6,100,54,45
74,67,36,10,87,28,98,10,30,87
36,16,58,4,36,43,39,17,33,25
56,5,18,87,78,27,40,83,27,93
79,100,59,66,61,97,93,10,58,74
97,46,89,54,49,76,96,39,93,80
63,48,36,81,87,13,59,26,47,85
71,25,36,81,43,49,30,35,58,87
61,54,32,1,7,80,77,55,19,69
86,33,68,22,13,54,86,72,32,33
8,54,9,96,34,51,44,63,38,1
2,98,7,33,98,65,65,26,71,35
94,57,67,14,30,32,19,15,3,2
99,62,55,60,57,41,62,52,3,51
53,56,100,11,89,98,75,5,75,46
39,69,2,57,82,83,88,52,49,42
54,48,4,8,59,60,48,20,12,3
71,16,58,70,26,98,19,52,54,46
97,92,14,50,1,47,84,88,98,33
30,3,32,33,11,90,44,10,61,7
64,83,22,74,5,99,23,75,3,77
20,99,68,85,1,68,31,84,8,81
68,37,35,99,21,45,88,64,7,1
23,70,83,44,95,87,95,18,14,97
94,33,47,13,18,99,33,100,83,40
32,50,28,67,1,100,63,88,63,69
40,85,91,23,81,85,61,27,2,74
23,47,59,21,60,76,20,92,75,2
83,7,3,62,25,55,61,87,43,23
56,34,60,98,56,92,82,69,18,36
94,92,82,52,12,93,27,31,36,54
84,18,12,39,79,36,93,39,22,87
14,29,21,25,26,28,68,60,48,85
95,42,28,28,93,39,21,72,22,56
25,5,26,88,95,56,23,88,95,96
74,60,77,46,84,2,74,51,13,21
87,7,14,14,87,7,4,7,30,25
14,6,82,39,93,76,47,15,63,41
62,89,52,38,86,87,92,59,89,4
32,75,63,97,40,49,55,95,55,84
20,20,89,1,11,81,28,57,47,43
49,61,31,100,98,16,86,89,27,74
45,10,100,7,6,91,55,13,85,61
96,4,80,37,56,90,69,36,98,16
78,46,76,60,97,25,27,82,66,53
7,10,14,6,16,72,48,70,84,33
30,31,88,61,67,96,3,36,31,100
3,8,98,30,67,94,54,93,28,19
98,34,28,63,92,95,34,39,16,17
71,97,48,11,58,66,6,12,1,36
63,3,95,60,32,13,6,38,57,33
56,54,66,36,17,9,82,2,48,98
71,70,94,18,80,3,35,85,14,36
72,77,90,66,88,74,78,93,11,35
25,18,40,43,5,8,51,87,10,50
36,80,72,29,49,51,32,83,88,45
70,59,73,60,77,61,33,54,53,95
40,30,12,80,72,69,87,22,55,48
24,90,27,95,70,27,97,1,62,84
98,31,95,22,42,71,82,26,76,35
20,16,64,84,95,87,52,33,60,58
81,83,99,59,77,68,86,26,21,47
61,70,29,55,91,71,77,73,96,5
59,68,20,74,3,66,12,54,98,71
63,30,54,61,89,82,80,26,59,52
72,20,21,52,26,64,74,3,88,22
7,98,89,78,23,91,95,34,96,92
4,58,74,9,70,62,43,1,87,1
53,10,20,25,61,46,40,87,100,27
8,6,24,96,35,46,38,29,79,33
72,35,42,45,43,63,58,85,63,44
86,15,5,5,92,18,2,31,4,1
58,11,58,33,58,92,31,95,72,61
79,44,95,72,40,90,34,98,74,96
93,11,63,98,68,54,15,69,84,70
70,93,80,27,26,89,71,8,35,94
68,13,89,63,36,29,52,69,78,77
16,70,88,78,19,55,31,33,75,67
54,44,59,33,23,36,21,45,43,55
90,11,19,79,25,54,59,28,74,36
56,90,57,95,19,28,1,2,12,76
68,66,71,78,98,45,14,71,89,8
77,79,70,96,9,46,1,67,25,75
54,81,16,62,75,34,89,76,87,1
3,54,66,73,84,15,18,49,85,58
56,62,88,78,9,48,23,9,14,48
35,19,28,2,33,54,88,21,81,74
73,83,80,90,8,63,5,77,11,41
34,18,54,74,95,62,21,18,23,87
65,9,5,44,11,37,49,50,10,30
23,82,64,54,72,71,16,28,47,78
68,33,96,22,6,90,35,78,7,57
64,23,18,69,66,80,57,67,29,66
96,3,100,11,57,23,82,24,50,80
2,69,64,97,90,69,86,77,47,45
85,62,67,2,30,85,81,39,51,61
56,98,64,7,8,72,29,41,95,78
21,96,99,84,44,88,5,82,16,3
26,1,64,44,2,46,80,35,36,82
95,91,79,10,98,39,81,26,79,28
56,51,75,54,87,19,93,43,100,9
45,77,61,60,20,62,57,100,48,92
81,95,83,12,4,32,50,85,9,80
64,16,31,38,69,69,56,14,11,7
74,7,83,34,66,55,47,75,6,95
66,38,89,100,49,44,31,50,80,40
30,43,55,12,81,76,80,88,41,90
95,14,48,77,99,13,83,97,87,88
43,5,26,83,4,74,27,35,76,6
26,5,1,80,16,81,7,47,20,47
88,14,12,35,43,10,99,25,59,86
13,1,42,38,84,45,63,10,31,38
67,56,94,19,88,61,99,94,7,71
41,46,84,4,80,26,66,79,51,24
16,15,24,57,4,59,53,66,20,84
56,87,39,1,5,26,62,56,72,20
26,64,66,61,67,97,87,32,75,89
7,90,55,31,98,58,89,51,75,9
34,30,47,24,31,3,2,44,10,73
15,87,36,32,48,2,29,86,86,55
26,92,97,80,22,94,37,63,96,11
23,81,93,69,5,75,23,6,18,33
78,84,19,13,68,18,66,48,3,51
2,80,43,98,59,16,44,95,78,91
58,100,72,50,20,76,24,95,33,93
79,10,28,49,74,95,67,39,42,21
90,44,1,84,93,59,99,88,6,77
79,15,28,2,64,100,77,39,94,61
83,72,70,10,20,95,5,38,33,46
59,74,41,11,57,86,21,56,25,78
84,3,92,63,56,7,62,32,45,7
44,27,30,13,89,2,59,93,39,92
90,49,17,31,11,26,68,32,33,92
9,16,47,1,30,2,7,44,86,4
50,29,82,32,94,70,33,52,14,23
95,4,72,12,86,34,37,53,65,21
96,74,88,42,26,17,44,84,60,81
39,62,9,21,93,54,42,25,6,56
99,100,59,22,63,96,56,51,48,20
71,95,45,58,37,22,75,32,6,86
12,96,47,72,16,39,26,10,15,83
65,14,82,75,35,45,70,90,47,69
62,18,63,6,27,51,28,1,82,85
39,45,80,85,69,48,76,46,57,90
28,73,55,61,47,90,57,68,31,4
88,92,21,50,98,99,53,77,100,86
13,90,83,92,74,51,91,49,48,47
91,27,71,45,87,17,34,44,36,17
47,23,8,19,25,57,17,29,85,68
14,97,57,96,89,83,98,79,83,97
78,73,23,48,18,10,17,3,5,4
19,3,27,27,73,3,35,89,31,20
9,44,16,17,92,56,51,41,87,34
38,64,6,12,63,23,21,79,26,25
83,44,27,61,22,99,15,57,40,45
76,100,40,43,68,83,99,19,24,85
4,13,48,9,24,62,84,97,93,61
21,75,56,100,87,78,50,1,86,41
97,61,92,36,3,60,19,53,30,94
37,85,6,36,93,81,98,28,77,90
88,50,16,44,1,54,73,2,54,58
43,2,70,34,37,24,45,7,77,26
100,65,10,57,1,55,90,50,34,66
39,74,67,6,69,67,59,41,69,64
50,63,65,19,48,53,94,93,60,70
70,11,35,32,20,87,38,9,36,71
26,26,44,93,31,12,11,41,4,79
56,53,93,72,23,41,76,17,85,87
38,54,98,72,37,69,10,74,77,45
97,2,70,92,46,52,4,57,44,59
87,99,64,80,22,86,20,98,54,56
84,92,9,33,15,98,1,25,71,29
69,19,83,91,11,28,42,14,36,86
24,75,36,87,54,58,73,25,7,78
80,42,69,40,75,84,37,27,60,60
8,28,78,90,18,88,69,12,53,57
97,77,31,84,63,36,41,87,12,99
65,43,41,85,34,67,20,23,45,79
82,52,59,11,93,28,99,14,39,3
22,87,31,52,71,46,39,63,32,2
14,48,96,54,33,29,72,4,51,68
83,84,20,41,95,64,68,45,29,59
47,50,97,78,53,19,23,91,82,6
44,47,54,39,52,38,68,23,93,70
90,75,54,61,67,48,77,87,92,5
45,90,55,93,67,7,12,41,50,45
47,93,91,52,32,42,41,51,16,33
72,57,8,25,18,26,24,94,12,15
50,8,57,4,1,23,11,64,16,12
8,62,4,98,65,87,91,5,89,6
37,61,62,96,85,31,74,61,76,85
75,26,45,83,29,97,6,91,60,73
2,67,34,58,16,98,44,6,54,33
11,90,45,24,38,81,55,11,41,30
47,68,55,43,50,36,39,7,26,50
79,80,16,12,37,83,61,32,88,14
64,50,56,60,74,45,41,28,7,81
9,5,48,16,48,98,51,38,56,28
88,35,59,55,98,95,38,59,27,25
24,42,75,31,2,100,75,94,27,33
74,87,38,74,2,85,71,52,22,26
32,61,12,90,16,10,85,53,20,63
29,43,56,3,26,9,2,52,2,80
85,76,67,22,49,68,58,71,72,31
48,3,44,60,92,59,21,28,11,40
90,91,34,98,94,59,6,47,63,8
79,47,35,97,20,35,16,29,57,87
11,56,41,54,67,33,12,87,12,74
78,2,65,12,51,10,22,56,8,84
63,38,82,49,34,1,83,50,81,91
88,92,47,29,45,13,13,9,52,24
34,29,77,50,40,27,59,14,35,19
97,49,56,79,98,90,31,32,91,64
23,30,55,21,10,51,85,22,11,36
98,45,65,26,94,56,5,5,69,39
23,18,87,78,48,36,19,30,68,61
93,42,91,47,14,100,50,98,74,60
86,23,56,50,100,50,57,4,54,78
94,28,95,33,5,42,68,76,23,87
88,16,80,30,14,93,82,63,91,7
75,76,29,30,77,80,31,85,36,84
62,29,11,8,61,68,49,81,95,72
67,82,39,47,64,52,91,45,67,81
51,41,8,31,22,36,10,53,21,45
88,82,26,99,90,86,18,90,18,12
13,37,45,51,35,8,55,25,4,21
58,54,13,17,36,34,53,46,38,73
42,26,6,67,24,47,5,93,89,22
56,53,58,100,56,44,60,10,69,15
82,78,69,94,94,4,27,46,1,65
70,43,42,28,9,17,26,13,9,14
87,64,67,96,15,74,40,26,83,60
41,64,37,61,9,30,64,87,28,17
3,49,59,44,76,19,60,2,84,68
67,70,83,33,65,98,6,56,23,40
67,15,55,3,75,63,85,91,50,12
7,52,60,17,96,88,35,55,89,18
23,55,39,5,40,56,54,97,63,29
37,30,43,91,32,18,6,16,8,55
79,66,6,91,82,1,78,68,8,18
86,82,24,76,38,63,31,92,12,94
72,48,23,14,90,6,83,95,74,90
1,52,55,7,94,88,59,71,56,18
40,93,99,64,68,37,78,51,80,89
96,51,88,18,64,30,75,47,76,48
88,77,52,95,35,45,34,93,68,89
63,7,81,61,22,1,49,100,51,28
88,46,78,28,15,94,57,41,92,32
89,31,60,40,77,94,36,11,39,3
99,1,62,32,61,83,32,62,82,34
89,22,31,19,49,45,12,57,85,55
40,25,85,100,16,62,45,52,72,83
6,22,35,67,53,48,50,36,9,31
69,97,4,99,15,52,95,78,60,32
84,100,8,69,51,24,82,95,27,5
30,32,78,64,99,83,63,48,18,71
30,39,20,34,89,86,37,36,64,97
67,99,96,26,67,98,49,100,92,75
56,21,59,34,37,57,16,99,56,85
70,85,23,41,70,64,26,7,99,41
55,17,40,2,42,58,99,91,10,90
17,65,63,75,50,99,83,17,97,38
2,18,75,76,58,96,39,84,54,89
76,8,5,15,61,47,73,59,89,82
1,57,98,63,32,48,13,66,64,61
56,17,79,82,93,88,77,83,23,83
72,99,90,28,13,3,74,37,61,14
70,13,71,68,75,2,15,39,19,30
100,74,47,78,55,91,17,84,25,40
66,48,38,7,76,2,9,1,39,70
15,8,34,85,27,9,38,93,47,56
23,98,82,21,75,36,63,44,19,87
83,36,87,20,43,14,73,51,14,11
72,28,71,6,64,97,66,1,42,64
9,64,62,90,36,88,77,50,31,48
88,13,83,74,84,25,87,57,28,1
19,51,80,41,56,44,38,73,96,31
37,4,94,50,93,81,37,22,30,20
69,17,84,51,43,20,28,29,28,55
81,46,57,13,87,13,56,76,37,51
6,73,7,51,74,51,83,63,72,12
82,40,80,17,43,22,36,70,3,63
76,35,61,32,47,99,96,54,26,33
57,31,57,63,33,83,65,15,45,37
78,78,28,9,94,70,83,82,91,37
44,18,71,56,2,18,6,49,23,31
33,79,61,42,41,45,24,6,11,68
94,88,45,21,49,90,43,31,71,85
67,67,3,89,22,56,58,28,4,81
10,37,59,23,78,52,67,1,9,78
20,54,17,16,26,17,5,68,99,76
53,65,42,7,6,15,62,63,94,65
95,4,53,6,26,30,9,44,82,69
73,1,22,90,16,47,58,21,67,57
48,19,73,41,77,78,7,38,93,1
54,87,56,59,44,33,88,52,76,22
72,49,22,93,90,90,92,47,62,58
3,9,28,76,49,56,5,7,45,97
59,98,36,14,56,31,98,96,35,26
17,6,26,90,99,15,79,42,13,92
51,68,100,78,95,100,33,99,7,77
48,65,26,35,31,34,65,28,81,99
53,97,5,78,38,55,44,69,48,9
60,98,76,12,27,22,11,59,20,69
87,19,86,64,53,16,97,70,95,77
68,100,25,24,29,15,30,25,83,29
33,42,26,60,53,52,81,16,62,52
36,48,71,21,64,75,88,60,44,35
89,64,34,65,39,14,79,21,38,13
49,70,55,75,29,59,78,61,26,40
13,14,39,35,34,2,9,74,14,5
8,54,68,93,18,58,58,49,78,96
61,27,65,67,53,46,78,30,6,3
69,70,16,8,4,2,61,13,27,74
17,34,27,36,78,97,45,35,45,23
82,5,1,99,72,53,44,49,34,1
3,3,71,71,62,74,72,22,38,50
48,6,83,26,93,12,22,38,98,18
60,80,23,12,78,46,16,73,46,49
73,100,51,95,70,64,21,93,38,10
42,85,16,76,62,8,39,84,45,37
53,56,68,27,19,45,24,34,17,69
83,41,21,85,88,42,49,8,87,38
17,80,74,84,8,35,44,46,70,40
34,23,96,1,49,14,97,73,100,65
93,82,58,13,66,45,7,66,4,93
3,72,72,76,56,79,11,99,77,80
38,10,54,85,63,3,51,11,27,50
76,71,31,33,36,48,29,42,14,32
34,16,3,57,92,10,88,54,8,64
85,98,25,39,34,39,93,84,50,71
85,77,41,67,61,76,15,89,17,28
72,2,95,74,59,38,84,46,43,43
61,28,92,85,66,26,76,10,61,25
80,46,53,20,12,13,96,78,53,64
57,24,66,52,97,76,41,32,73,84
27,33,11,18,69,28,95,44,89,56
20,68,53,72,39,64,84,86,94,36
50,50,11,67,53,8,42,94,91,14
77,17,98,39,87,66,18,81,62,58
88,81,25,40,53,15,56,88,1,49
76,2,98,86,68,51,45,61,96,36
74,24,4,23,14,90,88,31,23,49
88,10,30,64,50,34,78,57,73,30
5,48,31,54,86,50,56,82,10,51
69,35,74,73,57,87,14,45,69,36
45,8,98,26,71,99,59,1,55,84
82,11,83,13,16,68,14,72,50,24
74,70,10,48,42,67,86,8,63,55
95,59,14,92,85,37,42,95,37,48
78,70,10,61,34,26,80,48,49,81
23,22,51,32,69,44,98,7,51,12
13,98,71,26,41,7,62,83,1,50
30,31,72,40,43,5,17,74,52,65
55,74,86,57,6,7,100,55,13,3
19,77,52,89,2,92,47,16,26,99
17,8,29,88,47,23,93,15,97,96
79,3,70,16,59,27,22,10,33,86
64,51,62,15,91,64,7,37,31,32
36,47,39,16,87,37,39,31,3,35
26,81,37,47,97,47,25,70,56,58
56,20,8,17,34,51,80,92,87,62
76,74,61,14,90,47,3,28,29,5
14,54,38,2,53,86,48,77,55,3
34,10,74,94,27,8,44,58,99,82
20,74,56,80,40,97,78,94,24,6
50,89,11,87,90,63,24,89,40,79
91,25,88,17,18,14,24,13,24,74
95,43,100,2,74,91,98,51,84,73
56,85,61,66,24,2,81,47,90,72
25,32,96,65,48,66,30,23,78,53
49,24,95,48,25,68,90,74,70,73
46,77,9,58,95,32,11,75,79,52
46,55,36,41,19,35,6,49,58,36
53,58,59,48,5,36,67,94,9,89
18,55,65,26,64,59,10,75,33,40
26,30,94,61,71,65,96,28,13,5
15,65,62,74,64,18,61,83,63,69
71,32,75,35,57,39,46,18,65,78
57,42,8,51,3,30,15,50,9,79
6,24,95,19,49,11,36,9,45,98
77,67,29,4,53,37,94,98,7,58
76,63,99,35,65,53,64,31,54,24
61,59,47,8,29,95,18,64,3,14
13,32,80,93,35,32,82,28,30,40
85,57,2,35,43,19,40,58,1,93
81,62,4,28,69,32,74,38,48,77
51,12,60,30,57,94,13,90,73,94
29,9,2,82,43,44,100,82,1,1
27,82,14,30,61,82,13,34,19,60
62,21,24,21,50,80,14,14,21,86
8,49,94,9,30,89,53,82,70,5
34,96,86,47,77,98,80,90,32,50
1,93,70,76,14,71,55,79,84,75
17,43,75,62,52,5,50,56,86,72
60,71,19,98,17,96,95,48,37,26
97,89,71,66,65,36,88,71,66,23
46,82,66,72,44,17,76,93,72,13
64,31,83,35,28,51,30,75,98,18
52,94,6,22,11,70,9,50,41,75
73,38,56,38,9,51,6,37,44,77
1,59,59,36,93,39,86,74,13,36
91,64,81,49,38,44,70,46,93,10
20,65,99,28,54,60,78,59,96,73
87,48,84,46,83,76,84,21,2,48
56,44,11,36,92,100,79,62,46,24
23,17,40,74,96,94,33,26,4,80
98,91,27,81,36,62,9,71,82,62
70,89,5,80,76,49,80,55,62,77
30,84,93,69,57,41,62,41,66,66
20,63,8,47,96,95,8,4,65,89
65,34,29,21,65,4,69,96,10,82
72,39,66,17,8,74,57,21,15,22
38,34,36,45,32,83,39,39,86,55
79,2,40,7,75,5,63,95,52,72
77,76,11,94,92,70,67,100,90,33
73,80,19,60,76,50,43,67,41,80
21,71,34,13,78,8,69,92,2,20
63,30,95,73,23,38,42,90,37,84
74,61,15,92,21,90,42,15,56,82
94,29,4,27,41,33,86,9,24,40
28,87,69,75,59,92,12,53,33,1
88,58,13,2,50,85,43,43,99,99
76,93,27,79,71,19,12,9,27,35
48,6,21,68,80,32,11,44,84,95
96,23,53,8,24,54,93,66,96,91
16,71,35,94,49,58,12,12,18,90
47,65,96,19,84,27,50,47,70,85
41,65,7,45,25,82,98,17,100,45
59,15,15,46,61,16,3,72,27,20
14,25,36,9,44,71,87,45,17,9
30,10,73,88,54,97,22,4,65,21
48,24,87,15,69,47,30,23,71,8
94,84,33,81,44,28,51,30,72,20
38,53,29,63,93,34,11,14,89,76
86,37,51,72,51,71,71,32,45,93
39,38,28,23,70,23,2,20,52,74
91,42,78,71,56,70,5,66,83,45
93,20,81,95,44,83,65,14,14,9
58,5,98,37,79,67,59,81,39,62
6,29,3,35,100,10,5,56,28,39
52,72,59,33,67,2,67,31,67,33
92,76,89,89,12,67,8,70,99,46
31,56,26,86,91,25,95,47,32,74
85,84,46,95,68,12,96,34,94,62
18,37,89,6,26,100,73,85,69,23
30,52,31,55,37,73,32,83,19,15
9,55,50,54,50,17,65,97,3,10
11,20,47,99,26,24,99,50,8,67
24,37,70,6,43,6,78,74,41,48
41,49,3,90,54,52,59,70,100,61
79,10,32,77,9,9,100,7,10,59
25,86,47,95,91,90,52,21,15,44
68,55,92,70,45,97,73,3,66,73
15,45,82,98,21,90,59,73,48,68
31,73,5,78,67,48,67,70,68,81
14,35,88,57,57,32,54,29,86,19
53,100,63,87,49,36,28,7,60,76
27,90,100,31,67,66,30,85,87,97
18,100,32,5,57,88,88,62,68,73
80,73,24,95,59,72,82,86,31,41
61,57,30,12,39,49,77,69,85,16
65,2,15,48,58,23,87,97,84,55
69,16,79,44,10,37,16,91,22,46
83,35,54,12,46,44,12,75,12,97
42,29,98,56,76,8,31,15,4,66
21,25,81,99,68,42,35,35,84,8
32,66,94,37,30,92,81,41,66,92
37,7,72,87,14,100,94,96,14,49
62,34,25,94,84,93,88,18,79,71
77,11,89,71,47,18,62,27,58,79
71,95,37,42,81,2,41,26,98,6
26,11,91,51,56,74,95,43,43,73
66,20,83,54,90,82,71,3,60,28
33,30,74,69,24,6,22,16,83,71
22,9,33,12,11,89,86,5,31,28
29,48,99,64,1,40,45,23,42,4
3,26,86,76,46,9,34,68,24,16
38,97,76,23,9,38,11,46,94,93
25,23,41,24,86,93,63,30,16,57
85,18,82,22,93,28,30,78,47,6
46,36,2,73,58,62,11,68,7,4
13,32,26,53,55,11,45,69,92,60
25,29,77,7,50,22,86,32,51,32
89,96,67,90,69,77,4,79,44,10
34,56,93,12,60,47,22,5,68,66
16,92,46,45,50,95,18,35,78,68
18,66,16,37,8,84,13,11,14,8
20,99,16,13,10,75,11,84,31,78
49,99,22,94,43,71,40,12,58,18
31,75,35,46,63,42,81,27,4,46
35,76,45,50,88,54,76,50,89,59
80,37,57,1,82,51,23,74,62,80
43,44,7,77,90,69,71,22,96,74
68,82,49,64,83,88,69,58,90,58
16,69,46,24,21,28,26,43,53,39
75,95,83,33,71,24,53,93,45,100
67,64,81,67,79,63,7,48,73,96
57,40,16,2,16,36,81,41,30,33
80,4,79,62,36,2,85,89,94,81
88,12,97,21,31,75,35,37,74,7
32,82,99,47,84,14,82,16,54,63
1,33,67,79,46,54,32,82,94,26
63,34,89,59,54,19,85,88,55,11
47,86,92,45,84,27,10,17,43,63
80,95,48,98,25,45,51,57,27,97
34,89,30,22,99,83,93,35,22,47
45,68,85,89,12,20,15,73,37,9
36,68,3,35,65,80,79,67,36,57
63,21,97,92,42,47,74,34,82,96
33,78,15,69,66,79,88,33,51,24
41,38,91,44,72,7,23,3,74,10
11,36,30,8,80,23,54,5,9,87
52,93,17,67,61,82,45,48,14,95
24,7,33,66,2,56,73,24,10,46
85,73,33,66,80,12,88,85,17,48
24,68,40,40,34,100,73,30,100,39
25,23,45,9,88,46,16,12,21,78
9,57,50,42,22,81,5,61,65,73
9,88,41,48,79,26,100,52,8,99
90,84,21,86,92,60,31,59,24,3
36,32,59,37,25,80,17,30,40,82
2,48,21,94,48,100,72,47,3,79
45,44,62,17,29,5,28,11,15,51
13,51,83,23,39,59,2,56,88,93
89,42,93,61,35,40,12,58,86,14
36,82,57,49,50,37,53,77,99,68
80,11,70,62,33,8,72,86,15,60
79,3,53,71,64,87,10,75,97,47
41,32,80,49,81,29,38,85,57,36
4,36,47,25,49,31,85,21,17,99
32,47,2,84,17,17,22,78,43,18
76,83,2,7,84,34,87,21,70,43
56,74,31,54,98,31,85,82,51,53
33,34,51,34,17,67,2,91,96,44
8,23,79,61,29,14,94,15,34,64
9,41,89,91,95,38,22,31,20,24
35,4,58,85,37,26,3,90,68,98
85,76,72,15,88,100,28,82,66,13
97,26,54,85,17,100,22,38,30,93
61,64,96,70,100,84,48,2,73,15
51,10,42,22,24,30,73,52,63,90
16,59,15,69,43,31,68,16,20,49
9,81,64,56,2,63,40,49,16,64
64,66,73,5,39,49,34,11,100,96
100,67,6,67,36,48,97,55,16,17
56,24,49,19,31,50,34,22,51,1
86,14,67,10,70,57,58,56,68,9
3,19,76,9,85,63,8,34,69,75
2,24,98,50,95,81,51,80,2,53
80,39,66,46,49,88,3,58,95,22
19,97,92,46,57,77,60,17,62,28
91,63,52,41,64,98,21,14,77,74
67,56,13,84,54,13,23,56,22,17
29,40,66,20,37,22,48,96,90,9
24,81,23,27,21,86,24,93,100,52
66,18,7,30,53,60,42,76,67,64
92,95,55,9,67,92,31,66,39,20
75,14,52,49,40,72,35,15,16,86
18,34,55,25,63,7,36,5,34,3
20,26,49,74,86,15,17,16,81,8
88,7,21,39,7,13,63,41,79,30
78,97,63,32,21,26,39,8,30,72
10,1,49,59,26,35,25,43,2,57
2,41,15,22,80,22,86,94,62,65
23,40,13,86,23,33,11,13,40,92
85,2,92,85,12,17,71,36,11,25
45,64,65,59,86,44,80,23,89,94
87,12,85,99,97,7,83,59,20,75
50,56,28,93,92,39,61,15,26,24
39,70,87,55,81,24,51,12,47,39
5,85,50,41,36,98,100,70,56,71
96,57,78,23,1,21,61,14,35,87
37,25,8,75,32,88,51,82,100,49
20,56,33,22,97,20,71,48,90,27
18,85,35,95,60,36,15,20,49,2
58,37,78,18,63,9,5,13,90,56
61,62,12,46,35,60,17,5,59,58
31,76,95,18,22,54,5,88,25,5
41,35,41,19,52,55,27,56,68,69
64,80,82,27,77,16,86,94,20,44
3,3,71,97,72,44,2,76,31,27
80,72,61,72,90,12,26,68,19,45
88,82,77,69,8,53,36,45,98,56
40,1,10,62,49,81,5,51,56,36
77,87,59,89,58,100,52,35,67,70
80,7,4,56,75,63,8,63,60,58
70,51,10,79,13,58,11,17,8,18
4,36,4,62,76,61,61,27,95,80
49,26,86,52,81,12,66,41,74,25
98,43,76,7,73,40,16,83,56,76
100,12,63,3,73,39,15,86,65,62
65,65,87,2,68,20,13,34,60,39
10,9,33,37,67,6,76,34,40,84
9,92,95,72,94,19,10,61,4,26
74,68,91,12,21,58,31,86,43,42
76,53,2,8,89,20,65,17,54,5
100,62,96,94,85,41,12,94,53,16
72,26,35,14,90,8,23,20,93,66
14,68,70,15,27,58,35,92,26,40
48,25,1,95,70,86,87,82,31,40
49,2,17,35,67,6,94,90,78,86
55,91,5,24,57,32,33,91,23,59
30,70,35,83,16,5,20,2,38,2
41,38,4,10,24,22,67,18,11,44
3,65,86,8,40,43,91,25,33,13
35,15,34,69,49,49,25,68,50,62
69,43,99,24,52,23,46,70,92,8
14,94,25,99,53,64,41,95,88,26
7,22,92,92,43,40,92,67,59,94
81,79,36,79,55,39,53,52,8,96
59,73,42,83,72,94,99,64,41,38
41,47,12,32,91,54,23,82,72,33
27,52,64,14,83,70,52,87,21,12
83,31,36,24,66,59,69,64,23,9
53,63,8,64,47,50,69,21,31,41
54,58,44,69,23,26,38,75,65,58
38,47,40,25,22,5,84,90,20,58
51,73,72,10,88,18,59,57,91,89
49,96,98,92,64,21,18,1,47,34
10,36,80,49,60,1,6,95,42,77
52,44,1,24,53,41,93,11,97,35
52,97,30,49,88,93,21,57,45,19
90,54,6,21,55,18,21,12,12,15
40,16,58,41,91,11,33,35,21,29
70,72,25,99,73,64,44,45,21,88
64,62,42,21,83,48,38,55,59,2
69,98,17,79,90,7,89,22,41,61
2,10,33,78,61,57,94,4,1,66
43,16,27,84,89,9,83,26,16,41
27,84,91,43,62,32,1,2,6,42
63,59,3,47,37,15,3,30,18,55
95,61,23,73,96,11,34,79,36,49
71,15,84,13,57,46,45,58,99,50
51,61,60,5,7,96,20,61,77,89
16,23,1,38,48,97,48,81,27,35
29,49,49,64,62,6,9,6,15,60
7,17,20,66,21,79,14,40,39,42
29,6,17,81,95,64,29,94,96,55
29,76,4,77,39,17,34,100,74,100
59,80,16,30,97,89,60,62,28,99
56,8,56,24,41,51,39,69,96,34
24,24,61,79,1,51,95,86,50,20
86,60,99,53,90,47,41,49,61,21
99,68,80,7,91,20,9,81,89,4
66,64,28,26,94,80,76,40,65,78
59,2,37,9,55,78,55,47,27,67
67,77,86,47,35,28,66,43,8,6
47,73,69,26,50,62,5,78,1,21
55,11,23,43,19,29,21,26,75,99
92,42,75,30,40,10,57,57,4,17
63,2,89,83,27,91,97,83,68,97
4,74,8,78,16,78,58,36,3,32
34,95,25,61,76,16,22,32,73,25
48,87,27,89,69,5,79,65,88,98
14,43,71,73,72,38,50,29,74,53
12,59,99,89,19,74,4,92,57,76
69,5,14,47,45,83,51,75,47,90
24,12,32,46,84,55,83,86,83,56
38,95,67,88,83,37,61,38,29,17
66,49,73,79,95,69,61,97,43,60
87,18,23,70,63,7,25,46,92,59
1,81,5,19,68,39,56,80,77,84
48,42,32,73,72,78,41,33,74,36
44,12,53,66,34,16,24,10,61,67
68,13,47,73,32,66,11,87,45,39
22,93,32,5,65,4,34,57,88,59
44,31,71,97,48,56,64,72,65,76
38,32,40,37,56,23,2,19,61,99
57,82,43,41,38,59,44,71,15,31
30,59,13,52,7,60,7,70,83,71
97,21,54,36,9,10,59,62,80,19
60,36,53,54,28,90,12,71,61,79
53,42,89,65,93,95,25,51,16,59
21,64,79,74,99,39,35,57,1,14
76,12,2,28,66,29,69,29,52,81
7,4,22,47,69,66,93,45,16,60
3,88,23,34,14,22,72,48,78,24
14,5,88,67,84,5,95,5,33,46
85,92,50,59,90,70,76,83,66,44
42,68,31,65,53,44,86,25,44,15
100,9,72,39,75,7,43,21,11,28
67,48,71,68,6,60,89,81,42,54
76,36,73,7,100,26,2,37,2,97
3,1,5,26,40,31,33,34,52,95
61,70,42,83,89,99,43,77,32,36
82,7,71,54,13,22,79,67,10,80
63,13,33,20,38,24,50,22,57,53
69,70,22,10,52,62,61,46,90,92
82,71,50,4,77,15,26,55,81,35
87,95,99,19,14,89,42,16,62,50
68,30,71,42,92,23,55,52,68,45
95,1,15,44,5,91,10,82,98,90
68,84,37,67,54,2,7,47,17,68
48,37,50,19,78,41,93,32,44,12
28,90,13,95,85,69,37,95,2,34
36,69,69,72,87,22,74,93,20,42
13,68,78,62,86,7,54,78,91,97
89,18,86,53,12,22,21,49,16,22
34,52,43,3,75,29,76,48,74,96
90,86,63,19,99,100,26,52,29,16
100,17,85,37,22,97,58,94,97,74
68,30,77,10,84,51,38,60,51,63
55,40,100,69,10,98,20,35,1,48
2,52,64,87,88,37,35,98,31,31
23,98,12,51,7,96,1,96,7,51
59,61,42,10,81,52,8,100,38,8
47,40,12,62,26,99,99,12,48,29
42,22,78,5,72,84,52,73,31,58
75,41,70,69,51,50,20,10,1,9
69,47,48,80,61,25,31,59,36,78
39,29,100,16,34,71,51,37,95,33
95,70,74,64,38,76,14,9,85,14
17,53,13,17,33,73,41,63,83,29
92,73,57,43,40,42,66,42,79,60
74,73,81,99,36,70,26,1,78,10
67,47,15,79,63,99,3,55,13,37
83,4,9,92,99,100,85,64,41,63
23,66,87,4,65,75,73,90,27,3
52,93,49,66,23,63,16,77,17,28
13,52,83,73,43,81,24,27,44,64
42,19,30,80,22,46,54,46,87,33
100,90,25,100,7,100,62,22,28,31
49,93,34,32,17,76,12,41,54,8
4,95,26,85,27,99,82,80,96,21
12,96,10,89,47,17,40,9,38,67
91,39,59,24,70,76,51,33,16,4
40,71,51,17,8,77,15,41,8,11
61,72,58,71,12,4,87,51,64,76
69,54,14,28,29,35,55,31,68,22
87,59,92,37,76,51,65,90,92,24
52,52,47,9,22,58,13,60,8,76
36,29,82,1,56,10,36,62,41,55
83,79,13,26,67,88,77,31,30,20
6,81,71,53,90,45,10,2,56,70
29,91,98,10,44,5,72,79,66,64
33,48,42,45,25,8,85,1,90,14
20,95,46,43,99,35,87,61,88,42
30,69,85,79,78,28,35,49,58,100
64,90,99,5,86,23,12,22,76,53
87,47,48,33,89,98,19,27,58,59
69,87,27,5,17,56,84,51,57,41
2,20,82,52,25,19,75,88,41,2
41,27,48,40,11,89,37,82,15,95
40,35,33,18,39,2,73,22,52,29
14,54,1,95,5,25,14,31,12,6
84,4,84,84,43,47,72,32,28,86
78,19,21,62,36,11,63,60,85,67
41,98,20,41,45,76,65,10,59,28
15,42,84,50,25,26,96,48,9,23
34,86,41,6,48,28,68,62,88,4
28,28,54,99,20,98,27,36,59,85
63,25,78,46,74,55,24,70,2,84
44,87,22,37,44,69,64,64,82,3
67,10,82,20,8,1,69,34,36,27
70,51,51,100,48,77,6,23,98,59
7,41,98,28,29,41,48,45,4,29
47,23,90,81,42,50,33,63,35,21
89,57,23,92,56,70,20,61,45,17
71,51,9,68,30,38,9,29,82,64
57,80,38,99,60,32,48,45,94,82
65,34,38,87,25,45,56,96,57,52
12,28,2,21,95,83,10,55,11,91
19,20,22,8,18,82,39,17,26,32
50,42,66,40,28,42,84,35,38,93
87,1,20,40,21,14,23,82,21,33
72,39,4,94,98,21,27,37,89,4
68,39,45,85,30,24,27,13,58,16
57,96,16,76,36,89,42,10,70,62
94,94,52,98,39,49,70,65,85,59
20,5,49,16,89,78,39,67,42,48
82,99,44,50,26,31,38,67,40,59
80,85,52,31,82,90,80,4,6,16
62,77,72,62,92,61,39,30,79,32
78,13,82,73,62,8,55,51,74,46
61,54,30,13,36,12,54,67,67,12
35,28,88,6,41,80,66,31,61,97
62,90,9,44,14,22,51,68,72,76
13,32,81,43,96,69,6,2,35,72
65,69,51,52,75,43,83,92,73,96
88,86,85,48,29,99,69,31,18,92
59,31,76,91,25,71,59,82,24,94
5,88,14,7,92,88,49,26,32,21
21,71,6,58,19,87,8,87,69,25
79,27,7,54,18,31,76,28,64,52
73,68,91,87,74,82,26,22,60,57
94,80,80,52,89,98,38,96,84,6
21,14,85,27,19,54,10,95,81,73
98,54,93,88,92,66,22,17,40,81
26,33,12,5,36,1,2,73,96,37
31,16,3,15,95,21,68,56,67,100
28,64,53,20,4,44,38,25,13,77
5,38,61,16,94,97,16,47,21,64
35,51,79,37,65,25,10,84,80,76
84,8,92,88,79,95,84,16,71,96
44,75,85,5,42,30,53,10,76,73
73,10,24,51,47,40,28,8,24,7
83,59,66,26,46,97,72,29,64,42
76,8,68,12,64,10,41,16,19,16
88,91,78,63,93,76,3,72,83,78
79,17,88,96,95,33,92,66,14,56
60,41,15,27,53,78,88,45,45,6
13,84,48,90,47,93,65,1,64,99
30,94,15,17,42,9,1,33,27,66
40,86,7,54,64,11,83,52,55,27
57,67,11,57,8,9,1,24,61,16
22,90,62,89,58,3,49,58,87,75
24,27,12,30,32,76,92,67,27,46
93,35,65,55,43,72,15,43,96,75
11,17,64,72,57,21,74,6,31,60
80,54,38,44,35,22,19,26,88,97
23,32,31,87,39,26,11,53,20,58
28,30,74,43,1,83,64,26,88,46
38,67,99,75,62,85,48,80,62,35
28,84,19,11,23,57,36,85,9,55
42,36,85,67,79,37,49,94,63,36
39,100,55,89,26,16,73,74,48,34
60,75,69,78,85,91,34,72,75,43
27,68,30,63,35,60,99,83,53,61
19,43,12,25,31,38,40,55,11,87
88,70,14,57,48,50,99,33,22,26
75,48,93,57,10,79,16,8,62,69
21,32,63,32,56,94,69,95,48,31
34,88,53,99,96,52,48,46,84,69
71,11,68,16,67,77,94,82,37,7
2,9,38,17,92,93,10,61,40,9
43,25,96,95,23,43,98,22,89,82
91,11,44,58,78,10,87,24,43,75
30,97,83,20,13,74,64,74,86,3
82,29,79,30,75,53,24,73,75,12
6,65,23,49,74,52,10,60,75,4
34,5,100,16,24,64,42,87,37,27
42,71,7,20,100,34,25,75,58,99
87,15,63,61,63,36,12,24,48,87
27,81,43,79,49,18,42,42,56,79
20,97,49,79,69,100,12,93,74,21
43,12,35,5,24,49,92,36,24,91
74,50,24,68,28,24,85,70,65,40
100,84,89,100,62,9,51,25,53,76
97,95,88,83,51,11,31,94,98,54
85,23,56,8,42,83,31,26,4,47
18,3,30,58,54,44,18,4,68,70
80,17,16,19,99,66,81,30,59,31
35,95,5,42,54,47,25,36,24,80
82,41,35,12,50,88,7,67,44,26
36,75,42,51,45,41,68,77,22,79
7,8,73,12,50,79,10,26,14,33
5,96,74,91,59,75,31,65,42,74
42,29,100,84,32,44,76,99,20,97
77,79,56,2,42,5,80,51,30,45
83,87,40,8,29,50,83,59,66,76
84,8,4,83,43,35,78,18,86,50
14,62,28,69,15,21,26,46,71,7
91,5,93,82,13,74,84,47,32,49
22,16,56,77,50,98,12,28,67,97
77,80,10,4,1,77,24,78,22,46
84,64,50,29,98,14,2,81,12,33
29,33,100,37,10,50,86,73,29,53
21,5,84,82,60,36,58,35,13,32
80,97,95,81,77,92,47,78,24,58
62,53,43,14,41,4,15,78,76,43
30,96,47,66,77,6,1,87,92,66
18,23,14,64,3,90,56,1,19,31
59,32,35,1,45,75,4,59,5,31
1,34,78,99,51,6,56,4,92,47
69,9,69,82,73,24,23,80,24,93
10,34,24,45,86,21,71,41,79,75
71,32,61,48,82,11,6,38,66,97
84,34,58,5,67,30,80,41,61,55
33,22,89,57,18,74,29,41,67,7
15,37,90,27,37,72,90,42,61,55
90,44,89,47,100,7,28,79,48,40
34,80,62,74,88,79,99,16,19,65
75,86,54,16,12,42,39,53,35,99
8,24,95,48,23,94,54,50,25,53
42,10,85,3,35,24,33,33,40,52
50,66,89,55,33,52,96,72,5,30
70,12,5,16,59,27,10,64,29,86
17,70,95,1,24,29,24,56,13,15
59,14,32,47,68,17,99,63,88,3
44,9,66,1,25,24,27,86,39,7
71,55,28,17,7,3,97,83,59,61
97,17,75,81,16,42,97,66,57,36
20,100,44,85,100,20,60,79,57,98
37,79,53,17,95,11,19,43,93,77
56,42,46,30,22,13,23,70,78,79
5,97,31,100,33,82,20,92,12,28
89,49,7,93,17,53,4,35,96,96
64,51,37,61,32,10,73,54,79,2
85,83,50,15,35,82,48,6,25,60
33,13,60,39,6,76,92,61,10,87
56,25,89,45,85,20,54,57,25,33
10,9,67,59,75,1,92,23,58,16
82,91,29,41,29,86,16,20,46,77
58,53,2,98,97,38,69,51,47,94
35,56,2,53,67,29,6,58,51,63
74,32,53,54,72,82,91,39,53,36
67,63,40,68,60,37,58,29,39,4
74,25,59,27,77,25,55,82,83,5
45,8,88,49,61,59,30,51,49,35
38,16,49,29,35,8,17,92,88,55
95,13,31,6,40,8,30,46,41,64
51,85,71,38,86,83,49,67,85,49
1,74,16,49,3,51,9,19,94,48
26,41,61,56,46,52,15,27,97,56
91,99,92,13,89,77,48,89,44,84
37,96,58,53,97,12,55,5,82,100
4,7,40,64,15,37,67,81,64,64
88,6,14,80,70,2,8,17,42,3
1,79,99,10,83,95,21,89,51,2
88,54,61,28,70,27,16,36,7,79
51,95,36,65,26,6,18,85,74,60
88,26,90,38,87,72,84,7,12,34
61,99,39,21,78,60,47,94,96,5
24,46,99,60,62,76,17,80,61,90
91,48,68,80,37,54,3,20,61,14
5,73,64,43,93,42,3,91,87,50
95,10,47,46,69,9,73,85,40,33
27,30,32,94,61,68,99,63,87,11
28,91,83,91,86,27,84,40,17,70
89,64,80,87,61,100,95,33,37,86
66,63,15,49,8,27,17,6,41,55
17,68,46,51,59,83,78,94,22,94
64,62,9,43,48,69,42,95,54,78
80,19,92,47,19,51,73,35,9,14
90,77,81,87,27,91,69,4,85,42
50,100,55,58,42,2,79,35,96,32
65,28,2,8,74,20,59,46,55,19
11,96,95,44,34,21,86,54,25,22
47,74,21,1,83,62,2,61,49,50
92,65,77,45,72,2,65,82,99,71
100,10,18,94,5,51,15,90,4,91
12,50,16,84,2,98,98,3,11,46
4,54,10,32,99,81,85,15,63,84
85,14,45,2,8,49,4,74,90,59
64,1,60,31,85,61,28,82,63,90
79,19,44,88,2,94,20,87,8,34
22,44,48,66,97,55,14,100,80,3
10,43,56,69,73,92,29,52,25,43
94,3,61,89,42,15,82,61,1,41
47,22,84,46,39,80,100,4,31,31
58,40,73,13,8,97,56,36,100,80
78,45,34,91,33,75,5,14,88,57
6,34,30,89,79,68,20,30,71,2
60,28,41,84,93,100,32,48,35,83
80,65,28,13,7,12,88,63,78,27
71,83,60,100,72,90,67,43,71,89
45,82,68,37,65,60,37,48,60,23
82,39,39,61,3,45,73,42,59,50
68,29,32,27,28,55,68,46,50,38
86,94,19,54,30,35,65,66,34,76
41,16,66,79,76,69,24,100,10,82
49,78,63,33,56,42,39,76,88,88
13,25,81,84,78,63,70,95,80,56
70,20,23,36,99,98,4,74,98,65
7,98,94,69,30,2,11,21,77,50
8,41,74,41,76,4,55,98,98,34
53,19,6,75,54,4,24,9,77,73
26,35,71,19,4,52,20,66,72,48
15,32,89,40,72,64,43,26,61,92
11,13,11,16,39,16,19,63,77,47
35,2,82,57,72,37,61,44,2,32
91,68,63,79,7,86,43,2,63,55
93,74,20,55,89,58,71,60,72,47
58,7,100,91,15,71,27,75,14,80
7,5,99,21,35,6,59,29,59,21
84,51,94,55,58,35,12,80,94,84
78,51,42,77,94,56,99,20,31,65
52,89,69,50,61,55,7,71,84,65
92,67,68,37,73,25,23,84,4,68
19,81,71,12,9,64,68,7,83,50
71,86,90,91,36,2,46,94,73,29
59,16,47,78,52,19,2,27,54,57
94,25,89,64,36,97,27,55,55,62
56,26,47,45,68,34,47,13,80,19
93,90,86,39,67,89,9,20,15,63
76,9,39,64,24,74,12,3,81,66
64,36,43,62,81,11,48,79,75,27
49,68,16,34,6,82,22,67,1,89
81,28,97,19,43,72,44,54,74,24
71,37,60,14,51,40,76,98,70,50
24,18,17,91,3,75,72,24,41,24
12,73,3,60,91,45,84,34,50,57
10,20,46,69,85,96,60,12,45,29
62,20,98,78,10,100,4,33,75,96
8,39,68,10,50,10,6,33,96,55
42,5,26,39,73,63,86,32,74,30
12,35,1,9,65,10,60,20,94,34
16,53,24,35,62,74,45,19,58,40
73,99,44,50,37,68,12,22,99,38
3,62,24,3,70,88,64,81,8,9
14,75,61,90,9,22,63,53,92,20
44,64,71,87,66,59,54,77,33,4
66,87,65,90,90,86,29,5,66,36
14,32,62,74,21,71,48,83,75,39
54,19,55,76,57,20,87,63,48,19
18,14,5,83,3,46,68,31,51,86
19,16,17,32,89,37,54,36,71,29
75,76,99,29,4,7,100,90,69,47
8,87,60,64,21,14,62,40,97,64
25,15,79,93,98,67,81,52,55,51
80,81,79,30,61,82,88,60,71,9
6,30,95,18,45,67,83,6,6,79
69,83,45,47,27,43,66,8,94,20
10,25,100,88,6,60,69,93,71,39
1,28,68,47,45,13,65,80,70,23
10,91,5,55,37,83,49,54,90,94
25,100,70,76,87,27,35,56,19,57
46,72,85,66,70,81,30,35,60,99
57,70,89,13,76,78,95,24,83,37
69,8,36,38,83,74,16,70,29,34
26,27,57,10,92,27,91,21,13,2
19,69,71,60,33,46,89,27,21,71
63,89,78,50,78,61,24,93,82,4
79,7,30,87,69,21,13,11,93,77
12,64,45,35,23,77,80,11,56,53
81,70,41,11,20,71,23,43,15,4
46,93,62,28,80,30,48,44,92,93
21,56,56,17,90,30,46,21,40,1
73,72,22,66,82,41,88,56,35,2
59,33,95,21,60,26,2,59,21,46
3,41,1,58,10,90,87,55,62,78
7,35,50,28,52,83,21,39,39,7
40,49,39,86,69,50,63,23,61,36
68,63,76,20,73,37,9,59,91,22
37,49,56,38,77,59,72,49,49,62
55,41,11,46,26,31,47,41,5,59
76,24,22,3,43,46,40,51,4,82
25,92,31,32,81,59,91,5,59,39
66,13,79,28,10,57,11,57,49,67
15,24,91,88,78,33,33,69,36,89
51,60,80,33,91,13,43,33,17,1
72,34,65,2,62,75,10,24,83,58
90,97,33,80,37,11,13,69,79,100
57,81,59,89,65,1,53,7,34,69
59,5,2,24,58,15,50,68,90,32
25,80,80,10,11,16,20,75,37,50
74,45,31,32,85,47,85,37,54,18
5,64,74,59,39,31,25,88,50,15
71,27,94,51,36,4,18,55,31,54
4,4,99,86,88,35,33,72,72,38
89,28,53,62,86,92,44,11,31,94
77,2,20,70,4,7,25,21,61,55
27,16,11,77,54,98,11,38,69,82
75,9,10,79,70,47,70,65,9,1
10,85,54,81,54,9,87,31,29,99
37,7,15,47,83,20,44,46,57,64
27,83,72,88,61,93,35,31,58,43
83,19,28,88,100,33,96,86,15,76
85,52,83,51,50,17,70,46,62,78
9,41,60,81,28,20,25,14,2,34
57,84,53,36,23,52,20,18,37,35
46,73,38,80,75,39,96,96,84,10
73,93,50,32,25,77,52,1,91,5
35,99,89,87,86,63,38,57,33,26
91,78,51,80,57,25,19,4,21,2
13,45,46,62,77,22,91,80,23,33
84,57,83,24,95,68,87,32,24,19
9,67,48,11,98,4,88,68,59,60
22,72,4,67,85,80,89,27,11,63
59,47,19,41,70,13,60,8,96,36
78,56,2,25,67,51,80,54,19,91
13,40,62,68,6,98,100,46,25,10
60,35,8,78,76,30,42,87,37,89
22,67,97,75,91,63,26,23,68,44
13,32,83,26,99,40,23,50,38,99
60,97,34,67,27,61,96,20,47,85
9,69,51,5,95,93,19,20,67,38
15,31,21,49,56,71,89,31,21,78
29,32,26,14,50,52,74,98,24,21
82,32,41,84,88,35,28,58,7,47
47,21,77,19,70,33,89,10,63,61
39,43,92,64,57,42,68,82,91,91
2,72,74,94,7,13,81,86,22,87
32,68,59,9,38,80,93,26,41,7
87,79,49,30,95,57,23,62,39,13
52,92,36,77,38,94,89,18,80,10
56,63,29,66,71,66,98,63,43,38
69,81,17,70,63,11,78,85,24,16
98,75,60,33,51,97,27,91,66,58
52,73,20,80,90,91,97,87,5,91
25,26,24,93,47,86,55,24,70,78
40,67,4,51,52,6,99,78,96,64
87,47,88,6,78,77,96,74,16,53
16,92,78,39,84,24,24,38,47,94
67,38,12,70,40,63,75,38,92,70
53,78,68,92,84,45,21,31,18,36
35,33,27,64,72,62,87,47,99,86
40,17,75,4,86,15,66,12,4,10
33,57,39,100,48,74,44,68,57,13
55,91,97,81,55,20,42,93,67,92
30,6,8,5,9,45,71,27,56,26
88,88,82,78,87,82,52,82,1,60
94,56,50,91,88,56,10,82,1,76
25,30,34,85,86,94,29,8,72,37
34,59,76,67,37,15,48,40,96,1
99,42,56,100,32,95,56,93,76,56
21,1,37,6,37,23,99,65,30,71
1,15,81,29,82,69,43,81,60,38
81,10,79,88,10,62,83,17,7,10
24,27,62,12,32,98,34,82,63,16
4,15,30,37,43,63,57,85,44,17
75,24,26,5,12,87,19,94,55,25
55,78,3,17,90,86,14,75,67,28
42,23,95,24,59,89,86,15,26,29
83,52,5,9,56,16,47,74,61,2
98,67,31,100,83,72,37,49,47,4
28,88,26,74,63,36,63,49,50,40
29,33,91,33,93,46,100,91,72,12
92,21,79,75,73,13,46,9,61,92
64,41,32,89,14,94,24,28,94,26
67,23,10,9,7,54,7,7,96,78
18,40,98,96,14,22,9,59,31,21
3,94,61,86,35,27,31,10,54,25
87,73,99,96,81,5,1,39,11,97
16,81,36,66,76,1,87,36,59,69
9,13,63,21,98,49,47,81,58,53
5,45,77,3,92,9,7,93,48,70
41,63,50,28,80,77,28,19,13,86
87,73,51,1,93,100,49,92,80,59
44,84,3,72,38,46,80,97,90,27
66,30,42,15,57,73,43,36,91,55
74,78,79,24,30,72,23,31,63,3
89,58,38,43,29,28,88,8,24,78
87,89,7,28,55,16,52,97,51,43
4,24,72,82,47,1,5,22,31,19
76,19,76,65,61,4,92,1,64,15
78,50,55,36,29,61,51,80,58,54
74,13,29,45,46,76,46,51,49,28
69,24,99,97,88,11,52,32,11,15
46,88,16,1,76,96,13,78,28,70
31,1,34,60,46,80,87,43,82,87
22,2,10,20,98,49,31,50,80,93
16,78,33,32,30,8,27,42,85,6
64,68,7,97,27,52,28,65,46,9
51,67,63,12,39,60,12,69,61,44
13,77,21,45,60,2,52,38,43,89
44,6,56,50,55,34,53,82,98,50
43,100,68,5,11,6,16,22,74,29
65,87,57,37,83,16,38,35,5,81
75,100,38,30,49,44,63,53,26,12
54,20,11,22,76,73,27,91,94,53
71,11,91,27,99,73,94,37,59,99
69,33,98,6,14,99,50,76,3,27
39,57,98,1,78,73,73,4,63,19
8,34,81,98,12,79,71,6,15,81
56,83,14,5,41,27,3,42,55,58
20,45,14,17,46,91,89,70,46,3
88,54,88,68,3,100,99,25,57,13
6,12,48,19,16,40,97,71,81,51
28,52,48,41,68,93,83,56,62,80
10,2,85,98,69,88,49,67,12,5
32,17,16,31,87,31,70,36,53,50
38,80,1,85,72,20,77,54,27,91
86,36,92,70,85,12,9,33,31,21
37,62,89,52,92,28,35,13,63,87
14,100,19,66,85,90,85,13,96,11
3,81,98,94,50,83,6,59,15,36
31,52,49,71,55,92,98,41,4,60
80,17,12,98,82,48,87,18,60,82
28,15,62,77,8,64,59,65,74,26
52,4,29,100,74,35,43,24,76,46
35,55,14,46,4,47,93,90,64,5
24,43,19,37,20,78,52,78,43,25
55,46,80,83,46,6,70,88,29,45
86,63,51,51,9,54,98,53,95,61
9,70,4,27,7,23,5,10,52,99
35,7,44,66,41,41,71,10,81,99
6,18,14,56,68,22,61,65,26,8
26,35,77,29,13,35,3,17,45,54
67,31,12,63,96,5,3,19,14,35
17,72,52,30,79,20,3,40,36,81
47,61,15,23,41,27,10,43,96,54
49,14,36,60,76,83,64,31,1,30
17,18,1,69,99,79,40,54,70,75
34,16,88,100,91,28,26,52,23,73
57,71,39,92,82,14,74,46,96,75
27,13,44,27,33,94,57,24,47,27
50,32,94,37,31,36,17,9,87,91
81,43,61,71,86,42,37,60,39,32
86,65,96,81,43,80,74,100,3,73
78,53,4,71,41,35,59,57,43,45
99,75,40,59,46,25,53,82,84,43
65,21,60,13,1,2,92,27,53,95
99,30,99,54,53,39,88,11,48,82
55,46,9,94,57,54,19,61,87,54
3,3,27,62,15,79,16,59,5,68
5,55,98,3,9,2,41,48,12,40
30,18,86,38,12,42,43,82,54,81
87,8,83,13,70,50,92,37,8,48
4,12,3,53,66,63,54,58,10,17
98,39,35,83,28,98,76,70,31,81
50,17,88,85,82,9,86,25,45,45
72,1,8,26,5,73,88,11,30,50
27,27,88,13,61,68,10,88,89,40
68,91,9,8,75,90,16,60,66,13
4,37,13,11,15,17,35,54,79,64
3,6,43,43,18,55,10,80,95,98
71,14,88,79,21,14,20,89,25,85
1,80,74,13,42,88,81,76,93,60
92,96,17,86,38,86,92,47,17,86
96,88,52,36,66,24,49,86,12,74
22,12,5,95,76,47,34,9,74,27
68,65,22,36,2,59,73,94,57,90
31,4,77,82,39,94,6,88,31,69
13,53,81,17,47,56,63,81,16,37
59,35,53,80,70,55,90,43,100,98
84,30,1,60,64,40,5,69,79,36
89,91,88,69,59,34,77,74,66,92
62,24,27,14,55,48,20,96,42,19
93,25,1,46,36,64,85,41,84,63
76,72,5,63,93,63,48,69,88,14
12,49,89,90,15,96,38,34,91,79
5,36,56,5,81,91,20,17,31,3
79,6,26,35,20,18,49,68,38,37
33,50,37,73,39,51,68,28,37,11
59,41,98,14,97,78,56,68,94,87
70,24,44,47,10,16,65,58,83,2
46,67,3,83,39,94,33,59,21,21
21,79,61,18,44,9,47,100,76,40
38,97,15,81,44,76,96,60,33,30
61,31,96,16,13,87,9,97,45,29
70,17,60,82,34,3,91,80,54,18
71,91,67,37,24,10,12,71,69,96
53,81,26,48,96,90,86,4,39,82
85,60,98,96,41,83,50,31,14,4
1,84,46,67,72,69,76,35,40,96
31,44,28,8,91,76,50,29,31,40
10,15,99,60,10,39,42,60,22,56
15,22,91,60,88,15,81,15,49,72
62,79,15,41,39,57,16,40,85,47
79,47,13,29,6,75,67,99,86,40
6,100,61,97,11,100,63,91,66,11
62,79,42,76,20,80,33,87,19,69
33,49,15,98,77,72,72,95,71,57
35,28,56,47,76,18,99,38,9,16
49,70,95,90,98,66,21,82,52,39
50,37,39,65,34,15,88,57,61,58
13,95,86,20,94,61,37,44,51,45
59,99,67,5,88,16,70,60,97,74
98,46,62,88,62,47,2,50,3,14
59,67,61,96,86,54,9,22,97,59
19,7,57,37,12,96,52,33,55,48
58,4,45,71,91,7,17,44,8,71
57,66,37,17,62,74,22,22,96,18
80,66,77,36,2,88,83,53,20,89
52,30,92,96,100,34,54,17,77,61
39,85,79,76,2,92,49,75,13,96
45,92,61,21,79,14,8,13,66,79
1,69,8,92,65,8,25,70,76,53
83,14,37,61,41,90,4,42,17,16
37,61,59,50,81,89,63,40,1,81
18,1,49,78,44,65,85,20,35,60
24,69,25,12,29,66,2,84,7,70
99,95,30,9,96,10,97,59,49,49
91,18,49,91,95,44,56,79,63,42
90,38,10,15,49,90,32,2,73,90
71,23,36,100,31,32,9,79,42,9
27,32,27,27,22,73,70,29,52,84
22,93,73,31,59,21,72,42,23,96
31,93,18,67,93,100,50,53,78,91
14,56,74,92,82,47,64,3,28,67
38,49,60,10,32,70,31,3,12,5
99,94,97,68,12,41,68,61,46,97
3,11,53,28,2,86,75,65,41,54
84,30,2,95,40,33,64,22,88,27
78,38,21,26,57,84,67,24,45,64
73,99,74,77,27,27,62,53,43,54
6,26,84,7,20,75,92,36,48,79
62,25,68,34,50,24,18,68,100,14
83,72,12,56,48,38,34,61,42,77
15,47,2,98,6,74,24,97,9,71
27,22,95,94,8,96,69,77,64,68
90,46,91,53,54,90,91,87,51,84
63,17,31,17,66,36,90,89,84,50
59,10,23,53,55,30,100,23,6,63
43,47,61,85,100,66,75,42,4,77
25,19,45,55,35,10,42,76,98,25
77,8,86,99,12,40,81,11,15,38
26,9,85,38,93,84,3,19,25,58
47,1,76,91,8,62,100,49,89,49
26,17,56,11,16,67,51,48,78,17
85,3,25,69,40,69,52,94,88,28
51,34,29,79,25,36,92,76,36,33
25,61,49,80,24,64,99,26,11,76
42,96,30,18,16,21,86,68,14,25
47,16,11,27,46,87,14,38,62,50
70,38,62,70,70,85,34,68,62,96
95,3,43,24,72,59,44,58,78,9
82,76,76,92,3,22,78,16,11,92
17,32,29,31,1,50,67,86,17,29
34,11,31,76,86,55,86,81,12,15
89,45,91,65,89,93,86,18,60,48
61,29,79,42,59,79,91,25,17,60
53,50,22,36,77,8,90,63,88,53
77,29,97,19,93,37,63,30,7,75
77,67,3,7,8,61,85,99,37,53
58,90,2,31,77,79,38,18,93,78
70,21,6,18,40,50,7,54,79,13
28,55,79,30,61,39,42,97,89,79
2,46,20,3,28,96,33,66,65,77
95,34,98,100,3,89,49,9,42,79
73,70,85,4,99,97,42,41,93,30
19,46,27,90,49,54,85,33,71,1
10,65,34,7,16,88,47,16,49,88
94,21,57,78,24,56,74,17,48,19
46,18,64,72,7,64,78,43,97,48
43,58,65,28,16,80,15,62,96,15
49,89,36,6,19,11,13,92,28,12
62,25,29,78,49,35,41,26,77,89
25,19,46,89,98,61,69,12,74,16
79,23,4,14,80,74,76,44,18,55
7,79,32,35,56,80,21,97,57,49
37,81,19,83,70,16,95,38,79,69
53,57,43,8,22,74,34,98,69,51
4,75,29,35,9,37,14,29,33,70
29,21,51,47,55,72,62,50,61,40
70,65,97,64,24,18,89,57,67,57
7,71,31,36,57,91,72,71,71,56
92,99,28,94,45,83,65,6,84,77
97,5,41,93,68,65,63,8,73,29
64,80,51,94,67,8,36,90,30,6
45,21,4,72,67,48,6,83,5,89
60,1,93,52,46,12,68,8,19,41
36,34,20,39,27,86,46,14,75,75
19,71,47,22,94,13,21,100,96,77
88,7,78,33,58,23,96,26,82,15
66,69,48,37,7,27,74,52,40,48
26,11,70,73,84,63,37,5,14,84
33,54,90,62,38,48,36,33,25,17
47,42,86,47,78,92,73,3,44,64
50,21,74,71,45,58,85,34,14,99
17,46,4,7,8,41,6,43,73,30
12,20,23,97,66,52,40,90,54,83
53,55,56,79,25,52,36,9,85,1
59,2,46,62,60,5,2,65,100,75
46,11,46,20,59,11,71,98,52,24
33,4,78,40,34,54,91,69,14,28
69,73,81,67,34,40,23,36,56,22
62,53,84,7,72,42,69,42,40,20
17,24,75,46,63,9,99,53,29,12
32,98,36,12,16,70,3,38,57,58
12,18,10,47,24,33,89,44,74,80
63,42,3,37,87,17,45,37,69,74
1,53,23,36,64,90,57,67,79,13
76,42,82,86,89,57,18,77,100,44
8,62,37,62,51,76,78,95,12,98
20,64,50,94,100,14,83,8,32,14
21,7,55,54,92,43,11,62,71,10
57,78,24,45,91,74,20,68,20,84
66,92,47,15,85,98,80,20,58,11
85,78,18,39,31,61,34,93,74,4
55,82,34,78,79,24,3,98,44,74
33,61,65,32,75,2,81,7,21,38
69,5,67,86,95,50,99,28,42,24
84,96,58,17,25,36,92,79,85,35
53,18,95,17,49,22,70,81,80,90
19,48,46,85,86,93,34,36,20,28
59,3,75,68,71,52,3,63,30,88
49,34,57,96,3,57,17,72,37,96
62,55,43,59,92,80,51,25,15,23
4,74,25,79,41,96,30,96,10,11
35,58,45,43,53,47,99,21,18,35
68,31,42,63,90,33,42,92,9,57
66,13,82,91,91,74,38,72,69,99
82,55,56,26,97,61,72,95,81,90
82,49,72,23,11,61,7,4,5,15
60,70,79,41,12,21,15,1,92,35
99,26,42,55,51,38,67,75,85,99
16,66,47,87,40,9,100,98,13,4
64,24,25,43,65,37,15,31,89,7
17,88,32,58,94,34,96,60,8,32
58,23,97,57,10,88,17,9,37,29
64,100,5,40,94,69,76,9,51,17
67,67,4,50,77,97,83,72,8,43
3,17,17,51,73,78,90,42,86,26
70,1,25,74,41,71,94,68,79,96
84,45,63,87,94,91,35,28,62,94
70,16,11,87,18,35,64,59,76,2
36,98,54,60,23,94,82,69,14,60
64,97,4,78,36,49,68,22,77,81
16,98,48,78,36,17,12,100,75,40
53,10,37,6,22,11,52,3,79,65
63,95,13,18,72,48,19,92,70,95
72,37,92,72,14,80,88,25,31,63
16,83,24,52,40,45,15,43,100,93
7,14,39,20,31,11,19,49,54,40
95,25,76,39,96,89,18,36,66,48
98,81,82,21,85,21,18,99,16,17
43,22,30,82,93,12,44,64,13,97
3,59,73,79,97,21,67,66,56,84
13,5,65,94,77,49,67,94,99,82
62,41,55,43,22,100,55,17,63,19
13,17,77,38,95,26,58,14,91,65
97,4,69,13,49,45,13,67,91,11
100,52,52,7,95,25,6,1,42,20
19,54,36,47,43,83,72,100,96,63
64,44,18,84,9,18,29,21,85,19
32,36,22,35,42,16,11,99,16,52
18,86,58,6,33,100,88,56,100,35
18,15,30,87,99,38,5,79,59,41
97,42,76,18,28,18,86,38,16,53
90,86,39,99,43,23,98,30,30,49
16,100,16,45,86,14,83,90,44,93
82,40,86,58,9,13,27,46,2,42
99,43,79,89,41,21,63,91,2,92
39,17,91,54,62,77,19,96,18,62
40,100,53,25,9,14,89,35,59,90
28,57,85,7,97,25,27,59,15,29
51,6,97,93,11,58,21,30,5,91
43,44,90,48,68,50,13,8,84,71
50,11,80,34,17,28,58,96,87,25
76,89,30,72,81,40,82,54,21,86
44,16,30,85,15,49,34,27,57,17
49,58,79,80,91,48,8,100,95,94
24,70,34,5,93,66,45,74,19,17
12,62,84,93,46,98,41,31,76,49
47,25,6,78,4,96,25,63,96,19
56,71,40,89,76,32,7,72,58,25
40,69,87,24,61,84,73,53,15,49
2,13,25,59,42,80,7,66,43,54
36,50,24,27,91,51,59,97,22,68
21,62,88,59,37,48,95,61,52,9
9,53,73,85,12,15,65,70,32,59
23,20,8,46,46,98,97,56,94,70
23,15,83,10,25,19,9,19,80,61
27,40,65,52,77,28,18,41,97,1
99,19,20,6,65,66,4,13,21,49
82,96,63,65,57,88,35,66,58,66
78,37,58,42,88,34,70,57,26,66
57,24,85,77,81,1,94,36,13,66
85,46,61,99,62,70,38,49,35,96
14,64,84,23,5,71,8,74,27,33
92,35,8,28,11,89,28,4,76,92
70,12,89,82,63,51,51,52,99,37
99,64,100,82,87,57,52,94,82,30
79,73,65,86,100,27,26,79,83,2
22,52,65,11,85,27,61,88,31,11
76,29,74,76,11,12,32,14,58,13
96,36,38,12,73,89,38,99,20,20
52,41,23,16,3,60,95,15,47,25
25,22,5,51,49,15,14,32,81,71
97,76,58,86,87,31,74,76,81,45
96,32,86,70,99,40,29,45,7,27
21,31,1,26,33,49,92,99,33,72
69,29,47,79,66,85,61,39,61,41
84,8,24,21,77,22,12,58,19,18
84,39,1,36,16,33,85,8,31,69
79,52,49,78,82,14,62,42,4,22
34,87,29,57,59,58,30,71,15,48
88,50,39,40,86,54,73,22,13,55
90,44,58,90,21,91,3,82,32,6
56,65,45,36,73,3,93,3,25,7
2,65,9,92,4,46,98,28,67,10
35,8,53,44,97,25,35,99,7,18
56,14,35,100,49,7,55,42,61,79
100,63,43,60,6,99,5,3,78,71
65,12,30,17,56,26,94,90,76,52
7,32,65,41,31,13,100,85,6,60
16,58,74,10,17,80,8,22,34,86
44,98,49,74,67,4,51,60,45,27
11,4,58,27,96,40,91,95,25,97
7,40,6,32,1,22,63,9,95,97
46,91,46,94,16,12,50,66,23,94
92,33,49,49,11,45,89,2,91,65
98,49,56,55,81,56,28,43,16,23
91,61,65,37,7,80,100,56,45,23
1,37,7,50,37,18,46,77,19,36
41,68,37,48,22,17,4,1,59,71
75,2,32,39,38,90,18,89,45,15
11,45,3,70,46,39,87,91,16,57
79,8,76,15,56,49,31,11,49,41
81,24,94,64,14,31,53,84,72,97
98,82,94,100,3,39,90,41,82,5
97,60,65,24,26,20,24,8,30,73
48,10,48,42,74,61,24,78,44,95
27,93,29,20,44,31,10,34,72,91
90,20,2,54,96,27,25,19,34,54
43,34,16,90,27,41,3,2,18,98
49,44,43,29,15,86,11,25,19,34
67,61,6,21,66,1,99,91,71,85
44,14,70,11,55,96,51,9,49,21
7,49,64,49,77,31,86,88,55,57
21,73,17,26,93,82,78,44,72,49
28,68,62,97,78,68,44,29,77,44
1,83,93,64,83,69,94,68,8,100
24,29,25,92,6,69,74,84,12,97
84,91,64,97,87,42,64,82,22,40
26,22,74,18,37,56,38,83,76,46
34,51,26,58,43,31,27,16,66,90
12,49,81,76,45,19,69,9,1,42
100,78,15,74,47,51,81,84,33,8
29,19,59,54,76,1,37,54,68,2
44,31,3,24,58,47,94,26,7,94
19,59,23,33,84,69,84,64,53,68
24,33,86,82,39,14,34,27,67,1
28,62,31,82,37,89,81,31,66,39
76,85,97,99,17,80,19,100,96,71
20,19,56,57,100,46,70,33,72,89
33,51,50,15,33,87,3,13,69,21
51,44,5,100,94,21,79,13,73,74
83,44,92,90,100,43,35,70,75,58
58,59,9,59,26,93,45,28,57,13
100,59,9,4,58,2,77,89,14,1
62,49,44,6,38,43,48,25,64,23
34,73,33,42,32,58,86,28,38,42
41,37,1,1,93,10,2,69,98,16
21,60,64,64,65,53,58,64,29,74
86,63,46,71,56,29,28,42,57,65
83,49,54,35,49,46,45,50,66,42
65,86,53,80,1,69,33,10,33,13
83,70,75,81,40,31,9,20,72,65
36,6,13,89,41,13,86,37,63,51
30,79,88,83,11,40,3,43,50,35
7,84,57,82,64,96,12,73,15,35
37,51,40,2,91,32,14,77,20,28
79,50,59,67,84,69,58,86,63,7
73,69,91,29,50,54,24,13,78,91
47,67,93,39,20,83,22,33,11,42
13,90,91,71,8,26,39,65,11,1
24,83,69,14,11,71,19,87,83,97
29,82,15,73,20,34,7,41,18,18
34,30,59,76,52,66,1,90,82,12
42,5,46,63,18,9,33,89,95,67
37,75,48,51,47,67,36,5,60,53
22,45,35,32,21,86,97,21,28,31
84,69,35,30,83,5,90,67,93,36
34,81,10,81,31,8,100,18,12,11
70,86,7,4,17,27,90,66,100,17
96,35,37,30,16,72,34,5,38,78
40,71,58,49,4,40,8,55,57,72
65,79,57,71,82,25,50,23,42,1
91,89,35,28,19,51,51,4,7,88
34,47,11,43,47,66,83,55,20,91
26,36,69,34,58,51,10,59,25,52
59,16,40,94,95,10,96,45,66,2
32,99,48,94,41,47,59,75,53,30
18,30,65,86,63,75,88,72,33,13
75,92,28,15,37,22,24,32,66,41
85,49,39,85,95,32,31,5,58,83
35,75,12,51,13,26,77,100,49,10
64,24,53,91,90,89,64,65,72,29
6,56,30,96,92,76,79,22,80,37
56,66,63,19,17,75,96,93,75,45
54,38,20,6,81,9,46,44,73,17
25,30,25,6,26,16,81,4,90,60
92,97,26,55,16,94,29,11,38,55
7,92,45,26,49,25,86,95,20,11
63,44,40,87,1,17,55,81,73,96
93,64,92,70,18,59,15,99,22,52
53,28,95,97,6,44,73,43,90,93
53,52,88,45,91,89,13,97,21,85
92,65,49,35,86,18,94,100,16,67
4,21,46,98,17,3,93,42,46,82
34,50,34,73,46,76,61,59,72,34
43,15,98,43,49,36,61,94,35,28
12,38,48,58,36,17,60,80,58,5
62,91,7,47,15,52,22,28,10,93
61,5,7,10,47,7,45,59,53,32
87,64,69,34,21,56,50,33,36,7
89,97,49,95,95,64,99,16,91,8
60,3,64,18,64,11,24,9,69,28
40,55,92,60,41,64,16,42,96,3
49,37,51,49,31,45,64,29,60,6
89,71,8,52,88,24,14,63,32,35
91,23,41,34,34,81,97,49,23,45
3,23,81,53,23,63,49,87,44,60
92,84,30,52,35,17,75,1,80,58
35,70,32,75,55,65,56,51,66,30
47,20,4,79,73,26,42,21,12,37
81,56,20,62,59,6,79,85,6,10
94,40,79,77,67,85,93,22,35,58
3,34,78,6,12,2,31,5,74,95
41,6,2,60,68,60,18,98,96,23
7,89,15,37,65,81,21,57,54,7
67,56,40,96,13,52,49,95,8,74
89,49,80,42,60,99,53,77,96,48
100,54,88,14,90,4,46,10,13,99
16,31,6,8,26,18,11,26,12,18
99,53,66,78,46,78,28,99,54,23
46,5,28,86,70,17,89,15,78,1
13,46,31,18,53,8,87,63,33,51
32,32,55,98,61,100,75,89,50,80
63,96,85,91,33,54,59,21,69,37
74,33,82,4,3,86,64,89,100,96
91,31,79,97,80,92,97,6,32,46
86,46,93,70,88,25,23,47,98,43
35,71,76,16,26,78,53,89,18,52
37,61,82,67,57,62,58,5,67,41
3,4,87,47,73,74,24,48,20,21
42,54,43,17,21,68,46,73,9,16
24,97,76,58,15,84,71,73,89,89
13,43,93,51,89,17,25,12,64,96
84,6,2,26,74,22,46,72,47,6
87,22,2,14,79,68,97,1,40,37
90,5,79,34,7,20,50,31,31,14
27,15,71,28,92,96,1,37,67,47
42,5,21,95,18,51,63,67,52,54
3,41,10,34,74,17,5,75,99,87
40,77,1,10,56,45,58,57,33,24
55,27,29,75,21,98,26,35,64,77
41,19,69,2,4,94,70,8,68,69
94,8,45,47,69,53,91,26,9,23
2,63,49,30,90,22,27,15,8,43
43,100,61,63,2,64,56,23,71,75
91,16,34,88,62,3,40,4,80,100
27,81,14,27,62,3,100,41,69,8
83,63,7,95,25,60,58,32,83,80
59,25,95,92,12,9,94,3,12,26
54,90,6,68,17,68,70,68,60,91
75,42,53,34,36,30,93,45,61,27
76,19,52,22,63,15,30,8,18,94
33,71,83,39,90,51,58,12,19,17
2,45,10,6,78,97,35,23,93,48
49,68,18,100,89,80,15,71,88,84
16,72,6,98,10,96,1,19,7,19
87,60,63,48,65,41,44,52,63,88
99,11,55,68,63,96,100,77,18,87
12,33,58,17,82,20,12,82,90,70
100,29,81,63,76,46,55,72,49,69
59,99,31,14,66,93,61,65,21,30
3,32,62,13,1,43,84,64,25,25
34,24,53,66,38,29,11,44,100,11
64,58,9,95,23,27,39,35,43,12
64,98,95,25,10,95,20,45,59,44
69,44,19,22,9,9,50,72,4,1
82,68,10,43,14,85,69,4,19,63
15,35,60,62,11,21,56,30,65,14
25,86,9,96,7,18,56,8,89,59
60,22,78,69,16,43,5,84,47,24
99,13,58,58,74,68,31,30,50,47
95,74,32,4,69,90,73,76,49,13
35,60,34,64,81,2,7,85,37,53
8,35,17,17,45,91,37,75,72,38
21,18,11,5,73,32,46,45,7,95
9,93,6,95,57,86,96,63,71,32
67,30,67,83,99,11,25,35,37,96
72,9,66,34,13,38,17,59,35,76
5,43,68,10,37,76,48,32,38,18
16,56,47,82,39,45,44,63,31,80
11,54,40,76,88,53,13,4,63,99
31,19,42,99,80,30,26,27,62,64
96,77,71,43,10,61,39,5,24,70
84,86,23,23,13,62,27,77,18,41
76,48,11,17,98,43,46,24,69,59
39,17,87,9,59,48,70,49,52,45
18,87,82,93,62,94,6,88,70,23
81,97,23,91,65,72,33,63,95,54
21,33,70,60,94,80,7,15,28,11
11,98,97,92,42,58,37,99,98,6
74,30,55,96,20,19,67,5,81,14
10,54,98,31,65,91,10,23,57,89
33,67,38,30,58,31,39,94,30,36
52,3,65,58,50,37,76,68,93,9
81,2,14,79,84,78,21,45,100,78
33,33,96,23,14,54,5,52,99,34
88,2,88,4,59,89,40,87,57,32
95,89,85,8,67,68,85,40,12,36
69,97,20,64,71,33,69,75,37,20
61,76,21,100,79,80,89,71,18,97
54,12,85,91,71,4,10,55,43,74
42,63,22,62,26,92,46,47,18,34
66,30,9,86,82,40,17,22,10,34
18,15,97,2,5,67,57,15,73,99
88,15,13,9,28,91,52,25,37,21
59,2,51,67,39,32,58,56,5,67
41,22,34,38,75,38,4,32,4,77
82,91,43,95,51,70,85,54,46,21
75,4,74,77,23,12,60,80,19,64
99,12,85,32,49,59,21,4,90,25
32,24,67,74,18,70,95,54,23,41
26,49,96,99,25,70,62,84,2,33
99,52,44,83,83,44,94,55,99,35
31,31,58,98,56,27,19,51,80,41
43,5,42,90,55,66,60,17,2,13
1,52,64,44,35,46,39,80,52,37
66,83,67,24,32,23,2,50,25,82
42,19,38,83,8,93,1,19,61,54
31,61,5,94,56,91,91,94,70,43
30,36,25,97,11,56,71,64,57,95
45,98,13,35,33,72,79,33,91,39
86,21,51,42,67,6,33,57,99,54
99,80,89,75,76,51,82,98,15,38
44,11,88,56,97,20,80,75,4,70
65,41,42,15,82,8,20,66,65,70
20,15,50,60,42,77,63,23,75,29
13,18,39,52,26,88,23,5,62,26
26,27,18,67,41,99,27,13,17,43
82,36,57,31,95,98,8,57,73,34
85,37,51,76,88,76,63,62,32,76
39,57,54,56,76,47,6,2,59,22
44,92,57,52,75,4,2,82,60,74
15,97,62,17,24,1,45,38,62,76
13,100,85,19,55,60,65,12,13,75
34,8,18,42,59,92,45,60,25,5
85,91,53,46,8,76,98,4,13,59
79,77,10,15,95,16,74,11,28,38
37,61,45,55,54,56,46,99,67,23
55,4,13,7,1,72,34,99,75,46
9,6,74,19,20,69,86,46,31,13
83,68,25,80,22,79,87,19,77,53
41,83,8,6,89,9,29,74,7,4
19,15,9,44,85,80,64,71,25,95
35,60,62,12,91,35,90,77,5,18
81,98,100,89,55,40,97,83,13,3
86,83,69,46,26,54,26,42,76,50
36,10,61,49,21,51,35,62,27,39
79,60,88,30,48,42,21,96,25,85
50,62,19,18,8,45,71,85,38,98
34,73,8,95,73,28,45,7,90,24
45,20,83,85,2,82,26,22,77,50
59,26,12,77,43,71,73,66,55,10
63,40,82,22,34,54,50,31,12,91
6,9,62,40,93,63,21,18,37,49
20,95,74,31,23,68,53,96,85,7
5,100,46,39,21,32,44,22,14,56
12,19,64,26,58,8,88,30,25,76
78,44,22,51,26,45,70,78,40,55
84,96,6,82,86,26,13,30,100,78
37,63,96,52,88,5,59,28,86,83
3,63,79,25,65,4,21,34,34,12
40,69,7,45,50,93,23,14,74,22
91,62,84,38,13,24,94,71,51,79
5,53,41,83,29,57,39,49,91,24
12,82,92,19,79,94,63,1,59,88
74,2,49,57,39,61,32,85,83,82
63,87,87,56,22,15,64,60,16,6
83,27,88,26,97,66,19,11,18,30
98,91,31,46,99,69,6,31,5,88
12,20,27,98,27,48,65,90,7,32
96,41,10,83,18,7,100,89,17,17
18,15,59,48,12,57,68,18,87,73
57,51,92,83,100,18,30,64,59,88
47,54,80,57,88,98,63,87,86,31
55,3,97,13,2,9,70,69,78,8
93,34,10,84,17,10,53,98,25,12
38,72,17,17,28,5,66,42,91,3
24,46,57,21,10,58,81,79,27,58
39,19,91,48,55,59,9,59,9,34
22,46,57,39,14,84,95,32,77,85
34,52,82,91,24,92,100,4,22,78
61,12,49,4,60,3,62,68,13,70
53,35,67,9,25,33,44,19,64,20
55,97,24,89,39,47,32,39,51,5
16,63,17,64,66,76,18,28,95,31
49,48,17,68,56,93,100,100,63,63
71,69,11,94,9,50,93,40,40,95
45,55,57,61,71,23,88,88,2,34
70,2,81,38,69,89,30,20,88,44
34,10,13,45,56,21,94,48,13,33
94,9,39,50,69,9,24,8,49,25
41,18,79,74,56,99,62,37,19,1
81,52,62,45,96,69,17,41,68,29
25,61,37,64,11,57,24,34,16,72
11,9,42,89,82,49,39,95,85,57
47,17,61,60,13,8,29,30,49,96
10,25,57,47,40,19,55,16,4,71
87,66,79,80,54,12,28,93,58,65
1,56,33,61,15,46,69,43,75,69
39,84,45,47,82,85,65,37,52,20
59,38,86,89,70,91,52,49,35,9
13,36,64,46,48,78,43,68,73,69
88,63,4,33,9,86,69,25,74,20
96,32,9,81,72,30,72,23,79,6
31,91,93,46,88,93,75,82,60,47
50,48,9,54,32,69,91,52,45,64
71,41,47,31,73,70,61,44,92,39
2,74,81,46,19,21,38,93,2,98
92,4,97,100,57,80,21,47,31,17
62,53,57,60,83,30,29,95,25,20
85,78,93,18,24,63,90,61,55,91
10,98,94,6,50,2,37,70,100,67
86,61,19,95,72,54,24,100,100,100
71,37,78,15,54,1,77,43,13,84
85,23,81,31,80,30,32,17,51,32
35,37,44,54,83,68,59,6,67,58
57,90,46,34,4,99,86,81,93,51
64,78,25,44,60,56,26,91,72,76
74,59,64,70,64,46,37,22,3,55
31,60,44,77,45,48,27,31,80,20
81,43,49,57,38,8,12,63,50,36
91,24,94,54,45,57,100,81,30,2
87,12,61,31,88,58,30,67,40,9
38,72,3,86,28,40,45,39,55,94
74,97,69,67,50,13,75,49,45,4
3,32,16,15,14,55,72,43,21,11
3,10,82,5,95,9,96,91,100,50
85,73,46,5,92,48,18,66,48,14
22,50,97,89,17,10,43,88,4,16
51,6,25,84,10,72,45,58,62,44
7,98,16,5,3,59,4,20,25,51
85,98,53,82,86,69,43,80,8,47
95,10,4,72,94,66,43,38,23,56
33,81,54,100,37,56,59,40,27,35
91,11,32,43,92,69,63,35,48,70
33,43,32,36,66,25,53,60,14,75
15,46,56,68,97,92,23,55,32,1
41,74,12,24,68,3,92,30,89,40
51,73,34,82,9,99,58,61,58,71
88,72,68,95,92,17,86,66,23,69
67,64,94,78,87,61,32,79,42,73
70,93,45,3,26,5,1,84,18,10
6,5,33,26,51,24,42,36,90,64
57,8,27,50,37,66,63,20,96,4
92,65,48,89,19,74,93,19,9,62
80,14,18,12,91,68,36,32,56,77
48,12,36,26,13,72,91,27,91,38
31,35,2,30,23,20,55,67,90,63
81,69,29,98,81,19,66,68,3,73
96,50,84,31,27,48,2,70,27,44
7,9,30,61,38,52,32,93,71,74
7,51,94,35,100,74,6,17,93,60
89,88,61,24,70,87,72,71,56,50
67,15,58,96,75,95,100,6,39,22
31,46,24,25,80,23,50,37,40,43
96,28,82,56,52,52,95,75,74,50
24,40,64,81,88,90,27,87,48,66
8,78,11,31,2,42,5,4,31,44
46,78,24,79,34,27,82,80,1,56
81,76,47,97,8,34,86,86,20,85
51,79,63,13,61,16,7,66,71,37
9,16,14,32,47,99,10,28,78,10
83,59,37,82,7,96,15,92,82,87
29,32,65,43,97,78,10,3,43,81
39,3,48,52,87,94,3,96,22,80
6,56,90,94,37,96,90,4,40,71
90,68,54,6,10,50,83,19,52,77
51,42,80,99,46,66,92,48,61,65
79,18,73,69,12,61,16,53,64,7
75,5,26,80,63,87,30,45,58,33
74,8,27,53,6,72,18,50,19,30
66,97,48,38,17,11,51,85,15,14
91,89,71,69,68,33,55,49,29,12
34,2,20,60,54,77,31,23,26,1
5,92,49,52,81,66,14,31,2,80
97,44,68,67,12,87,51,67,88,79
30,21,81,1,80,86,78,62,61,55
62,65,98,62,68,79,79,81,61,80
12,57,24,79,75,87,17,25,5,4
4,35,76,36,35,55,73,64,68,33
19,81,97,16,43,64,46,21,96,7
53,59,63,28,37,90,14,6,14,71
9,69,5,85,4,91,91,77,55,11
61,25,91,58,92,85,73,38,6,21
44,10,79,58,37,68,47,2,73,13
72,33,81,28,69,37,19,60,13,25
70,73,1,12,82,92,97,7,81,54
27,24,63,57,34,51,76,32,52,48
44,24,33,77,3,1,13,21,12,25
97,33,49,49,45,83,41,93,89,21
46,67,97,60,23,82,10,51,13,61
50,9,36,82,85,39,35,97,11,46
73,60,31,73,8,27,55,100,19,43
21,16,9,69,75,84,50,84,34,14
96,83,22,32,17,58,22,51,54,84
96,78,43,78,51,51,4,5,2,22
100,74,37,60,42,63,43,43,98,28
57,94,63,30,77,79,88,50,29,93
33,76,71,76,54,73,78,57,29,79
31,28,53,19,40,46,34,82,89,31
62,97,76,24,78,52,2,65,1,82
58,34,57,80,61,62,52,38,71,80
68,53,60,72,23,99,18,56,32,58
87,45,6,62,68,83,66,21,100,18
54,57,51,63,88,63,24,39,52,46
70,20,98,81,91,21,79,60,28,63
69,66,7,74,80,27,9,45,99,8
62,53,16,65,15,3,27,90,41,31
36,62,50,85,43,92,57,73,52,85
87,72,50,46,98,29,72,6,25,70
65,39,74,80,3,88,82,81,30,74
11,65,35,12,1,29,4,58,54,7
94,40,30,95,85,27,76,8,84,52
30,48,90,3,27,44,43,60,25,72
33,87,88,20,51,88,100,54,97,53
12,42,45,41,37,29,68,64,89,51
15,18,51,5,20,29,48,14,89,24
85,73,63,24,44,13,12,44,18,8
48,29,50,92,21,38,73,40,1,61
91,67,30,93,71,49,21,71,15,9
94,99,34,8,23,77,20,86,72,89
45,72,17,46,15,90,35,87,29,35
99,71,2,80,63,24,81,84,94,95
44,40,45,77,47,19,6,19,4,77
7,1,48,76,46,15,17,81,53,45
67,4,16,20,83,30,96,63,65,89
57,9,80,2,37,79,20,42,97,76
71,55,76,70,82,21,84,98,53,89
95,72,92,10,91,74,39,38,37,4
27,93,64,58,94,52,36,66,46,84
41,16,91,16,37,72,88,73,22,93
61,16,64,52,77,6,25,15,44,61
70,22,6,85,79,51,37,15,16,82
50,8,49,40,23,37,12,63,61,85
55,21,100,70,24,76,75,49,42,70
61,64,91,18,100,22,69,88,88,36
21,37,44,21,77,18,58,40,80,18
24,86,91,75,55,14,2,82,14,95
51,75,10,94,44,10,15,12,97,54
48,18,90,91,90,18,8,47,57,40
17,32,25,7,58,80,20,59,61,34
6,63,60,15,8,55,24,74,67,73
27,66,42,69,56,31,86,15,30,95
54,46,26,31,52,36,10,23,46,22
8,51,36,19,66,44,74,41,69,92
13,96,57,54,64,64,37,49,78,66
95,84,11,21,14,14,8,75,88,53
48,48,4,35,66,69,30,91,9,99
82,74,94,90,79,9,53,15,9,83
32,4,66,94,76,31,7,83,57,47
35,56,94,90,90,11,58,20,2,19
70,35,44,63,25,22,23,77,89,31
59,20,86,76,66,61,58,72,95,66
70,82,21,63,71,63,74,81,34,27
51,3,61,94,17,85,67,39,14,7
21,24,79,59,100,44,71,9,67,66
75,37,99,47,99,69,9,24,1,42
50,51,96,63,96,12,99,63,2,12
21,23,88,99,33,87,42,3,47,9
20,21,97,18,20,95,87,28,71,39
22,72,90,17,34,85,81,33,99,82
96,20,56,35,18,88,21,12,91,20
72,10,92,68,28,11,14,66,91,84
4,12,56,45,80,89,30,60,73,80
42,21,99,49,55,69,37,28,80,27
47,3,88,90,70,67,1,83,84,91
67,88,54,74,84,33,62,13,45,87
45,38,59,43,86,65,63,22,92,94
100,90,96,40,32,65,6,32,100,90
74,66,29,27,39,12,11,52,77,55
90,21,92,100,15,30,65,30,51,8
23,3,50,71,42,81,35,47,64,86
88,37,3,16,15,41,28,25,45,56
32,86,76,75,86,42,4,50,71,7
9,94,9,58,64,2,90,50,100,53
36,88,89,38,55,3,31,34,80,27
89,11,12,64,85,49,6,41,50,28
47,59,73,7,68,36,60,58,38,59
10,25,98,51,14,53,5,96,86,36
74,27,46,38,90,83,86,47,23,36
27,21,46,99,79,13,87,38,22,24
48,84,100,46,34,65,50,90,61,87
26,86,13,23,23,55,57,9,53,79
96,79,51,93,78,29,5,64,18,79
39,66,62,90,63,47,54,64,36,66
50,13,4,15,36,26,21,92,86,73
23,81,52,25,73,81,54,30,44,71
60,34,88,21,75,50,67,80,65,54
46,15,67,1,81,54,26,1,97,12
73,71,44,76,96,69,56,49,50,51
71,9,36,11,29,10,12,47,90,77
52,87,43,18,87,23,23,12,75,20
75,99,90,19,75,37,87,82,85,36
33,8,44,68,70,24,30,81,22,19
57,73,5,99,43,43,73,65,54,47
36,81,46,78,99,72,14,85,53,51
72,37,10,15,5,79,90,86,59,11
4,68,83,60,18,25,54,43,42,59
89,77,39,86,6,37,9,20,73,62
22,44,98,31,58,54,61,47,39,71
57,94,38,92,5,8,16,58,50,9
17,90,86,55,76,91,92,36,62,64
97,83,8,47,65,17,100,25,16,91
96,24,84,85,15,89,92,83,98,41
91,14,31,28,69,58,71,60,93,32
75,42,67,34,88,31,51,39,8,66
29,3,89,65,87,4,5,31,38,2
71,28,68,1,56,36,10,26,47,3
9,21,44,27,55,83,58,5,21,17
22,2,19,10,18,57,65,74,87,54
27,10,82,94,10,89,29,72,66,75
74,26,48,69,53,2,51,62,58,23
78,79,76,48,40,93,56,57,66,43
10,93,4,43,86,65,31,67,36,48
41,61,74,40,29,26,41,31,87,50
6,16,80,81,63,20,26,18,76,43
12,37,35,15,80,73,32,10,91,67
10,83,28,83,23,8,60,15,91,98
65,96,13,44,28,75,15,53,44,90
96,8,27,82,74,58,6,5,67,48
24,76,31,51,10,53,10,69,19,100
66,83,47,78,79,75,4,93,79,100
35,26,7,13,60,32,70,17,89,36
65,12,64,95,62,25,99,71,94,17
23,59,52,69,89,30,95,44,74,74
43,8,51,1,20,10,85,89,27,73
77,91,84,92,37,97,16,87,67,9
55,89,20,6,10,60,87,4,3,61
29,46,68,80,98,40,89,82,28,67
54,56,57,37,47,45,33,63,31,52
23,86,92,94,43,53,53,82,57,8
42,85,5,61,16,2,100,5,36,80
71,41,35,80,30,82,24,14,96,7
65,70,44,9,16,86,61,20,67,69
27,60,54,83,21,69,85,72,25,72
51,48,12,86,79,41,19,54,55,66
60,71,87,3,79,54,41,92,74,59
60,52,19,65,35,91,86,71,62,10
42,65,9,5,2,87,46,72,41,52
37,52,22,75,7,1,29,47,44,54
5,3,5,75,20,91,65,5,61,79
66,54,43,75,59,44,13,56,15,53
7,3,5,28,29,63,80,9,9,23
62,65,78,19,92,97,61,56,1,74
86,18,27,28,92,37,23,5,92,89
9,50,91,65,78,72,27,9,80,87
84,94,52,13,64,43,9,24,50,61
97,88,78,76,15,22,12,90,26,56
78,86,5,21,51,34,92,29,43,71
16,78,16,67,90,79,61,98,3,62
10,51,49,39,26,16,60,38,5,37
93,34,23,49,54,25,83,45,53,77
68,68,54,83,86,43,62,98,92,16
60,53,66,60,91,92,27,51,81,83
87,25,17,61,73,22,85,55,67,38
83,86,57,36,68,43,30,81,92,21
96,3,73,14,63,64,5,89,66,85
72,4,9,40,65,33,61,49,88,79
38,22,64,47,58,84,41,87,64,32
60,12,35,32,25,49,47,29,37,12
65,60,68,25,51,32,57,12,32,96
90,22,18,6,68,27,89,8,13,4
91,72,15,25,56,91,73,54,71,62
18,35,73,85,11,24,16,20,87,47
15,28,20,84,85,87,10,25,46,75
29,37,98,95,61,53,86,86,7,56
99,24,43,23,8,53,98,75,24,84
73,39,64,93,74,48,79,36,73,77
62,53,13,59,47,25,12,84,10,70
92,60,45,34,83,4,38,32,78,62
68,50,52,31,94,77,30,25,12,54
1,73,6,13,84,5,37,47,88,99
16,79,10,12,64,44,15,2,76,44
15,43,45,18,73,39,94,2,63,58
8,63,82,13,27,65,17,63,11,57
13,78,35,23,41,51,66,55,4,41
50,18,83,95,87,7,33,80,61,47
37,68,61,71,80,87,35,49,49,98
5,14,27,91,36,68,41,53,22,44
94,72,13,28,18,99,35,2,31,47
48,19,14,8,89,45,46,24,45,46
73,49,59,99,92,46,66,32,99,40
28,92,63,92,71,80,91,57,33,73
3,80,91,68,39,80,65,84,55,9
29,27,58,40,25,1,85,43,32,83
82,11,26,96,3,97,27,45,53,59
17,8,38,7,75,28,38,39,11,92
48,91,18,57,30,95,9,15,37,40
49,70,3,75,17,57,71,43,1,75
1,69,82,90,27,9,17,65,47,79
56,46,69,26,54,51,20,62,17,8
54,65,77,56,39,93,12,61,87,64
36,87,84,69,76,10,77,92,74,76
22,82,21,42,7,27,92,26,88,60
33,93,25,61,100,15,5,63,76,43
78,63,29,61,31,4,71,60,47,96
35,68,77,7,61,83,33,5,60,73
64,44,65,40,56,17,55,12,79,82
54,57,96,82,17,26,37,39,37,35
35,71,54,63,78,15,98,62,19,57
34,34,53,51,74,8,67,28,20,45
61,25,53,56,59,22,33,95,60,70
82,46,40,35,9,69,1,58,31,71
14,64,5,66,66,78,26,32,57,97
29,17,21,33,72,79,54,4,26,66
73,59,11,65,45,71,33,46,28,15
68,94,79,72,11,96,1,88,28,57
84,8,73,57,40,44,35,46,100,12
11,72,70,73,36,15,44,21,12,23
35,79,68,65,3,79,61,3,18,40
60,2,99,32,58,90,28,44,35,27
56,97,50,77,70,86,91,65,58,2
39,44,33,7,9,35,37,21,37,54
12,96,7,62,80,64,51,7,8,38
85,15,34,34,91,55,71,34,19,28
87,58,72,71,16,32,5,52,4,42
57,67,89,64,28,20,27,30,78,86
19,62,52,5,96,95,59,66,80,30
46,66,39,69,37,54,52,93,57,55
86,13,73,27,76,52,46,55,81,24
92,52,85,96,56,32,90,66,50,69
95,95,86,85,63,74,38,66,67,46
72,52,11,44,78,38,95,24,92,27
99,36,30,35,31,85,67,20,51,16
40,97,62,25,82,24,99,71,41,17
69,12,68,79,55,98,16,1,73,60
79,71,95,9,5,77,45,23,48,95
38,87,44,99,63,77,74,13,47,14
29,67,77,49,45,83,46,61,35,70
72,14,40,18,74,96,94,18,71,41
65,8,79,8,59,41,36,84,6,34
50,34,1,26,82,45,61,79,57,95
48,80,8,39,97,33,87,90,51,57
82,67,16,60,26,74,53,61,10,58
94,59,43,46,36,77,91,96,55,99
91,55,31,50,93,27,83,79,69,85
87,50,51,3,62,76,76,14,88,85
23,81,95,65,79,83,41,21,78,48
19,20,2,49,70,46,28,4,77,96
88,63,45,90,65,6,17,93,71,4
29,93,36,24,10,14,6,2,34,35
49,5,55,50,5,76,96,32,79,72
79,18,34,24,59,51,81,75,43,4
30,71,48,65,46,57,31,51,59,16
38,7,20,92,9,77,67,56,60,97
79,39,66,64,14,24,14,94,50,56
49,79,79,97,95,24,53,25,27,63
93,64,22,64,55,82,40,73,37,100
21,15,90,86,30,3,9,44,48,10
51,97,88,81,93,82,5,97,59,31
12,51,94,33,66,100,14,6,72,2
57,92,68,46,29,97,100,89,92,47
98,43,95,85,75,39,18,79,36,28
9,47,30,54,31,96,53,44,53,76
45,9,67,12,6,47,60,5,35,52
3,32,46,98,68,20,36,38,99,23
17,59,21,47,13,51,42,65,46,46
41,42,54,59,5,11,6,65,15,92
68,69,76,13,66,95,32,54,32,82
28,49,41,49,47,5,51,40,21,49
85,13,42,90,24,47,100,81,63,66
72,30,34,99,94,52,94,77,57,77
59,84,77,51,84,23,7,87,62,27
87,46,92,28,35,15,26,86,47,88
51,18,69,85,17,14,88,62,91,44
38,1,79,15,3,63,37,9,49,51
87,35,48,78,14,83,44,40,68,90
79,71,60,100,7,28,13,94,89,3
37,78,55,15,44,57,29,33,65,29
83,4,15,30,33,29,64,29,68,84
18,98,54,29,97,60,56,10,53,96
64,41,26,19,7,69,27,36,1,44
16,83,47,31,65,31,59,28,59,78
11,29,75,16,57,72,75,65,33,79
60,48,71,85,18,78,54,45,65,6
88,80,89,86,10,5,16,20,32,75
97,95,3,24,10,11,47,85,75,79
15,87,26,86,71,44,15,76,40,79
82,27,58,22,12,20,26,27,39,9
53,88,3,7,11,13,18,57,49,92
87,15,78,12,100,1,7,14,28,46
92,61,24,2,34,87,73,11,14,63
20,18,50,74,25,12,86,42,68,86
85,54,1,15,18,52,15,76,66,94
74,9,55,97,62,88,36,86,99,49
49,70,18,98,43,42,10,81,35,29
18,72,83,18,86,52,22,52,79,87
45,52,47,51,1,61,39,36,46,89
36,94,10,53,44,52,47,5,32,33
33,50,4,67,19,89,70,40,92,49
78,37,100,77,87,52,37,77,87,34
17,74,28,26,27,23,30,25,27,13
57,59,14,13,78,33,1,47,24,45
95,54,81,47,30,19,98,18,48,37
51,16,10,30,94,88,52,23,12,78
87,21,89,1,33,18,85,85,64,60
29,11,13,9,9,94,80,6,63,79
94,66,94,4,95,39,91,99,13,55
28,100,75,16,100,7,85,36,91,49
95,20,11,60,80,19,53,11,76,68
89,70,33,35,73,27,73,15,77,86
69,5,85,43,72,36,1,57,71,92
57,17,63,67,76,42,85,29,53,60
48,93,81,80,27,53,58,52,20,35
89,88,39,25,83,10,60,35,66,82
26,22,98,40,40,74,82,76,54,86
88,1,30,68,80,9,73,89,60,92
23,100,31,13,24,65,23,83,100,40
64,77,14,13,17,53,86,50,81,39
87,68,91,16,35,22,76,59,11,87
50,85,86,33,98,9,49,72,91,100
63,6,77,76,19,45,81,56,94,61
47,32,80,37,99,66,59,75,25,21
61,26,5,47,58,54,55,59,25,98
58,40,55,34,15,73,30,47,81,75
59,27,6,38,63,5,4,73,79,80
93,91,5,50,37,63,55,92,21,32
41,78,71,95,64,85,20,93,84,100
68,94,78,25,32,40,29,87,65,59
66,9,50,70,10,38,84,65,29,56
96,21,86,66,68,1,2,87,93,37
38,12,31,15,37,14,6,17,100,22
28,17,31,29,38,40,66,74,4,47
81,51,67,66,68,34,66,70,72,11
6,61,22,36,75,10,1,33,79,52
54,58,68,84,86,58,76,51,31,31
97,63,82,16,29,49,49,94,70,73
56,76,33,30,63,60,91,16,92,21
67,97,78,35,33,63,44,8,66,26
38,14,88,71,29,16,72,30,62,41
2,69,68,34,98,83,93,89,98,36
9,64,85,39,50,17,1,93,76,18
18,65,32,58,36,60,25,7,89,38
99,42,7,67,76,4,49,20,44,46
8,5,61,92,43,11,8,95,55,83
13,25,99,44,82,34,55,6,92,96
44,91,37,2,57,64,5,57,84,1
54,43,5,14,34,47,76,93,41,31
27,5,55,25,100,88,11,55,45,2
2,88,92,38,41,100,2,46,56,37
98,9,79,2,75,64,48,50,56,40
32,34,45,86,58,44,25,68,98,70
22,51,9,13,89,50,13,42,47,20
78,44,81,8,45,7,23,92,8,78
31,40,63,75,77,20,19,2,40,68
71,61,19,79,25,59,28,89,100,74
9,29,17,41,88,61,47,10,4,54
39,87,45,1,13,22,72,83,23,11
51,93,71,21,23,96,31,51,84,30
76,44,10,93,84,49,5,82,58,61
88,96,47,32,48,59,53,19,42,75
30,44,19,52,64,42,99,46,44,35
75,19,30,36,63,66,84,20,47,93
80,34,40,26,66,87,36,70,5,29
97,86,72,67,90,87,60,88,32,3
74,58,74,4,93,88,69,28,7,67
20,86,1,59,63,18,45,51,87,2
79,35,87,51,2,76,89,61,16,21
64,89,30,89,44,23,76,12,2,83
79,22,20,31,32,35,100,29,37,38
30,15,73,68,17,74,44,6,34,11
78,49,99,7,89,95,81,65,6,83
99,36,56,70,18,87,56,17,15,92
7,96,59,79,64,27,4,59,32,89
69,61,38,19,68,26,13,100,42,71
82,92,58,89,62,76,28,69,44,94
13,50,90,71,80,5,97,83,63,81
72,83,93,61,53,12,38,18,12,80
88,45,23,45,34,36,72,13,5,16
6,17,17,95,39,97,51,35,79,65
67,2,47,60,62,52,71,100,69,34
31,8,79,5,52,64,41,76,76,45
91,81,13,59,28,51,55,78,37,34
43,56,87,41,15,49,92,37,100,60
71,82,19,49,86,71,12,26,98,39
22,40,19,34,98,98,36,53,76,73
38,70,28,24,10,94,72,54,30,23
65,52,4,84,100,42,6,63,67,3
1,89,42,72,74,39,69,10,91,96
34,28,65,13,4,27,6,75,32,35
50,96,39,53,79,38,94,36,53,13
38,5,53,79,28,26,70,49,87,12
44,72,40,61,84,43,39,89,69,70
76,70,17,14,23,96,3,68,83,55
80,21,12,84,51,39,62,20,87,48
32,83,72,23,95,55,17,33,44,37
54,19,7,70,84,81,17,86,100,100
93,80,20,56,15,22,94,76,94,33
76,77,67,47,51,61,1,67,93,96
55,98,66,13,67,49,93,84,87,93
83,79,24,54,34,38,75,79,66,20
63,41,96,29,39,46,89,91,64,33
87,19,30,52,31,49,53,76,32,39
20,66,69,95,19,54,32,45,84,49
65,47,41,12,27,79,58,68,70,21
100,8,91,82,11,74,30,63,1,13
53,20,78,21,14,48,26,97,44,10
98,60,8,38,72,86,69,81,53,90
53,53,97,96,86,7,69,67,22,21
79,74,40,8,47,5,55,72,53,50
33,50,10,92,40,33,78,8,13,30
97,17,34,45,12,19,51,32,85,72
52,15,98,43,22,44,99,28,15,52
78,100,53,39,91,92,71,68,99,35
50,47,51,83,91,63,54,94,46,90
17,98,5,14,40,26,57,91,54,24
42,83,23,46,21,13,38,91,33,88
77,34,87,27,16,29,41,69,22,87
59,39,84,15,52,75,92,9,65,97
32,58,79,6,56,99,70,93,41,2
32,17,87,70,96,3,99,36,23,20
22,33,10,57,47,62,84,91,22,100
87,5,10,66,10,65,16,31,9,9
85,40,77,71,62,72,73,60,8,48
31,81,32,41,90,31,54,73,21,27
24,7,31,33,24,92,97,40,22,5
100,6,97,76,77,58,48,1,17,7
100,99,39,32,39,28,62,44,52,34
70,76,40,100,8,64,43,5,55,17
9,54,74,5,81,2,14,28,55,82
86,54,81,25,37,71,52,50,15,56
83,84,31,23,36,38,38,78,94,44
46,55,49,20,11,29,21,25,9,75
6,94,81,86,70,17,57,74,67,23
29,49,6,59,23,41,48,12,71,94
55,68,48,3,87,58,84,60,82,92
86,40,85,66,25,7,83,33,80,1
55,8,49,13,18,24,5,17,35,27
10,42,95,57,44,33,67,27,92,100
70,78,39,7,43,64,13,77,48,92
77,55,51,78,67,20,53,71,36,87
98,46,80,44,54,76,76,72,2,20
72,24,97,10,30,91,25,42,20,73
85,96,27,87,25,93,6,77,15,41
16,64,38,95,7,44,70,35,15,24
54,86,47,2,48,28,92,72,21,11
44,5,59,22,91,83,66,48,12,81
40,27,96,78,73,3,73,43,37,39
18,42,77,16,43,24,43,86,95,63
97,91,19,7,64,61,41,30,8,52
62,47,30,57,76,55,11,48,49,99
87,66,40,63,81,82,38,75,68,32
89,16,74,7,74,38,19,14,19,26
18,80,24,99,36,100,53,99,99,1
97,37,18,37,51,50,70,88,24,89
72,12,4,45,70,29,34,88,43,52
65,12,83,89,10,71,40,15,69,90
67,65,27,85,53,29,34,23,17,10
11,40,21,67,36,43,95,70,82,89
73,47,52,56,87,14,26,26,28,46
67,94,10,93,78,63,74,64,37,90
73,99,81,45,17,16,87,12,37,69
52,10,67,4,17,53,69,42,30,96
87,96,41,48,41,71,62,14,34,50
55,6,49,35,50,65,50,89,28,39
57,32,48,75,87,64,27,55,57,56
50,95,3,42,94,43,12,8,56,45
57,10,2,5,96,52,22,98,40,49
36,48,80,83,22,66,98,100,72,6
7,73,52,9,15,97,4,26,4,59
23,61,21,24,65,68,75,86,65,66
87,100,65,18,34,38,84,31,89,7
88,95,80,91,56,94,88,59,71,91
69,93,51,41,17,68,9,43,53,73
61,91,25,25,9,58,15,92,41,3
50,28,98,29,19,5,22,6,15,93
48,35,37,99,28,5,66,88,48,70
60,60,61,36,84,69,94,50,12,34
53,61,61,2,90,31,58,63,88,72
55,36,58,44,34,85,48,51,72,95
20,84,6,80,19,42,48,64,91,11
97,43,72,10,44,61,40,1,23,80
24,30,15,82,73,100,18,20,50,42
67,69,77,72,1,95,13,100,59,4
11,7,98,34,16,94,94,8,46,68
87,70,49,53,3,73,52,72,93,1
13,11,21,89,34,73,36,47,25,46
2,35,52,99,68,20,44,13,27,90
32,65,59,33,17,13,5,68,84,49
20,49,59,92,89,93,17,24,91,41
21,44,27,25,42,46,44,86,10,22
27,41,38,37,73,54,49,78,73,84
78,44,84,37,87,73,81,55,48,71
95,69,14,73,45,7,18,40,44,27
13,70,20,50,6,44,55,6,73,79
42,51,22,25,87,60,49,19,15,97
41,61,17,6,86,61,64,55,100,8
82,12,29,53,61,87,96,67,44,69
45,85,19,18,62,57,77,10,27,43
6,67,56,22,72,41,34,35,95,85
94,28,96,75,80,8,13,28,74,56
96,70,93,66,87,54,74,64,63,100
58,21,66,13,94,89,5,80,75,100
64,69,79,60,95,11,19,7,38,45
62,85,14,54,2,1,59,75,16,74
26,73,46,91,38,39,31,42,18,5
93,34,25,24,93,19,34,63,25,23
59,87,59,73,92,60,25,3,86,40
76,11,64,21,53,1,11,83,95,81
39,87,14,64,10,58,82,95,20,7
17,31,45,75,3,88,86,79,90,71
18,65,33,33,37,37,86,100,71,80
80,10,18,45,25,80,2,6,74,73
64,43,3,60,69,57,48,55,35,37
77,4,54,62,37,42,98,22,41,69
53,20,30,22,64,54,1,17,59,27
90,75,21,44,34,89,1,33,95,35
22,24,39,75,37,27,68,34,100,9
2,52,28,31,25,44,36,26,60,95
4,1,21,24,45,6,64,97,39,11
31,12,86,21,38,22,99,5,7,98
13,9,1,93,91,26,88,27,3,47
73,6,100,45,81,96,50,96,92,40
6,74,51,43,95,40,16,45,45,23
43,9,31,43,1,73,20,88,51,22
87,75,27,38,19,7,33,21,3,24
12,60,97,63,55,43,54,70,40,98
92,82,7,74,76,59,99,96,99,49
17,85,76,44,22,94,2,54,66,56
29,78,68,77,92,22,72,45,43,11
43,35,44,1,60,19,11,58,14,9
59,31,45,34,26,66,79,79,71,45
35,51,22,54,28,13,27,51,57,69
61,51,55,4,3,15,74,14,72,88
74,82,70,19,15,95,36,94,73,7
90,59,9,11,64,36,75,90,38,83
59,50,86,65,5,88,79,79,53,3
66,27,84,87,97,51,81,32,44,5
90,85,16,99,95,79,86,21,69,24
3,79,73,88,43,30,28,74,8,32
28,25,10,11,11,6,61,43,38,56
47,27,40,62,77,86,93,63,6,61
86,9,91,10,48,85,39,27,58,98
59,85,22,68,48,84,74,60,26,63
16,73,41,7,86,18,93,78,32,50
90,69,10,80,78,58,17,69,84,74
18,94,11,40,62,10,23,87,69,1
1,36,25,93,43,62,10,87,40,93
36,81,61,46,13,91,55,29,11,90
54,28,84,64,67,45,25,42,31,94
94,83,81,18,75,23,79,37,61,70
29,97,51,90,94,63,32,48,91,42
37,44,69,20,60,88,16,36,81,98
81,74,80,62,91,55,36,21,91,97
91,71,93,93,12,38,55,43,85,97
36,73,40,57,93,51,44,8,87,76
6,67,49,37,28,91,91,16,63,33
12,53,56,56,45,67,93,51,62,77
47,97,1,39,53,93,89,48,53,27
23,10,46,71,46,73,13,89,40,76
21,51,80,28,6,25,95,50,27,56
78,74,4,79,12,9,71,52,56,75
31,79,84,76,1,30,100,14,18,40
41,90,90,20,18,48,96,64,97,23
71,75,96,74,5,59,82,75,62,90
2,92,68,85,67,68,66,67,33,35
6,25,77,47,45,46,94,92,9,43
14,79,17,61,4,73,71,38,99,85
27,100,76,46,85,95,65,2,61,98
37,18,74,13,64,70,58,10,62,18
52,27,48,20,40,3,92,10,40,90
94,18,90,22,63,26,16,28,27,76
77,15,45,50,27,8,20,36,17,33
5,68,59,52,39,98,55,30,60,46
20,5,64,61,26,26,86,93,53,64
20,81,79,64,31,57,24,2,93,40
86,97,60,44,1,50,94,7,80,5
52,51,61,15,11,39,93,48,31,97
11,51,78,41,14,60,98,37,13,90
29,98,38,40,93,38,89,38,44,20
94,48,70,55,62,32,93,6,79,23
3,42,25,32,82,39,91,79,27,55
20,7,52,58,46,96,47,87,34,43
6,27,90,28,33,3,59,25,9,38
100,63,31,24,94,12,14,36,91,93
90,10,99,93,19,97,88,66,83,21
60,40,100,49,67,32,3,26,9,63
15,60,25,45,35,70,8,49,5,98
41,46,60,91,38,78,87,26,95,69
98,54,61,49,54,27,81,57,4,41
19,70,52,96,66,86,65,74,34,22
23,26,19,34,17,57,64,55,34,58
24,31,64,36,80,17,62,12,25,18
4,96,39,55,91,57,40,7,82,26
80,4,3,99,90,71,55,53,26,88
10,1,70,73,36,1,42,49,64,66
18,67,61,57,73,51,13,65,10,94
90,89,49,44,87,38,15,93,90,92
32,52,92,2,76,27,2,17,27,18
83,45,84,95,53,57,98,17,21,7
62,62,95,62,57,34,52,71,26,93
14,58,44,5,11,72,83,64,88,62
81,22,6,65,17,10,73,66,26,45
72,39,58,18,100,14,3,51,37,29
44,2,38,39,7,48,10,41,63,50
2,44,71,59,60,39,68,84,4,45
80,27,83,37,97,83,2,99,85,90
79,80,92,16,19,50,15,80,90,78
29,92,21,100,50,32,90,70,15,94
14,94,72,97,82,68,31,83,67,67
25,97,47,68,13,17,17,79,96,6
8,25,49,80,76,51,11,65,20,25
10,85,18,34,81,99,1,63,34,19
30,10,16,28,77,80,44,93,58,91
50,66,15,51,45,42,1,8,59,72
32,20,56,2,53,89,52,54,3,85
24,84,94,39,11,22,18,6,14,28
97,64,45,63,66,41,57,66,48,15
89,32,34,44,33,87,84,36,92,39
73,15,22,18,54,85,40,23,90,53
2,38,68,46,53,33,39,9,50,86
23,38,69,8,34,1,94,69,89,37
7,61,52,81,78,57,65,17,79,6
22,33,96,41,78,48,26,68,8,75
54,30,65,22,89,50,75,83,18,15
19,77,75,22,57,4,78,73,21,9
78,94,41,73,86,70,72,11,38,79
38,43,8,2,16,49,3,42,83,72
56,1,48,82,75,56,86,52,28,58
12,6,3,4,30,88,26,2,99,63
80,36,57,40,89,24,88,91,66,70
62,73,22,10,55,48,17,92,100,45
49,63,2,51,67,31,38,92,84,88
6,64,23,14,55,11,37,42,1,2
63,15,27,36,24,81,84,40,24,35
36,72,97,37,74,15,20,63,58,3
51,63,18,25,28,72,88,65,65,88
66,27,54,44,15,29,76,98,21,99
32,56,70,80,93,95,95,64,58,4
66,60,19,84,84,46,55,71,10,20
11,28,98,64,71,12,93,47,61,13
45,92,20,67,72,64,61,18,27,70
21,93,29,39,28,13,85,82,35,94
53,45,73,3,9,44,66,53,90,27
17,34,18,36,52,41,100,13,10,26
82,31,70,63,21,97,75,57,31,9
3,35,6,75,37,66,18,3,70,59
29,86,45,98,21,96,91,72,60,100
98,42,82,19,56,3,16,30,11,46
90,13,80,47,88,69,12,57,23,81
16,51,18,12,100,39,7,90,10,67
90,59,60,23,78,15,25,45,96,36
90,37,100,21,84,39,41,47,96,63
80,63,65,97,74,65,87,32,6,49
50,47,7,9,70,36,75,46,80,22
33,21,11,33,94,94,71,34,92,18
97,71,80,13,20,5,77,6,37,35
54,38,81,61,99,50,48,73,48,80
47,80,100,57,12,93,50,35,79,93
52,27,16,84,39,35,88,68,40,76
2,46,14,82,58,12,84,5,36,31
84,82,10,36,38,74,28,39,60,58
84,11,84,99,94,75,33,34,42,24
61,43,69,26,24,26,89,7,83,25
89,66,58,51,1,48,24,81,86,83
90,69,45,74,19,91,100,3,76,41
27,36,83,47,14,58,25,2,17,7
78,5,24,36,55,77,83,30,57,20
64,98,41,61,23,59,51,22,62,78
62,40,13,96,38,78,54,62,80,22
20,57,78,96,44,85,72,26,14,80
98,30,77,38,90,100,96,92,21,9
69,35,48,33,30,38,11,35,99,42
56,71,98,86,66,94,70,89,71,35
20,68,64,96,5,5,47,53,48,20
61,16,54,61,1,35,98,11,22,48
52,29,18,1,14,35,94,83,75,65
18,94,84,33,42,89,38,88,41,37
7,53,53,12,13,5,99,62,15,20
10,18,100,79,70,66,66,16,48,40
32,17,34,15,2,75,55,91,14,47
27,21,100,31,84,64,35,82,26,1
53,35,18,5,13,40,70,78,55,69
70,38,86,55,52,39,29,7,29,94
53,55,66,4,86,50,68,20,83,93
21,88,79,90,92,91,81,13,21,87
81,90,24,18,44,76,56,24,34,36
17,38,91,83,42,28,84,9,47,18
53,19,5,31,61,48,73,41,60,45
28,93,34,51,62,29,78,18,4,63
5,73,1,95,55,42,22,90,2,21
7,6,39,12,88,99,11,60,92,23
5,19,15,90,69,76,71,99,45,74
61,50,46,61,96,52,54,70,41,7
90,48,12,80,11,51,31,73,11,22
95,67,40,9,56,60,37,26,58,33
52,71,82,97,31,30,49,37,99,89
43,40,88,7,19,50,57,49,23,19
70,69,37,61,30,93,21,66,70,30
98,21,100,32,70,83,61,18,19,11
58,13,50,98,71,68,99,80,69,73
98,90,42,87,51,71,79,23,88,100
4,85,73,4,68,42,38,80,11,56
90,68,20,39,17,91,59,16,70,79
40,19,68,81,5,70,51,35,44,38
87,48,75,11,3,42,52,40,74,62
47,63,81,66,54,50,8,64,17,29
42,56,48,9,37,4,31,39,91,74
29,29,73,55,39,75,48,90,66,21
3,12,84,35,78,89,36,37,52,52
66,93,8,65,53,44,68,83,34,10
57,62,38,81,16,76,56,64,17,21
36,71,85,19,58,14,7,93,50,10
45,15,2,52,79,55,47,99,89,80
60,97,42,50,78,9,77,33,24,94
5,60,16,41,30,73,54,89,66,4
98,62,70,52,13,1,6,59,51,94
38,10,91,31,59,20,92,36,4,15
81,8,26,96,49,56,21,54,96,38
9,93,99,79,44,63,79,1,21,81
47,10,90,89,93,1,8,84,36,11
50,68,70,28,15,70,83,35,24,30
72,32,74,22,62,18,84,92,70,4
72,68,66,14,56,58,14,15,93,1
25,42,68,47,69,82,16,3,69,91
84,40,75,58,62,88,27,45,80,96
1,3,64,66,16,71,75,29,86,67
29,62,60,48,60,81,30,76,35,98
18,19,89,92,28,2,80,54,99,11
49,99,13,64,16,29,87,42,9,72
60,38,85,71,37,45,3,66,72,90
15,41,60,56,85,87,9,16,40,7
26,40,57,90,4,72,18,90,65,27
13,24,16,49,95,52,45,49,70,68
38,36,9,97,43,93,83,52,8,22
58,85,62,15,74,17,38,92,58,55
70,22,78,37,70,24,40,15,73,61
34,10,49,42,7,91,34,41,94,93
63,4,77,76,70,51,92,7,94,49
61,15,70,91,3,91,66,94,57,38
55,91,100,55,32,58,45,18,98,91
62,60,94,39,87,63,41,78,21,34
78,34,100,99,24,2,42,41,95,98
79,1,40,78,55,24,35,52,41,84
42,2,44,87,92,82,49,32,12,21
17,89,54,16,40,29,17,33,70,64
30,100,64,22,29,71,45,63,22,37
46,15,90,41,1,82,75,1,65,86
21,82,26,75,97,65,55,66,97,24
29,79,75,44,52,3,14,96,17,35
32,15,1,73,55,1,54,29,1,19
66,22,100,92,48,48,56,54,13,5
30,41,35,4,85,86,7,50,33,23
37,16,37,37,88,44,38,94,24,90
64,90,63,15,81,10,62,88,64,75
92,93,67,78,48,3,15,54,53,99
77,89,14,65,25,54,8,14,99,84
4,62,73,66,76,53,28,89,92,91
63,36,35,82,13,34,84,80,88,36
78,16,76,44,32,1,97,40,14,95
75,69,8,47,35,83,51,62,71,42
4,86,77,90,67,42,23,50,21,62
38,50,77,13,93,9,65,89,100,79
35,74,47,42,72,33,76,22,94,99
15,49,84,44,38,2,85,13,3,57
74,40,6,51,5,99,11,69,39,62
99,74,87,46,67,58,30,95,31,24
93,45,72,28,88,62,81,24,74,83
80,47,23,86,49,27,84,11,47,22
72,46,47,10,43,66,67,72,12,49
47,56,46,19,35,33,32,15,9,57
97,88,3,71,73,4,49,8,66,96
82,90,41,80,99,83,97,18,6,8
66,53,63,11,23,49,96,54,63,4
10,12,43,64,82,16,19,83,75,85
78,8,74,70,88,24,4,84,41,9
44,7,61,58,17,83,7,12,36,69
67,97,80,10,13,14,77,31,96,51
67,25,59,92,94,98,16,49,33,56
57,76,14,18,86,31,52,92,94,88
12,13,36,44,22,48,57,50,31,4
100,49,28,10,41,73,59,8,21,92
63,29,19,29,98,4,11,50,95,56
89,7,68,24,50,41,24,58,90,6
61,90,54,40,51,46,64,62,53,36
53,68,64,23,96,62,27,6,11,73
61,99,31,81,74,32,21,97,89,11
54,1,52,8,92,54,5,55,15,58
90,19,77,6,42,72,67,68,29,77
92,41,27,23,21,100,54,42,49,95
4,2,47,55,61,39,8,18,45,75
75,87,93,51,92,34,74,58,53,54
86,45,94,64,19,67,63,24,60,63
18,63,17,17,69,29,7,28,46,51
2,20,89,95,22,80,80,47,89,33
100,26,29,46,89,47,64,4,70,23
66,40,37,34,56,57,63,62,84,8
64,86,80,53,32,53,84,11,52,73
95,3,50,23,48,39,69,63,42,91
37,59,30,73,45,37,81,7,50,65
66,65,2,97,69,85,50,53,95,1
77,90,55,26,64,3,16,85,17,57
75,54,68,56,78,12,44,59,70,93
75,35,9,76,32,78,60,33,30,6
85,58,47,39,35,11,93,51,95,10
7,21,15,26,76,92,89,19,50,58
63,24,45,71,51,76,100,62,60,81
20,96,38,66,86,73,76,79,23,22
40,81,42,54,59,69,97,47,39,47
5,1,22,49,24,25,76,23,38,87
56,57,82,93,23,19,17,50,49,91
72,88,24,65,93,82,34,90,80,72
88,84,25,61,84,100,85,11,74,23
97,29,79,30,74,53,49,90,3,97
33,26,37,56,90,81,89,75,70,68
99,9,4,23,70,39,74,6,50,47
80,98,28,11,80,1,15,80,42,17
76,74,94,64,81,36,45,21,62,66
89,60,75,44,34,96,82,7,53,83
6,85,33,33,95,12,33,9,91,74
78,18,100,23,34,32,10,78,53,72
95,41,31,21,36,17,16,69,75,21
4,80,5,36,64,51,99,96,11,41
22,40,10,73,63,43,4,72,72,56
95,67,48,26,87,35,94,55,4,68
27,7,100,31,94,63,33,44,11,43
84,84,83,45,56,97,88,11,68,11
67,63,77,66,40,16,1,85,70,4
52,96,62,3,78,7,66,10,50,28
52,85,11,86,29,18,82,68,80,2
79,46,64,55,64,55,70,64,91,91
19,94,38,32,97,67,38,14,76,39
41,80,23,3,65,51,72,99,19,51
100,97,49,15,3,12,21,25,75,11
67,45,4,57,76,100,23,13,65,51
51,5,30,25,59,46,27,30,44,97
81,43,45,29,57,48,40,77,24,66
39,90,10,43,46,85,94,21,49,59
71,51,63,52,27,22,97,53,3,93
50,83,87,94,63,96,93,2,72,16
19,11,6,28,5,3,64,98,23,64
56,45,14,71,96,40,44,45,45,46
37,94,81,75,39,43,70,32,97,42
47,15,4,4,43,60,59,58,57,33
22,65,78,87,35,25,79,30,69,23
27,57,68,7,32,6,50,1,37,98
94,36,12,49,39,6,8,97,64,65
30,85,81,59,23,67,83,1,96,4
23,22,60,42,81,91,48,82,44,36
79,37,71,90,86,62,96,93,58,11
9,39,95,89,49,69,7,32,70,2
35,44,76,46,86,56,89,85,89,32
20,67,68,43,8,5,4,55,98,13
65,58,4,11,99,52,80,5,35,49
7,21,44,34,67,29,41,55,65,29
86,85,47,5,79,54,10,82,61,59
46,25,16,49,36,14,1,15,71,87
15,77,8,58,62,26,39,2,80,3
82,17,39,80,73,17,85,82,50,45
92,96,70,8,96,57,73,48,23,43
35,37,71,94,46,84,19,84,85,50
39,18,18,77,97,90,46,82,24,47
78,15,94,47,74,90,55,99,37,77
41,71,13,64,16,11,47,34,94,84
35,32,53,52,61,50,94,58,83,17
4,12,83,98,11,9,39,65,7,75
42,99,98,6,62,13,16,61,99,62
44,33,45,96,37,5,97,30,14,31
98,18,43,32,67,53,40,5,69,46
79,10,97,28,16,58,93,83,18,91
44,13,75,89,61,11,45,57,92,59
40,41,28,34,73,94,86,64,50,54
62,80,16,58,8,83,15,100,65,85
42,61,97,16,1,9,79,45,66,22
55,5,63,82,38,87,27,75,50,28
80,11,8,47,68,67,29,35,66,46
71,59,6,19,26,6,28,4,2,93
26,57,49,40,90,38,26,17,64,75
96,95,38,3,42,5,69,22,91,86
67,61,44,24,80,70,29,7,25,83
51,50,39,51,89,80,88,66,48,3
41,44,97,30,46,90,86,67,12,77
52,78,89,48,2,68,17,82,26,93
64,28,43,54,78,83,86,17,1,33
19,93,76,68,22,74,57,7,40,20
83,91,98,24,38,51,43,6,84,69
99,100,48,93,53,26,27,90,94,27
23,65,19,98,32,40,23,40,99,62
60,81,53,9,4,42,11,99,48,94
67,98,93,66,90,98,91,68,87,85
95,61,1,65,11,84,57,33,23,55
95,34,35,99,94,91,92,4,41,91
98,7,88,42,72,29,91,15,97,78
51,43,38,51,7,48,34,63,81,8
17,27,94,4,77,87,46,68,91,86
59,40,44,46,33,67,75,24,81,23
53,83,65,90,85,23,90,18,38,22
78,54,100,71,9,76,9,54,43,51
91,1,90,86,47,23,53,73,98,85
47,50,68,11,91,4,85,80,74,22
53,51,76,52,73,36,27,81,42,22
32,32,22,73,18,20,47,22,44,44
6,90,93,25,52,36,29,37,15,2
58,20,4,85,23,76,73,2,8,14
23,39,97,44,64,66,16,10,87,59
6,45,1,50,21,52,85,49,40,52
2,98,71,5,34,93,32,6,46,40
71,68,30,68,64,93,85,79,55,72
89,60,68,89,61,88,93,46,89,32
97,90,81,19,47,67,63,78,24,9
69,95,28,51,14,91,95,98,21,49
21,62,60,40,2,21,28,94,66,16
78,14,57,58,32,55,76,46,85,100
54,53,46,82,55,11,24,50,8,45
98,81,6,58,20,59,30,99,53,47
66,82,60,23,91,43,29,67,88,13
18,42,18,63,75,72,73,98,21,32
94,71,64,51,28,84,10,9,82,14
55,100,95,14,22,85,56,2,3,43
15,20,36,32,34,62,55,6,12,76
90,5,46,53,8,25,88,17,33,22
82,39,21,76,52,94,12,59,95,15
53,9,34,41,92,68,2,47,25,13
22,66,70,19,19,77,43,6,45,27
79,26,65,99,53,68,92,64,26,87
30,78,47,16,70,39,35,72,37,59
36,10,25,5,28,95,81,22,52,77
48,31,2,64,81,54,31,73,70,56
11,99,85,57,14,55,47,48,78,83
59,13,92,35,18,19,81,50,40,32
27,39,14,80,2,95,86,32,19,55
39,29,5,76,85,19,82,32,18,59
66,28,71,58,62,40,28,42,42,68
26,20,58,91,99,12,37,84,43,7
90,34,35,95,61,72,65,42,55,82
100,20,10,22,77,23,14,57,17,7
76,94,26,33,84,76,44,73,12,39
79,1,24,14,95,84,37,11,25,91
45,76,62,6,49,91,28,62,47,96
68,22,89,45,54,25,21,50,97,32
88,27,84,63,92,31,46,28,41,70
70,85,97,32,90,45,22,70,59,20
65,26,41,54,23,46,78,95,95,26
78,34,52,61,96,44,43,41,71,84
62,93,20,10,24,10,55,97,31,65
16,95,42,56,100,64,1,29,58,48
54,35,33,58,48,29,1,90,21,23
73,35,15,45,96,90,6,2,86,36
66,1,30,8,8,82,71,61,10,81
8,64,15,92,21,62,20,73,4,93
95,76,79,62,20,74,51,25,76,89
12,41,89,94,100,97,75,71,9,84
51,16,47,17,7,19,31,79,43,34
23,90,61,53,51,33,26,53,9,53
41,21,46,82,14,45,30,88,67,38
71,17,5,70,86,63,40,68,93,83
1,15,72,13,67,74,45,45,78,54
49,19,26,94,52,39,39,81,78,5
70,100,74,74,69,11,36,61,78,29
95,30,95,66,42,14,91,87,10,68
92,58,86,17,52,89,7,42,21,84
98,90,35,23,15,56,33,51,16,10
31,10,39,77,27,81,42,17,19,51
84,62,61,22,78,64,10,36,57,83
71,54,72,5,77,87,60,61,89,27
71,71,36,61,99,62,93,41,30,11
43,14,72,55,87,1,18,96,36,74
78,58,80,2,63,56,88,74,68,28
1,38,50,88,99,48,50,91,40,31
54,35,44,77,89,30,78,7,78,65
32,7,23,11,8,37,18,47,10,86
26,62,75,75,50,25,75,51,68,14
81,21,48,77,97,37,58,26,95,35
91,26,42,65,89,1,53,6,100,14
43,25,76,18,100,77,42,74,27,9
39,59,81,87,35,78,75,93,55,69
79,97,94,72,61,82,73,65,40,72
79,82,96,6,51,47,82,93,72,60
53,11,18,34,97,5,63,23,49,17
91,27,66,36,99,26,70,23,43,9
94,21,42,41,78,93,40,59,37,11
70,89,21,39,74,69,43,36,91,43
5,33,70,70,69,20,47,90,42,89
50,87,61,91,79,38,35,18,48,23
81,69,12,1,8,37,22,50,73,64
93,29,49,14,98,17,33,44,58,26
85,7,64,97,49,42,87,84,60,34
6,40,55,69,92,62,6,65,63,30
81,7,58,29,20,7,97,4,2,54
81,86,60,44,35,8,86,21,43,97
6,1,88,60,21,31,21,26,48,36
7,28,42,16,56,14,22,4,69,24
57,50,61,68,93,95,27,30,67,70
78,73,70,17,84,90,48,57,68,47
92,26,74,85,42,81,98,63,84,67
38,40,16,51,59,60,97,85,42,64
6,71,88,75,88,71,17,87,79,36
33,70,61,6,55,54,38,52,17,21
70,6,12,37,56,70,49,53,54,90
16,60,12,55,86,99,25,54,85,4
41,69,25,54,26,79,7,63,83,75
83,4,81,94,41,36,15,41,40,69
30,7,80,41,61,17,92,86,23,28
41,15,97,65,68,22,96,75,85,30
49,19,85,81,65,77,69,79,17,8
99,98,15,78,39,75,47,82,12,21
9,4,35,57,21,3,31,68,29,67
97,29,85,33,10,49,10,78,28,26
37,26,24,51,56,14,78,54,95,89
74,55,93,60,12,13,62,42,80,42
8,28,71,44,60,80,93,21,9,72
47,45,97,70,48,4,35,25,57,29
13,82,35,57,42,98,21,55,91,52
97,98,79,67,94,91,98,86,63,58
9,9,2,57,30,49,61,64,73,69
44,38,51,31,46,44,28,67,98,19
18,46,68,49,64,61,91,13,98,53
70,6,14,24,63,43,24,23,59,97
43,2,86,45,32,31,88,12,49,38
30,67,83,97,15,99,58,57,11,55
9,81,13,74,4,75,17,27,49,75
75,91,28,12,36,12,95,75,23,43
12,4,9,95,100,75,93,9,83,55
16,44,35,28,17,90,2,33,69,2
59,43,92,39,7,79,2,1,54,24
43,17,27,4,63,78,30,55,87,13
62,2,56,96,81,72,38,82,57,6
35,67,100,78,5,6,57,6,58,62
81,53,78,59,56,41,37,85,47,75
49,8,28,4,56,8,28,93,41,84
50,75,50,49,52,7,7,60,12,64
73,45,16,51,3,23,43,91,60,89
65,8,49,92,64,56,99,91,48,39
26,97,65,27,97,17,33,3,28,97
19,1,41,86,51,43,9,45,34,20
85,50,27,33,42,42,40,92,32,87
83,57,35,47,36,84,15,68,38,43
64,56,43,56,42,45,51,2,89,84
21,25,85,99,10,26,41,49,70,24
88,52,33,22,98,68,57,65,35,95
7,51,50,1,6,43,97,56,96,37
91,68,61,76,19,70,53,11,19,22
34,6,25,18,79,75,85,36,39,72
30,45,74,31,97,31,26,93,39,21
29,29,89,89,56,7,11,61,17,29
34,2,86,59,20,64,33,56,51,23
79,32,67,4,63,15,35,40,7,73
60,87,53,100,27,61,58,37,21,26
65,6,28,2,64,99,66,48,6,68
70,85,100,88,40,14,54,74,53,60
46,64,98,51,64,25,11,21,61,83
99,78,88,26,79,4,76,96,3,81
64,25,17,15,64,57,80,18,82,84
77,80,47,27,30,62,51,92,35,11
74,33,40,13,10,19,68,85,14,71
17,29,47,86,95,10,94,74,27,75
9,56,6,8,82,35,69,32,78,55
94,3,87,34,16,48,4,35,84,17
57,1,98,3,38,44,13,31,18,91
57,26,46,63,33,27,49,54,10,27
8,56,81,47,89,96,46,92,83,30
60,39,82,9,94,19,53,58,1,22
48,9,99,46,71,84,24,72,37,34
50,96,41,30,94,29,78,40,72,60
69,83,50,50,44,95,20,96,52,72
69,52,80,67,97,3,50,20,74,38
5,75,86,45,4,79,25,81,18,48
92,38,31,94,39,26,88,10,73,40
81,41,43,61,59,39,63,9,10,88
98,15,62,83,59,65,62,36,98,31
83,89,21,65,82,59,90,22,69,62
13,49,54,55,61,13,93,23,73,2
62,70,68,23,53,27,40,66,14,89
48,96,29,68,61,63,79,2,84,47
16,96,47,69,50,8,81,94,82,53
95,44,75,63,18,79,41,9,44,54
97,43,1,78,11,13,40,89,15,23
87,30,18,33,98,19,92,31,12,74
35,58,69,9,72,38,87,12,99,82
17,47,25,70,24,87,82,63,75,48
85,13,77,54,97,27,24,89,57,35
14,43,93,34,52,64,23,38,28,21
72,96,68,96,65,91,82,99,6,8
46,90,72,23,96,68,1,19,8,9
6,21,51,50,6,2,65,29,92,92
1,63,40,20,58,4,11,91,2,16
50,48,57,21,22,4,40,22,75,48
30,80,20,32,29,26,34,45,6,77
37,58,39,28,78,48,31,40,90,85
7,39,84,63,11,57,19,50,78,93
97,59,24,17,90,4,94,75,48,51
51,36,8,41,63,85,88,46,24,77
82,30,67,17,45,77,73,63,79,2
7,75,60,30,43,1,85,36,28,32
86,30,20,94,71,82,30,10,79,54
39,12,35,5,28,79,34,100,93,12
1,99,38,12,80,81,65,64,68,92
48,6,73,67,51,43,100,80,53,79
85,43,90,20,47,18,98,32,69,43
95,70,41,33,33,73,65,97,36,32
40,83,37,13,49,87,55,1,67,59
79,51,1,20,22,100,89,20,83,58
62,78,27,54,62,59,26,26,8,14
57,47,48,46,59,97,32,66,97,50
24,27,53,77,46,26,28,87,97,10
44,10,39,22,64,100,32,41,77,39
54,34,86,2,31,96,50,14,61,98
16,37,76,20,65,73,45,92,59,42
53,2,51,44,75,66,43,7,7,20
45,12,5,82,65,35,78,14,100,90
63,15,26,38,34,90,63,79,33,21
20,86,75,22,81,49,88,75,55,46
46,52,57,50,33,22,36,62,87,88
52,2,2,77,39,36,19,1,66,51
74,37,88,48,58,68,96,97,43,51
42,88,54,51,90,38,24,77,100,10
64,3,11,66,31,2,53,49,54,18
52,79,6,91,26,63,59,22,12,53
24,5,92,29,55,81,66,78,10,17
40,73,19,2,90,2,3,42,50,9
11,53,87,16,44,13,31,54,86,94
6,61,98,97,89,53,30,6,30,39
23,21,11,93,23,53,94,25,94,96
85,57,48,72,24,91,36,54,44,73
99,1,85,97,98,25,49,27,30,30
17,52,51,27,97,73,31,90,49,25
85,86,33,33,9,56,75,96,62,71
68,60,71,4,56,20,28,56,46,57
38,14,61,88,93,57,12,23,98,12
99,83,97,31,67,5,87,41,100,100
11,19,59,34,22,67,53,1,74,51
10,11,64,22,50,56,30,13,79,27
25,29,9,73,60,75,30,98,68,29
97,30,100,7,63,73,25,68,74,99
18,83,61,33,4,11,41,33,23,71
11,99,99,72,72,58,46,1,7,65
81,3,47,32,62,61,5,38,28,30
88,97,64,49,30,19,59,22,3,33
92,13,84,90,84,55,100,82,7,6
46,39,61,44,71,74,5,27,11,32
56,99,81,71,47,62,89,57,83,91
41,26,3,24,15,39,30,66,20,88
72,17,79,84,61,1,57,17,27,19
100,34,17,80,4,15,41,92,23,75
34,16,100,88,91,67,26,21,32,45
60,55,14,38,38,26,38,94,42,16
13,41,1,81,21,4,48,13,47,70
40,32,85,39,20,76,5,45,48,89
42,59,43,55,49,81,80,38,26,73
54,90,13,54,71,33,10,18,98,8
39,37,40,76,75,11,51,32,55,50
72,48,8,14,54,56,46,33,94,24
5,99,13,70,4,35,2,65,4,51
25,43,87,64,18,14,26,20,97,32
69,68,80,28,33,33,36,31,18,81
54,74,79,66,43,34,53,97,99,56
47,23,98,86,38,15,51,15,34,47
46,54,66,25,82,98,10,17,28,27
97,33,52,27,99,95,60,51,43,10
6,41,84,56,26,73,22,28,87,56
74,33,61,39,9,42,89,18,10,16
96,58,1,48,84,99,94,96,1,36
5,58,28,41,13,6,65,35,33,52
42,7,36,54,97,44,48,85,14,57
53,9,15,53,8,50,3,1,45,55
88,2,12,16,94,77,21,58,63,5
61,56,63,96,9,60,92,56,96,57
65,48,65,31,52,25,80,54,25,77
8,65,30,72,80,75,100,52,32,62
8,93,69,71,40,77,30,31,85,25
39,1,25,4,31,76,80,62,82,4
90,41,68,71,64,99,45,63,2,29
76,10,73,44,80,12,73,61,95,9
37,33,9,61,88,91,89,67,52,70
23,42,62,42,64,26,93,9,40,94
89,16,55,61,11,86,72,35,46,18
95,35,3,55,95,42,45,83,9,97
4,83,90,66,76,5,43,68,13,82
14,1,97,68,13,60,6,37,94,3
54,41,37,56,95,84,98,40,66,58
88,22,92,29,39,67,33,81,35,98
62,100,50,11,19,63,70,24,99,15
27,4,55,15,12,50,98,61,41,16
70,28,37,61,8,75,27,40,7,13
89,68,64,39,78,83,53,47,6,3
14,84,6,68,99,17,69,48,77,9
63,98,88,51,58,95,77,37,87,83
1,75,51,65,65,80,47,17,79,4
71,92,88,77,59,38,45,80,85,74
88,100,71,76,50,29,22,27,17,8
9,17,35,11,81,99,91,79,68,69
83,38,12,22,66,70,59,11,1,95
84,89,94,54,16,96,34,37,22,50
97,82,67,31,45,99,81,87,78,100
7,12,90,18,33,7,39,43,17,40
37,52,28,83,58,95,78,91,83,51
93,79,84,59,61,28,9,94,66,86
93,72,49,34,89,81,41,28,23,9
67,60,61,46,94,18,92,23,60,74
73,52,5,8,62,65,88,71,58,53
8,3,25,57,88,65,37,28,92,12
89,10,23,49,7,16,18,98,38,29
72,62,81,76,69,42,92,8,64,2
61,24,4,37,32,43,1,20,71,45
31,59,54,53,59,61,68,28,10,57
56,33,18,88,8,39,82,52,98,45
53,10,20,8,46,51,50,99,71,72
43,1,82,48,6,92,60,73,19,70
82,27,2,51,14,62,41,95,13,39
92,17,48,11,76,46,62,25,44,84
49,38,84,30,85,89,22,45,14,40
14,47,18,67,97,32,28,38,26,92
76,69,8,75,80,83,20,93,60,15
28,8,52,11,89,37,52,10,81,17
2,46,63,19,12,11,50,92,48,28
83,75,96,43,50,27,77,69,71,36
84,98,95,87,61,84,23,64,45,55
32,46,100,94,17,64,4,18,55,4
97,37,78,45,31,27,23,8,48,94
95,83,43,42,69,3,25,44,18,21
98,49,19,98,94,35,13,98,4,67
53,1,55,30,97,86,57,19,45,56
12,91,38,7,32,58,9,8,1,27
29,99,27,99,48,21,33,60,70,88
78,22,40,32,51,36,69,59,55,65
14,18,56,3,24,87,13,85,47,13
11,27,63,37,25,62,9,9,21,78
96,50,99,36,82,50,71,2,60,77
67,26,95,22,80,18,60,92,2,6
57,64,32,19,53,8,81,61,16,53
91,64,3,89,99,36,90,21,37,50
98,3,75,44,76,54,13,36,98,67
93,54,30,77,72,34,84,4,47,100
9,37,63,63,77,13,98,67,85,86
68,34,89,94,77,64,47,90,51,96
8,44,49,89,20,21,23,3,76,21
54,84,9,68,46,85,80,95,51,17
81,18,50,69,11,27,84,10,68,35
5,27,78,6,15,49,26,37,51,53
9,5,89,17,24,34,2,4,29,4
20,61,74,21,81,36,99,64,45,18
50,2,44,79,7,59,27,84,47,30
88,56,86,76,24,9,62,25,12,90
81,83,2,54,56,82,89,54,97,86
72,99,39,15,77,97,25,56,80,72
85,19,79,70,95,2,78,56,27,42
97,7,76,98,12,31,79,100,37,27
85,8,25,75,74,2,71,99,9,50
70,93,69,48,14,15,49,43,70,27
36,66,85,12,15,96,94,93,48,30
71,32,37,96,7,63,49,77,61,57
79,82,1,99,81,66,13,81,8,34
8,44,99,44,7,65,92,100,9,39
82,79,22,18,74,80,32,74,9,92
82,87,73,82,37,53,99,1,86,7
34,93,2,84,88,8,48,79,59,56
17,40,34,39,10,60,18,41,33,26
85,15,64,57,48,100,62,99,52,47
5,85,91,58,20,30,17,19,9,75
74,25,67,60,15,76,71,33,68,55
10,52,21,74,61,21,25,74,19,29
20,23,65,62,32,85,91,48,3,99
74,29,76,92,40,42,67,10,74,87
16,36,38,37,61,50,57,37,23,75
65,94,49,30,55,80,66,98,79,68
48,4,48,75,96,87,17,14,48,42
100,64,77,90,100,89,91,8,26,14
82,90,7,82,19,14,13,84,11,91
4,10,46,3,85,41,90,1,7,89
94,6,4,71,47,3,59,38,62,36
3,43,26,9,24,96,74,36,32,36
78,87,46,24,89,82,16,30,82,22
19,27,80,22,49,26,77,8,15,38
43,17,33,20,78,56,16,51,44,99
87,73,85,32,96,73,13,64,3,46
85,73,72,64,94,21,42,22,80,56
60,74,25,92,46,2,99,61,52,94
59,38,67,43,21,14,67,85,29,69
30,14,41,54,77,87,26,18,8,5
26,19,30,50,62,75,3,13,87,54
58,97,44,76,91,64,42,58,49,70
78,30,83,19,83,12,57,60,81,16
64,6,87,46,7,48,20,9,12,59
15,70,55,58,97,46,73,38,55,21
8,32,3,42,2,85,53,58,45,34
26,60,91,12,57,50,11,29,58,23
87,24,44,93,81,40,38,54,78,44
26,37,76,28,78,77,65,83,35,61
16,12,72,58,23,81,7,33,9,17
7,47,40,50,39,73,42,29,78,71
72,55,7,47,35,36,24,51,18,10
63,85,21,34,95,95,66,53,27,74
69,86,20,61,35,59,85,28,87,62
98,58,16,56,57,2,44,32,52,13
41,14,98,13,100,44,7,65,96,85
39,65,70,10,77,57,20,61,36,6
74,34,16,41,41,24,43,84,55,94
97,47,60,46,59,59,41,17,23,36
53,13,52,75,75,28,83,94,40,18
52,13,3,67,54,44,90,96,79,96
41,27,42,100,24,100,58,64,68,33
100,72,97,51,46,71,31,80,65,70
98,16,35,52,34,88,95,75,35,26
70,75,52,63,27,76,14,84,91,81
68,90,4,65,93,2,87,75,81,51
96,30,18,30,82,3,69,28,29,55
53,50,30,57,12,56,84,25,91,74
57,59,16,61,75,8,62,61,34,42
64,29,24,33,11,5,36,79,84,16
34,89,66,15,97,77,22,80,2,64
53,58,74,68,18,48,27,31,61,60
73,24,41,48,56,51,4,43,81,87
59,66,27,76,80,23,52,53,54,5
69,7,63,42,26,32,42,5,63,2
16,87,77,56,34,84,6,89,27,39
75,37,4,54,12,36,76,15,40,30
20,8,88,34,50,65,65,43,21,79
96,37,65,72,44,50,55,2,38,33
40,65,21,43,70,84,30,97,99,70
26,18,77,65,3,78,82,67,20,2
46,15,90,62,38,34,64,45,87,53
77,26,69,50,20,38,33,50,35,83
19,12,52,47,29,54,25,62,21,96
15,18,63,5,31,52,90,46,96,28
51,25,53,19,74,24,9,58,73,95
41,43,58,92,42,38,46,66,99,18
13,14,87,27,70,69,79,11,67,26
38,17,50,42,87,23,65,95,33,90
41,73,84,99,16,25,36,13,42,87
82,55,100,68,33,21,89,63,31,55
89,20,71,38,61,57,13,25,4,45
66,44,69,50,94,84,74,82,97,16
68,78,22,19,98,54,39,86,69,21
92,57,40,62,46,100,70,10,76,25
6,94,21,26,43,14,10,68,47,58
35,14,87,56,84,36,62,74,73,30
94,64,38,85,77,35,84,47,45,12
23,2,5,43,28,99,57,89,66,55
46,1,21,84,8,4,20,69,78,92
50,23,8,87,8,84,74,43,82,18
6,5,19,10,47,98,60,55,86,78
10,83,78,30,67,37,85,38,6,62
81,7,37,88,46,44,72,19,38,5
36,44,9,6,5,56,4,65,62,41
42,71,24,71,52,42,7,37,79,64
50,11,71,86,99,16,81,22,34,19
26,21,14,87,26,18,94,81,82,55
74,75,78,97,45,29,90,4,17,20
67,19,30,37,56,80,52,37,1,37
7,79,57,20,65,35,37,58,67,71
64,40,45,93,88,42,74,77,45,90
48,11,8,78,100,64,57,51,52,10
40,10,88,96,29,4,30,17,13,49
39,76,88,84,21,76,77,94,4,73
83,52,35,43,81,34,58,89,37,9
98,76,18,37,71,98,92,53,14,4
53,53,32,40,88,52,67,16,45,23
88,79,26,22,21,58,56,78,46,92
38,96,19,7,32,41,4,24,45,70
79,97,74,10,37,13,61,55,28,57
77,67,36,54,88,56,11,95,86,57
38,75,52,56,82,35,97,37,10,93
6,89,90,31,50,78,43,11,32,22
19,61,88,54,14,76,62,25,22,47
33,60,73,84,67,54,70,15,91,80
8,48,20,97,31,69,74,73,31,57
47,50,17,34,55,31,61,16,7,83
14,39,42,87,74,60,92,43,75,34
74,82,34,93,30,64,14,55,88,44
11,34,93,80,20,100,62,80,15,68
62,81,58,55,67,31,15,10,25,41
44,51,74,29,95,3,92,8,9,31
52,71,17,96,50,36,95,63,15,62
82,29,42,39,35,60,21,49,21,98
41,64,48,14,92,94,68,35,2,28
66,5,99,34,52,100,69,99,63,35
60,96,63,53,35,98,64,7,98,84
4,39,48,3,4,91,97,24,78,50
51,95,54,49,28,5,1,96,3,15
82,14,10,45,66,96,94,29,3,91
13,58,81,12,61,37,54,9,60,31
58,10,25,11,11,52,67,63,99,22
77,81,35,38,77,1,34,70,81,88
12,93,45,93,4,57,29,58,65,88
40,22,49,65,84,59,68,51,21,67
72,49,99,6,87,75,58,72,96,39
59,7,83,55,99,87,12,79,96,76
18,35,50,67,51,85,77,19,35,50
37,58,98,35,16,36,61,25,7,56
63,17,14,46,72,65,84,35,43,31
10,61,17,11,79,68,96,55,38,82
56,74,92,6,60,7,41,72,83,100
79,46,16,92,43,39,56,78,73,99
8,35,11,24,97,89,43,92,95,32
26,3,5,17,8,16,75,48,87,57
99,65,54,67,57,48,57,64,25,30
62,32,16,24,8,12,64,2,56,59
34,81,61,90,49,20,6,75,19,44
83,18,61,37,36,69,84,92,32,61
21,94,92,36,69,51,100,33,53,55
43,38,87,55,27,35,74,84,61,92
80,43,61,40,31,96,8,67,88,39
27,8,84,70,96,5,21,95,37,25
49,79,62,87,85,40,21,58,76,33
1,55,27,62,94,58,9,53,76,96
43,2,56,27,23,51,31,43,97,19
19,97,49,80,83,33,72,55,42,47
87,94,1,13,7,46,22,16,98,97
11,92,50,66,18,73,68,100,67,64
70,86,60,18,17,94,2,88,48,95
86,86,89,86,51,47,83,72,62,32
21,25,24,70,90,93,42,10,45,9
73,14,94,85,84,62,30,37,50,78
32,35,15,72,73,65,18,7,89,32
39,9,56,14,78,97,6,72,6,50
80,31,16,25,67,99,86,96,35,87
25,18,74,40,89,98,56,59,4,44
90,94,52,97,7,82,93,65,53,51
66,84,81,81,60,99,31,45,94,66
84,19,35,57,58,76,6,65,34,9
9,75,55,12,71,13,93,15,77,45
17,43,80,49,75,39,47,6,36,41
23,19,59,57,27,68,32,32,32,17
92,92,91,98,4,13,11,96,80,87
93,96,81,72,97,56,63,43,13,98
83,35,68,93,43,46,12,75,77,96
43,20,87,86,18,90,50,80,38,29
66,30,77,99,53,73,6,15,67,18
12,2,52,31,94,46,76,58,20,4
53,15,76,91,100,93,81,49,72,70
30,89,99,58,39,51,82,44,18,48
61,81,49,64,12,95,10,39,52,81
43,56,47,18,46,46,62,78,47,85
47,76,25,97,33,64,100,14,59,17
13,72,49,62,87,60,8,96,51,59
29,93,66,75,62,63,73,75,93,19
11,91,46,35,88,78,50,39,43,9
7,55,80,55,68,66,67,75,14,17
85,94,61,50,20,74,65,44,48,57
62,58,47,59,44,34,88,94,24,30
54,30,37,85,85,56,50,51,31,15
19,67,60,31,69,32,4,33,75,3
89,89,12,35,47,55,21,35,100,44
16,53,26,52,37,10,60,39,12,90
5,82,8,65,12,76,96,15,8,22
17,48,10,80,35,57,34,55,43,86
50,58,90,75,62,27,36,21,17,99
10,73,80,17,89,43,45,84,57,52
58,25,52,67,4,86,23,90,92,65
75,41,75,64,68,36,42,55,56,10
54,17,83,85,85,71,28,29,7,36
33,64,13,84,82,16,69,57,57,60
73,83,52,47,99,71,82,40,78,37
2,31,53,36,67,38,58,46,18,64
82,50,79,94,85,13,61,53,69,70
64,41,52,68,88,50,90,69,42,67
58,43,49,62,30,68,99,87,13,69
51,94,18,81,39,3,93,100,7,61
69,23,54,72,42,41,22,31,61,63
50,18,57,98,80,86,65,30,72,78
98,74,23,68,7,62,22,51,13,28
64,33,2,17,4,43,57,77,26,17
91,75,35,47,24,66,84,41,95,8
70,45,33,44,12,39,57,85,90,21
64,53,53,66,21,9,60,77,37,37
45,28,63,31,26,87,96,10,79,43
69,100,39,1,43,2,40,100,86,81
20,49,85,25,66,5,85,26,33,21
62,77,48,25,8,26,63,55,87,93
97,55,92,87,55,86,88,46,85,73
26,57,22,62,33,39,18,69,64,50
89,78,27,89,54,86,14,68,92,100
12,41,6,3,27,60,88,15,58,25
87,83,33,60,97,17,99,14,85,14
64,73,43,42,13,96,79,78,15,70
29,26,10,34,80,89,46,68,3,3
44,41,37,28,1,33,44,51,47,28
64,62,52,7,55,65,54,85,94,21
54,23,46,16,56,26,4,1,45,6
3,40,46,40,67,98,24,10,100,22
37,64,83,40,22,89,56,27,73,50
47,79,72,45,94,79,22,49,80,66
6,34,5,3,73,23,1,49,32,100
70,20,15,5,59,88,93,67,67,18
16,65,96,87,9,41,65,82,89,96
47,94,30,3,96,54,77,48,2,8
100,72,79,14,76,90,54,20,56,20
37,71,84,84,9,45,76,25,26,64
73,25,9,54,79,57,7,56,56,61
15,55,32,94,21,59,83,26,30,90
45,19,12,80,2,72,76,78,48,54
93,20,78,54,73,8,62,32,63,17
92,78,24,75,23,44,85,5,69,14
46,65,32,57,96,86,80,24,15,27
77,59,99,6,12,71,13,73,54,76
42,97,5,65,71,27,60,55,83,80
21,28,96,52,36,43,89,15,66,3
41,42,62,39,99,73,62,12,98,15
87,91,64,43,55,34,69,66,41,51
45,61,30,92,64,65,34,53,79,100
7,71,93,68,10,92,93,71,55,90
37,93,32,100,35,38,86,3,3,78
5,99,38,86,90,53,50,75,57,80
74,64,50,19,31,59,62,23,81,16
64,70,8,95,21,42,32,6,96,86
83,52,84,72,37,25,77,38,100,33
17,25,96,66,43,79,77,56,53,9
71,69,30,30,63,51,23,47,8,70
84,43,21,68,66,9,44,42,46,43
27,14,68,74,32,62,52,8,18,5
68,40,25,98,22,39,100,44,85,7
14,21,49,34,40,67,95,83,8,40
78,34,6,45,8,37,58,11,44,27
67,63,19,91,60,40,30,59,83,66
18,96,86,66,82,77,84,76,60,92
67,37,77,72,33,36,60,90,99,3
69,65,18,87,8,77,26,89,88,8
54,5,56,92,22,37,68,6,64,79
49,82,67,25,6,99,13,65,41,11
20,9,75,37,47,34,13,72,22,52
79,28,56,86,19,30,22,38,35,37
69,83,19,35,59,76,86,71,40,26
81,59,86,8,95,32,93,60,55,15
11,33,42,19,71,12,48,44,49,34
81,69,68,51,4,26,26,89,97,17
66,29,76,3,88,22,86,81,33,40
95,96,24,88,14,94,99,13,38,99
98,18,68,65,20,23,90,45,63,38
61,28,19,88,82,6,62,67,38,94
6,84,89,29,71,54,23,21,18,12
72,15,29,91,79,100,13,21,44,75
58,56,54,28,96,87,34,57,53,23
50,10,7,91,38,29,44,12,50,62
23,73,28,3,63,7,2,27,27,97
1,36,5,6,64,100,92,49,8,96
23,9,5,29,99,42,58,95,6,59
8,80,31,35,35,45,41,36,71,19
85,23,7,89,28,22,40,71,22,47
66,44,55,70,73,6,63,82,100,20
92,7,100,74,41,34,18,34,21,40
4,5,62,62,45,41,83,36,11,4
82,28,100,89,49,72,94,11,5,45
31,96,51,82,69,43,15,38,28,87
77,84,44,90,45,88,30,28,24,92
83,57,19,82,97,67,5,42,29,61
86,11,56,88,92,76,31,58,65,10
45,93,93,88,82,38,27,11,17,2
2,51,59,72,33,55,90,89,97,19
50,34,81,57,22,73,85,4,82,49
13,26,42,58,65,75,95,44,86,63
45,39,13,3,63,45,10,52,86,58
22,87,91,3,43,12,27,79,15,8
28,80,86,21,37,2,95,31,45,32
93,90,71,57,44,85,2,53,36,39
10,10,25,1,12,19,64,38,98,79
97,25,10,82,97,46,84,43,28,28
75,72,69,97,28,13,81,81,65,16
19,27,77,95,79,88,14,42,77,11
72,74,35,81,55,83,26,90,25,5
70,99,76,38,95,4,50,27,36,67
95,7,93,71,1,23,59,14,64,87
24,36,60,10,16,67,92,94,56,17
98,25,67,74,15,14,29,64,40,64
82,34,70,26,5,23,48,15,36,12
1,60,47,61,21,14,79,13,7,86
81,5,11,99,30,25,12,58,40,52
73,22,85,95,47,41,17,47,55,4
58,56,63,56,68,84,69,46,48,28
31,80,32,93,78,61,69,90,70,61
41,42,82,77,88,80,18,56,26,24
60,35,79,74,42,98,9,11,43,56
38,26,35,21,70,65,33,39,54,2
99,46,95,32,74,35,63,43,90,41
67,49,75,45,23,17,95,31,79,89
39,68,14,25,88,36,89,72,74,94
73,24,39,19,55,65,53,69,7,43
9,73,43,36,70,65,4,64,48,34
52,38,1,18,62,40,53,3,11,78
48,35,1,39,53,7,3,6,75,9
100,36,34,42,71,3,59,26,18,6
59,69,95,59,38,56,50,90,10,60
67,58,94,19,96,46,77,50,3,52
10,2,39,43,44,61,45,2,86,62
59,44,83,53,54,72,60,3,62,22
14,80,79,59,51,26,4,27,27,59
30,36,60,68,79,55,28,75,8,65
89,66,8,23,70,61,94,30,15,55
51,28,87,81,86,89,58,42,15,36
52,97,71,63,16,49,18,44,76,77
60,64,95,68,86,64,80,79,45,95
86,47,74,24,79,12,12,88,53,78
23,56,74,94,18,90,94,87,85,69
64,44,84,58,63,69,73,43,100,70
89,85,16,14,8,47,25,71,34,29
48,57,84,22,2,2,63,47,40,47
16,3,42,99,12,5,20,85,99,19
54,39,55,21,52,62,67,29,32,1
9,79,9,45,52,62,98,14,8,37
12,75,40,54,74,51,10,45,87,60
63,40,98,17,13,1,30,79,81,13
31,90,43,91,34,95,52,31,60,60
67,24,34,58,77,59,61,38,55,47
97,69,39,46,37,51,46,66,81,27
30,12,68,73,54,1,19,6,83,30
17,1,53,2,11,81,13,71,18,67
17,66,36,55,11,24,57,9,90,38
35,71,1,2,43,54,54,13,11,88
43,79,88,95,81,98,76,45,68,45
11,37,11,98,43,21,22,52,81,63
89,15,33,41,68,28,94,73,40,57
60,34,35,100,29,67,49,56,11,69
100,74,5,10,23,99,83,96,50,15
58,90,30,43,30,49,22,76,74,61
32,85,47,66,84,75,33,85,82,95
53,81,68,9,43,91,7,77,86,9
91,96,50,72,90,80,73,11,55,46
23,38,82,69,55,18,95,87,2,76
34,54,9,1,62,51,43,20,79,29
80,21,76,30,93,65,61,17,75,67
14,97,4,95,18,58,12,12,97,13
40,30,66,48,30,79,50,25,51,28
53,30,48,80,59,92,44,19,8,70
85,21,18,40,16,35,98,79,99,94
92,38,23,9,85,4,88,34,28,90
13,32,19,12,63,78,56,6,48,63
27,85,36,45,24,3,31,21,81,81
66,24,18,40,33,54,44,72,39,23
61,51,7,31,15,69,8,70,27,8
84,53,92,19,49,15,21,32,88,54
12,53,77,82,93,61,35,88,84,74
62,96,76,68,27,90,89,86,59,15
93,43,19,36,13,20,51,86,3,90
39,14,94,67,47,38,80,82,77,63
55,39,59,82,58,37,72,98,22,82
12,15,24,83,50,89,54,52,74,56
93,64,21,87,30,68,24,61,49,1
76,55,91,86,36,100,22,59,98,43
41,61,9,16,43,11,4,48,62,77
3,7,40,24,93,22,43,68,34,91
20,9,97,62,94,32,62,67,43,59
10,83,71,18,98,14,28,2,13,42
78,16,48,70,91,92,91,33,11,76
75,31,85,71,92,78,54,5,45,96
63,6,78,34,75,28,99,55,29,11
48,58,78,95,27,68,38,69,52,48
45,26,78,29,48,22,58,54,26,54
49,41,11,79,26,86,6,76,92,86
38,39,43,16,85,70,35,22,90,87
21,34,64,51,14,64,72,24,17,49
29,17,41,40,95,66,77,52,93,68
37,31,6,32,98,90,53,32,63,42
70,83,28,86,33,41,49,56,16,65
5,45,81,45,84,28,63,60,79,55
79,68,37,84,51,34,25,3,66,87
44,87,21,71,72,54,64,20,9,79
36,65,75,17,10,58,96,24,69,26
30,47,93,67,82,43,100,58,97,17
44,41,4,65,63,27,70,78,99,30
9,34,95,83,2,56,93,97,79,13
23,8,60,67,74,93,62,26,51,58
42,46,50,97,62,65,24,31,42,22
61,2,7,7,37,9,62,29,57,92
41,31,99,52,50,25,97,63,50,47
72,43,92,22,40,54,38,63,36,31
36,48,33,42,54,69,2,67,49,11
58,41,93,57,45,42,33,41,4,34
87,76,76,30,49,67,35,86,81,23
16,16,70,48,10,76,68,63,42,68
73,100,9,66,8,53,59,40,93,63
25,31,90,52,12,38,19,99,75,99
21,90,67,42,90,28,17,9,90,59
77,15,10,85,32,17,89,90,8,33
4,32,15,45,35,26,34,5,24,8
56,96,98,22,38,39,1,54,47,90
64,23,56,73,59,87,41,47,29,48
31,32,31,45,77,66,23,62,70,98
70,77,94,19,98,83,57,50,36,3
40,52,78,47,76,88,34,17,35,14
64,17,45,47,62,73,12,36,35,33
33,56,62,26,74,11,8,30,61,96
84,52,99,13,98,74,1,83,90,87
96,6,3,41,52,16,65,15,51,51
99,84,6,60,61,79,71,21,60,31
68,44,82,66,8,79,91,8,62,81
94,9,86,49,1,89,64,66,3,67
68,1,2,74,13,62,4,83,34,64
65,1,59,46,18,66,76,9,26,89
41,19,98,78,67,98,66,83,15,68
49,83,20,50,8,32,63,11,66,49
74,30,1,84,27,71,2,55,79,27
43,19,97,92,96,64,42,13,98,56
80,98,90,51,99,97,35,13,8,100
61,33,30,62,69,8,32,70,62,62
96,57,32,92,48,79,7,89,91,56
97,22,53,86,72,3,83,6,16,42
58,28,26,39,89,94,46,72,15,8
85,10,16,68,54,63,46,12,4,88
20,100,9,72,85,33,27,19,90,42
12,47,69,38,85,10,83,83,33,98
42,70,59,57,37,64,19,83,76,22
22,95,73,31,18,10,15,44,28,4
37,92,3,58,29,87,67,63,69,51
60,62,20,71,18,57,34,89,91,61
10,12,55,35,94,25,44,8,20,23
64,57,14,66,66,42,4,84,5,25
34,16,86,54,86,4,62,20,92,52
80,53,15,87,87,9,63,30,16,82
53,31,90,66,96,55,60,100,38,16
76,24,83,61,29,69,16,90,40,7
93,71,12,7,9,98,15,71,80,83
53,84,13,94,1,61,1,12,12,90
27,87,13,62,47,41,30,63,82,21
21,74,91,32,81,100,82,47,70,13
81,74,96,94,20,96,6,20,8,17
61,86,55,74,47,1,66,28,15,48
100,88,21,91,19,53,42,52,100,63
64,80,89,59,25,8,7,82,79,66
50,39,3,4,64,2,57,30,81,71
29,81,10,49,23,81,2,16,32,53
78,96,84,18,6,9,77,64,42,55
29,92,46,84,95,61,37,51,42,17
74,70,97,83,71,71,63,24,86,47
76,64,42,11,81,99,19,58,63,13
64,43,4,61,78,98,74,14,1,15
31,74,37,79,8,7,50,23,30,35
69,57,50,62,67,83,12,38,92,74
50,7,69,53,68,98,50,93,12,2
7,42,27,43,72,35,49,73,9,30
8,29,86,9,90,53,91,1,90,34
27,39,41,47,43,60,44,44,52,55
46,58,48,72,53,72,58,53,44,66
83,3,94,20,12,35,72,54,88,13
40,66,51,80,12,45,39,7,89,42
62,34,51,61,57,3,32,15,56,28
32,90,30,26,9,93,12,33,99,99
45,38,64,48,17,27,92,7,34,80
48,47,65,98,7,22,53,91,88,60
18,19,49,99,96,9,92,8,41,90
58,86,27,22,33,95,100,76,1,33
8,100,79,72,49,86,45,1,28,32
12,97,3,12,95,98,21,38,57,61
27,15,98,5,88,82,99,87,10,51
20,17,2,50,88,3,87,33,3,14
16,67,10,18,78,57,16,98,94,24
11,73,38,60,29,77,94,28,64,3
30,35,19,84,84,6,86,71,90,40
36,6,6,98,75,84,6,42,33,99
66,95,23,3,55,52,32,48,31,95
50,12,81,68,95,16,25,32,38,67
72,26,72,29,23,46,64,28,40,97
78,5,91,53,59,97,56,90,44,86
36,45,49,16,12,96,84,89,27,73
55,50,98,78,79,20,75,42,99,14
38,29,18,81,33,77,77,88,66,21
25,54,17,73,69,81,68,4,69,95
77,75,44,74,52,74,46,78,16,96
92,5,76,61,85,8,37,14,95,55
86,19,8,2,44,28,82,11,84,2
57,60,76,53,85,79,26,30,57,93
78,48,98,53,8,34,61,97,99,7
3,84,26,10,38,21,89,19,31,72
21,40,83,48,44,68,27,69,97,83
14,74,82,11,27,41,96,39,37,95
45,39,30,22,100,67,42,89,86,25
12,58,64,95,57,7,62,83,27,10
17,40,36,98,2,14,39,98,52,75
44,48,66,73,70,65,92,11,5,29
87,69,86,50,15,42,8,28,77,35
37,93,26,24,91,28,37,29,77,40
55,72,40,72,96,9,89,87,71,45
15,58,13,52,59,79,46,67,6,74
53,43,66,78,18,8,57,7,88,85
98,43,56,37,66,52,45,54,90,68
99,5,25,63,8,83,42,5,1,47
78,53,41,96,83,59,3,91,17,91
76,14,85,31,51,50,82,47,56,24
14,54,80,90,68,87,25,61,92,25
8,21,30,100,16,64,10,19,54,26
61,29,40,45,60,42,46,93,40,1
68,54,6,47,95,74,34,19,34,77
96,93,49,77,93,65,92,54,35,45
80,95,26,71,39,37,12,36,81,51
37,49,56,42,95,3,67,80,73,1
56,20,45,57,48,37,21,39,91,7
36,22,1,61,92,91,97,55,26,77
57,14,77,65,56,72,67,22,3,91
74,11,11,19,67,58,7,39,97,49
45,84,70,97,44,13,87,92,67,64
20,76,78,97,40,85,20,58,58,22
48,32,32,10,2,98,20,8,36,68
57,80,51,78,76,94,91,14,85,9
30,4,84,7,52,75,43,71,32,100
93,32,31,76,93,84,74,12,92,61
79,100,41,29,77,68,22,19,34,58
28,63,14,63,21,65,38,63,88,21
14,80,4,97,55,97,80,80,8,71
41,39,22,33,67,51,52,41,69,85
98,48,99,63,11,19,28,100,33,15
20,47,46,76,43,52,24,22,32,31
45,24,21,66,56,88,68,7,28,37
44,77,84,42,40,46,13,19,45,97
33,17,43,30,92,37,81,15,11,64
97,55,87,18,72,94,57,40,53,36
28,96,12,63,89,3,9,53,21,53
50,5,21,44,34,12,81,67,78,91
82,27,97,69,44,68,14,52,59,66
87,38,61,98,1,2,53,9,54,73
13,55,30,34,99,63,97,31,81,27
21,63,53,69,83,48,88,96,99,47
62,37,36,74,86,36,75,38,44,81
11,9,35,40,94,85,54,42,15,87
20,87,49,24,7,31,23,95,26,21
93,39,9,28,13,95,64,39,32,59
19,94,19,6,85,12,90,91,6,57
77,25,95,25,49,2,7,71,96,84
44,88,23,4,67,87,98,30,25,30
41,44,75,59,49,60,23,90,50,28
46,26,4,93,2,4,94,60,27,89
43,22,28,17,25,94,3,23,76,28
4,16,23,78,26,23,89,48,12,38
27,10,15,83,2,68,86,47,27,64
35,70,85,14,38,62,7,41,36,34
20,39,49,42,68,75,64,9,74,27
98,53,88,13,35,41,80,72,87,7
36,73,28,72,86,65,33,45,57,68
78,76,58,79,69,78,5,32,86,78
11,83,30,50,47,16,43,79,88,29
85,23,54,64,46,91,80,79,35,37
46,13,64,56,43,33,33,47,64,70
24,26,4,6,76,51,21,18,29,60
98,65,34,3,80,80,94,59,58,28
47,55,92,11,62,34,43,94,80,58
15,56,84,19,13,11,21,85,80,49
45,29,65,30,32,44,9,25,54,18
4,1,73,48,11,34,33,53,80,65
10,46,20,45,64,84,7,36,68,86
84,64,67,100,46,98,43,54,74,97
72,77,97,96,24,59,81,9,11,12
73,72,10,44,69,73,27,75,9,46
13,44,62,79,44,7,28,38,60,1
86,83,77,34,30,53,92,63,61,2
26,33,26,35,76,94,60,54,20,20
99,32,15,60,62,10,66,89,48,78
89,33,12,18,67,94,70,10,56,82
64,33,66,89,68,93,34,79,46,53
98,44,37,12,56,50,22,21,39,21
50,79,5,62,96,23,55,17,33,62
50,96,94,15,36,13,7,69,91,52
73,40,48,61,4,3,11,77,75,1
97,77,79,53,38,27,28,44,95,60
5,45,7,50,11,94,63,18,62,5
21,86,45,20,99,48,74,9,24,1
61,72,77,91,76,66,17,3,9,64
14,65,8,20,14,70,13,76,87,26
81,60,64,77,31,62,24,57,22,99
57,82,22,85,72,97,50,41,100,10
4,13,74,63,85,87,32,49,15,71
75,47,82,90,23,12,51,98,20,72
48,76,53,69,60,76,17,61,68,68
70,23,81,43,85,17,82,69,65,48
39,91,94,72,80,68,35,30,17,55
53,64,82,57,84,94,33,100,54,52
68,24,75,100,18,59,16,99,79,32
46,17,23,91,40,54,10,75,84,26
29,36,89,62,93,24,55,77,76,9
28,43,84,2,94,1,13,61,52,91
44,49,60,66,40,99,20,49,25,55
27,5,42,15,67,86,91,21,62,66
29,42,60,64,43,53,65,7,65,16
98,8,16,9,26,55,59,97,56,84
51,82,88,44,48,6,30,90,27,43
55,7,84,14,71,79,18,87,85,82
54,34,42,69,94,67,76,53,63,31
88,13,64,27,8,63,33,37,53,11
80,59,69,15,73,91,93,42,77,30
76,30,15,17,99,9,83,74,61,45
56,100,9,71,26,16,85,10,5,37
20,36,48,89,50,72,79,95,13,8
24,88,37,38,4,87,98,38,12,10
82,67,9,42,89,87,10,74,96,14
62,16,49,9,56,50,80,86,44,93
45,19,32,82,9,88,20,58,25,32
68,59,50,76,52,39,62,61,64,10
26,25,77,26,34,32,28,65,69,71
9,14,42,41,47,2,80,66,59,56
97,26,66,47,54,18,37,67,30,100
76,8,24,52,33,9,35,60,26,56
83,34,21,76,26,67,77,5,84,87
13,33,13,78,31,18,47,67,84,77
18,12,36,93,15,68,2,50,80,79
57,62,12,77,37,90,95,65,94,78
51,58,10,63,36,92,32,34,58,68
62,75,79,97,68,45,65,21,94,44
99,2,57,62,78,93,51,72,9,97
2,59,54,63,74,41,55,5,75,12
72,88,39,2,85,58,47,1,30,92
44,28,94,52,41,71,44,92,95,52
88,96,62,93,10,35,34,64,40,60
28,63,47,66,65,31,75,63,31,4
54,26,31,99,77,71,22,72,14,68
75,1,63,37,46,24,71,79,88,62
90,15,25,36,32,41,19,6,55,49
9,60,27,91,59,55,61,32,27,27
99,53,27,13,89,72,36,12,2,23
25,91,37,1,27,68,93,97,25,47
45,33,7,23,23,17,78,36,48,56
62,46,8,40,58,49,64,45,12,65
68,36,8,56,89,86,76,81,82,100
80,78,33,38,1,7,54,78,42,53
33,3,50,92,95,7,40,58,51,51
74,70,39,81,26,27,66,1,7,99
52,86,77,36,23,29,43,28,6,84
80,90,39,81,81,33,87,73,42,90
23,15,11,13,96,88,39,13,88,98
64,92,35,40,27,10,68,69,37,25
5,69,66,43,49,98,27,88,70,68
29,45,82,39,57,29,27,48,94,66
45,57,9,79,96,36,88,15,56,77
91,60,97,56,54,45,53,32,84,75
99,64,71,33,3,79,61,81,26,54
98,70,62,7,1,57,94,40,23,49
16,13,61,64,68,14,9,73,46,44
47,96,8,69,28,62,47,41,94,73
46,91,94,8,49,46,16,94,86,39
43,53,51,55,17,71,20,77,43,17
72,41,13,79,9,92,92,7,84,85
79,82,28,25,89,28,70,56,22,7
94,16,12,97,70,80,67,89,56,61
6,79,53,70,58,13,13,1,19,97
38,50,78,65,26,18,44,95,73,65
54,19,32,65,15,1,44,33,42,51
45,99,29,97,68,38,9,32,39,79
28,76,80,57,92,5,74,35,52,99
52,5,17,83,21,83,36,16,15,77
18,59,27,46,7,46,36,67,77,26
45,57,53,77,13,44,81,39,30,32
89,33,88,5,16,60,39,51,75,53
79,92,63,57,90,21,2,25,87,78
2,83,86,54,59,51,49,92,89,30
23,77,63,63,33,78,22,71,80,49
75,10,92,89,66,33,9,19,57,95
48,10,29,34,63,88,84,63,31,24
93,5,100,7,67,84,36,41,54,15
41,80,76,32,68,41,65,76,59,73
22,6,35,50,91,97,89,74,12,19
97,56,24,48,62,42,31,97,34,36
63,74,67,38,58,34,30,74,61,88
46,34,45,80,36,36,29,24,61,92
95,58,47,70,57,8,11,40,56,45
27,18,70,94,55,27,79,36,100,92
23,98,25,19,29,60,6,9,36,67
100,30,76,46,51,32,5,61,23,12
57,50,29,79,95,35,5,73,70,57
64,44,6,89,15,34,100,20,43,35
86,42,16,13,40,66,97,96,79,19
8,87,20,88,65,14,75,22,39,44
30,2,40,35,42,54,68,94,25,62
28,63,4,44,75,95,9,23,90,39
42,49,26,13,89,90,27,63,63,17
58,92,70,97,26,64,2,94,57,27
55,84,89,10,79,15,56,40,38,98
78,31,46,3,43,34,45,21,96,7
37,6,99,7,2,76,70,56,21,78
82,76,61,22,37,92,36,93,31,25
90,60,55,87,15,98,73,11,70,68
17,59,25,67,17,27,95,38,34,15
15,15,42,27,88,79,18,75,23,100
100,64,12,54,50,78,3,22,88,25
42,56,83,66,75,99,44,69,88,77
83,2,43,25,28,82,3,98,57,77
97,56,40,60,61,41,37,16,63,24
40,56,80,74,73,54,24,17,74,11
45,56,12,88,80,91,21,34,88,77
10,37,84,1,96,97,42,33,12,56
8,3,11,39,28,83,44,51,51,17
13,96,73,24,35,52,14,55,38,54
84,47,90,67,100,37,15,41,21,78
96,29,32,6,67,59,40,63,61,91
79,73,86,51,96,72,55,62,26,92
67,9,90,8,28,89,44,94,29,65
72,76,45,3,33,63,62,73,25,22
63,4,47,100,6,42,71,60,55,48
3,73,9,45,80,88,33,24,81,14
40,52,89,84,55,74,46,68,46,23
41,60,26,87,59,31,81,81,43,87
28,97,60,36,41,39,75,74,14,56
39,53,7,79,88,13,52,86,32,97
8,73,56,85,11,66,67,91,46,9
30,26,6,89,13,46,79,88,71,93
95,61,45,53,40,33,66,91,18,49
40,77,73,47,61,84,13,27,26,10
88,55,87,45,43,100,90,22,39,13
14,33,73,10,85,12,94,50,55,63
51,46,39,23,92,99,6,56,78,32
18,65,86,4,9,81,55,50,2,93
14,67,25,87,28,10,50,22,11,56
36,61,1,75,84,45,25,41,52,54
72,69,18,10,25,78,90,79,28,43
72,93,61,96,79,40,57,81,13,68
88,49,28,89,75,63,85,51,4,36
5,27,5,74,36,29,52,77,59,31
71,30,23,83,78,54,23,34,86,35
1,73,83,81,61,9,95,45,60,98
33,16,77,37,89,64,17,92,41,75
74,63,57,97,46,34,2,68,67,87
54,20,59,37,52,72,97,46,68,56
96,100,71,72,88,12,35,56,3,27
83,29,90,39,25,35,24,78,54,42
16,59,13,74,47,64,97,44,10,17
51,5,68,22,28,8,85,62,63,39
89,97,67,78,87,43,64,10,20,69
52,87,27,64,13,74,80,9,69,41
77,19,97,45,40,24,52,76,85,66
15,73,63,33,2,49,76,17,11,47
37,14,34,16,29,46,89,8,6,57
48,83,75,44,79,67,67,82,94,4
47,60,28,61,93,82,62,20,98,24
66,87,37,51,2,65,48,42,25,54
50,24,88,76,68,18,94,86,99,88
89,97,47,69,10,91,50,71,10,99
94,28,85,82,78,86,98,26,27,22
31,28,46,70,4,65,87,97,50,85
84,91,33,83,11,42,73,60,64,83
58,57,10,43,90,39,80,88,16,59
9,98,86,6,67,41,70,5,38,20
41,73,62,74,55,72,15,80,83,79
62,40,87,23,34,77,13,66,16,81
24,24,78,61,30,97,2,99,1,91
70,42,63,83,67,70,6,81,49,88
11,62,80,98,36,65,26,48,30,41
28,5,64,58,18,45,54,19,96,6
9,17,99,23,52,65,92,57,46,40
97,56,1,28,5,88,92,30,36,74
70,15,30,86,72,47,82,77,17,77
83,77,46,81,100,49,98,91,57,43
83,53,50,83,32,55,71,76,36,58
1,6,24,30,43,96,77,24,24,45
53,58,22,50,91,21,98,88,11,54
82,93,59,31,28,90,37,50,17,73
59,17,30,82,47,72,29,75,47,53
19,99,10,40,48,52,12,97,39,75
51,20,19,9,3,46,50,39,47,67
63,5,83,92,39,81,15,67,55,62
71,26,12,33,17,12,84,29,8,23
3,58,42,21,18,44,19,68,35,17
86,97,22,68,89,60,49,3,78,55
16,49,32,28,81,49,39,64,29,46
38,83,56,80,55,25,75,73,92,9
42,77,58,63,97,98,74,97,52,3
51,68,51,83,95,83,83,85,47,11
82,84,93,37,15,99,14,42,24,5
2,65,34,59,79,82,56,52,78,8
6,80,27,57,62,21,39,96,57,37
6,38,73,50,27,39,49,40,80,72
96,82,36,81,92,14,62,48,17,91
7,22,71,33,30,84,5,69,80,13
57,37,50,29,87,28,20,87,67,99
58,15,32,45,47,24,58,9,23,26
51,81,99,21,65,29,57,69,49,36
81,5,72,82,86,10,10,5,96,28
55,5,94,39,49,41,62,58,1,36
83,51,68,34,24,32,62,80,100,62
15,32,66,38,65,3,48,74,59,95
54,66,100,47,4,48,87,17,58,87
52,92,90,19,25,13,50,86,92,1
47,58,84,65,95,48,19,94,74,30
89,27,95,88,25,98,87,12,14,44
50,17,36,91,87,12,3,88,50,46
40,48,3,23,64,98,22,83,43,95
12,83,21,6,22,98,55,9,9,68
4,10,36,91,1,22,3,55,9,52
1,48,51,3,22,15,52,43,97,47
90,60,29,62,65,51,59,71,59,67
38,14,29,25,5,81,46,59,35,6
62,35,5,12,90,26,26,93,20,74
39,9,33,68,71,49,18,29,19,28
48,8,41,28,32,97,8,29,7,94
34,20,29,90,32,70,15,9,62,87
35,53,47,67,20,17,68,89,98,38
16,97,46,8,24,29,57,31,58,15
24,43,35,4,33,18,25,99,78,39
37,12,91,84,31,62,52,98,50,49
35,17,45,32,24,20,61,32,50,70
47,26,64,33,81,96,50,58,47,27
96,83,39,86,66,21,47,18,18,48
18,4,64,15,88,87,34,100,71,36
21,17,61,84,1,93,80,50,50,78
28,97,60,66,34,78,38,32,95,7
79,64,63,42,78,50,81,12,49,51
47,69,19,59,4,71,3,35,20,5
12,47,1,72,65,35,49,2,18,95
9,97,10,71,90,88,72,22,99,72
72,97,92,42,55,95,12,9,30,83
13,41,30,14,64,46,100,64,47,69
10,7,65,20,29,7,7,100,28,57
71,52,53,62,93,59,9,57,67,38
91,80,78,72,45,94,17,96,57,16
64,67,22,81,38,3,87,44,54,14
52,25,65,4,38,10,14,46,18,32
35,8,11,65,80,7,58,48,2,66
63,66,84,37,46,21,39,84,64,92
97,67,68,14,22,58,23,35,55,92
67,90,99,29,6,30,36,63,78,89
80,40,6,64,28,3,84,66,86,100
10,83,66,29,48,88,86,70,22,93
61,40,34,11,69,39,93,56,53,70
44,32,61,2,95,89,4,79,6,90
78,67,24,43,96,71,30,33,92,4
77,4,43,10,14,63,48,58,70,100
27,66,32,40,67,26,80,70,56,37
11,33,4,34,28,51,56,57,35,47
12,12,50,55,21,16,69,21,73,39
20,52,4,51,43,70,29,22,91,84
58,2,69,13,87,96,15,43,4,50
89,16,13,91,22,85,58,90,5,30
80,25,33,83,27,75,4,55,48,47
91,6,48,59,70,34,54,85,28,57
86,69,24,98,59,45,82,16,87,87
97,66,63,30,1,89,56,56,96,4
2,86,61,1,96,30,87,49,66,14
57,3,82,81,100,92,77,34,7,63
72,56,81,86,37,33,74,92,40,21
95,42,6,7,42,1,89,28,1,54
94,10,57,75,90,8,67,18,93,25
33,16,80,13,1,68,97,27,60,36
47,6,77,5,13,71,57,1,50,10
6,43,19,14,18,60,74,36,77,66
12,9,34,44,73,34,11,21,60,70
57,59,28,85,63,40,7,71,92,57
80,49,99,98,63,68,9,36,55,86
53,67,46,86,10,71,72,20,91,83
42,99,41,69,84,55,60,90,26,3
98,57,51,49,7,65,68,15,52,23
100,57,89,98,42,50,68,13,69,10
48,62,9,88,30,92,95,41,33,72
43,83,28,46,31,34,10,98,49,14
20,100,70,60,49,11,9,16,76,30
26,23,91,34,62,73,77,56,13,61
79,56,43,7,53,73,92,62,23,92
27,94,44,96,54,92,59,14,8,34
95,85,8,86,70,21,10,98,29,22
58,7,29,53,65,81,77,9,95,99
100,21,93,95,17,98,87,27,11,46
12,6,82,19,43,51,91,4,100,19
77,9,78,6,61,42,38,90,2,84
88,2,5,32,48,73,29,34,51,92
79,62,97,60,32,91,62,22,94,13
41,70,22,18,27,34,11,17,23,13
100,63,66,56,94,13,80,75,99,30
66,77,91,14,89,22,4,2,44,49
15,36,70,36,5,49,69,15,65,44
79,16,6,96,72,51,9,51,25,59
81,90,35,71,55,75,45,10,29,88
58,43,75,80,30,79,28,50,45,44
93,24,59,50,71,30,1,31,33,25
89,13,67,76,35,21,2,31,31,30
70,40,72,44,19,1,74,98,3,19
41,95,94,100,45,64,81,97,95,13
21,35,77,39,10,64,60,12,94,90
41,16,81,65,59,100,65,33,97,67
3,90,14,96,41,10,11,73,6,57
86,26,92,14,65,1,29,76,64,75
17,5,90,97,21,100,48,85,32,97
4,34,86,69,81,78,78,92,50,83
48,87,60,39,1,76,92,81,3,55
55,19,11,96,68,31,96,15,68,27
11,23,13,48,91,93,25,20,36,75
54,84,61,65,74,13,93,65,46,95
72,52,66,34,48,33,17,43,47,84
21,10,58,85,9,100,30,86,19,65
12,72,100,24,36,74,89,28,90,34
75,13,85,40,47,32,72,63,26,70
98,99,31,55,83,92,54,12,77,24
29,88,47,28,11,82,53,99,62,95
84,36,7,69,27,5,52,50,67,78
19,16,76,2,22,58,93,27,22,21
50,2,60,96,29,70,30,34,21,91
28,56,78,86,24,56,91,76,5,9
5,75,25,80,28,46,89,72,73,62
92,22,63,51,70,44,73,99,77,45
41,56,100,70,41,24,25,31,51,81
40,55,7,16,86,35,61,26,6,85
88,98,59,50,100,28,45,72,78,21
16,70,28,68,39,21,43,15,3,93
47,94,99,53,9,36,87,22,61,93
6,48,42,16,50,41,43,94,65,72
67,32,41,94,99,79,14,41,45,69
85,91,62,35,44,71,70,82,92,83
74,49,82,67,65,31,60,59,77,24
31,95,55,71,40,6,2,6,46,46
74,83,89,35,17,32,5,39,13,48
21,39,97,2,57,61,85,16,19,13
39,1,7,46,72,46,51,25,51,48
22,24,30,10,59,99,93,15,89,58
63,9,48,59,62,4,71,98,20,89
10,58,42,16,55,13,62,5,37,64
53,58,88,34,20,98,84,12,12,72
21,74,32,68,84,94,72,54,91,91
95,53,100,36,68,55,100,81,11,88
45,63,97,84,49,16,81,84,80,44
56,100,18,39,68,53,84,39,7,75
81,1,79,80,88,46,86,87,79,97
74,23,11,70,58,59,38,38,95,17
81,50,16,50,40,35,3,24,73,61
50,5,13,28,85,100,73,70,38,51
18,63,25,29,84,82,39,21,71,33
89,4,34,57,53,74,91,7,97,16
67,46,20,79,73,4,30,97,26,19
100,43,81,76,23,65,58,62,37,80
94,26,83,28,82,88,1,24,94,97
39,13,94,59,43,66,14,25,14,91
43,13,86,24,89,8,40,98,69,28
77,15,5,12,42,38,99,94,62,44
90,100,56,35,58,51,100,24,75,65
14,17,78,51,92,18,59,83,67,79
11,95,93,15,6,34,53,4,27,14
48,68,65,55,2,75,5,53,98,31
18,63,100,47,14,91,16,24,26,82
2,36,76,47,2,34,32,6,37,11
19,36,30,36,43,32,10,99,36,59
30,5,73,29,3,86,71,18,61,96
51,15,83,79,61,37,12,92,42,100
2,13,88,32,48,30,15,9,28,2
67,57,7,39,37,9,77,60,79,37
7,29,3,90,59,63,78,70,7,19
22,60,31,9,43,30,38,57,38,17
11,56,26,17,47,62,77,75,21,7
63,28,36,66,69,46,28,46,16,34
16,89,94,47,97,36,28,86,45,18
2,7,73,79,23,71,41,51,45,13
58,8,92,45,73,60,90,52,57,57
38,73,45,83,71,93,70,50,30,14
67,84,20,92,62,94,62,54,97,7
67,6,66,58,50,90,70,91,93,78
100,30,50,96,12,72,89,82,74,70
47,40,5,19,31,67,64,93,20,60
51,38,17,16,48,18,57,17,9,49
94,8,79,96,3,42,19,43,75,92
65,22,84,69,92,14,87,55,58,59
67,8,96,83,75,43,53,83,11,61
32,57,20,62,52,74,3,22,69,78
66,85,51,49,53,42,62,40,48,20
50,66,79,45,1,6,40,53,88,50
13,19,58,84,32,61,9,35,83,77
64,48,61,66,96,66,59,9,57,6
80,6,24,59,2,24,16,41,76,3
43,40,74,100,23,5,61,31,91,95
60,6,42,72,71,89,89,29,97,45
87,29,2,10,39,4,33,54,44,60
8,38,99,81,90,21,38,50,3,80
96,14,86,37,38,56,77,26,37,25
23,75,53,24,36,91,27,68,44,23
79,52,60,77,84,1,49,21,50,51
1,97,17,38,33,54,93,61,31,81
86,53,55,90,29,90,81,55,9,76
29,87,27,41,15,63,41,63,35,43
14,87,39,82,24,24,35,69,84,17
49,21,70,56,11,50,45,43,56,6
18,85,44,97,25,59,59,17,21,93
59,86,32,50,67,55,73,53,23,8
70,24,81,91,79,91,40,75,33,95
32,2,31,76,98,7,34,56,24,6
1,82,92,32,83,10,38,55,63,61
15,84,36,95,26,66,85,17,40,69
63,24,70,94,99,68,100,84,75,23
89,27,57,32,10,39,42,48,46,56
60,60,39,95,54,16,12,90,32,51
10,94,74,79,39,24,98,39,7,25
13,48,51,69,31,13,60,72,60,5
79,71,16,69,17,21,84,28,10,67
78,19,61,4,49,99,79,99,89,38
23,2,85,25,22,15,37,33,39,96
37,17,18,4,38,34,24,21,61,33
88,91,3,100,46,4,50,24,2,39
61,24,92,97,100,65,64,37,98,54
84,86,22,2,90,59,35,13,80,48
98,19,38,52,18,83,55,19,58,8
57,19,31,100,15,83,65,30,19,14
83,2,99,5,55,88,63,42,53,94
89,2,12,26,53,81,60,60,100,17
67,8,87,50,8,54,32,24,83,2
37,66,3,35,70,10,75,84,51,79
78,39,32,41,16,84,22,75,95,73
43,62,80,30,63,39,35,46,62,17
47,50,82,1,85,3,10,11,87,60
41,16,50,72,56,65,7,29,91,2
1,34,15,33,15,29,71,49,74,85
17,20,34,51,20,70,53,82,80,91
41,72,6,91,43,14,7,50,42,98
3,43,83,17,75,49,45,97,49,70
81,65,89,15,15,60,84,68,93,16
10,34,87,68,76,82,81,34,31,22
31,33,16,65,1,42,13,97,91,61
66,71,26,54,37,92,65,21,11,58
88,21,43,26,88,70,7,20,3,37
93,86,21,61,50,73,2,15,69,92
27,34,15,4,39,51,96,56,23,6
13,10,26,7,36,65,28,94,36,30
31,29,67,3,89,17,76,42,83,44
86,9,30,100,13,68,2,8,23,77
13,87,38,91,93,25,7,20,19,43
2,1,71,68,3,11,36,30,52,18
26,89,79,55,40,91,74,94,98,97
70,62,35,7,4,80,32,11,51,50
53,52,2,75,72,4,37,59,86,40
29,11,29,7,17,20,97,90,13,46
38,82,59,73,89,63,4,72,73,54
73,77,58,74,3,29,29,39,39,14
78,67,76,58,25,44,78,21,34,90
18,23,72,77,47,12,91,50,35,15
4,59,91,61,32,45,41,12,83,31
78,12,98,5,70,22,49,47,95,82
88,64,56,11,92,3,22,82,52,8
96,7,66,38,67,49,82,59,61,16
90,38,28,39,42,49,12,42,47,58
75,34,74,31,45,65,33,18,99,36
26,46,43,43,36,61,92,17,72,4
85,61,41,64,51,34,12,14,76,58
72,50,43,45,32,87,61,64,5,11
52,82,57,94,76,92,6,67,60,77
70,44,89,62,7,39,48,70,53,75
79,76,24,22,72,8,8,84,71,64
95,22,97,51,67,73,94,73,91,53
49,61,49,38,74,7,28,21,77,32
47,7,7,23,28,78,30,88,62,100
51,56,74,48,58,92,72,3,16,62
55,65,74,55,54,100,62,33,72,90
65,19,96,71,41,24,1,70,11,62
21,13,69,94,12,78,38,35,80,53
97,86,69,22,41,74,21,54,7,93
43,71,11,90,93,51,65,93,72,27
6,92,40,26,38,3,3,75,38,34
79,34,20,48,55,12,73,28,65,79
20,59,1,30,48,94,32,13,38,3
39,44,94,30,21,83,33,76,57,70
9,36,55,80,35,61,91,7,88,7
38,59,65,38,40,13,83,71,77,21
25,67,16,71,97,88,53,29,63,62
50,72,49,56,3,83,68,46,41,8
52,78,66,17,68,6,81,50,28,9
22,5,75,89,75,71,77,79,51,39
40,52,62,88,7,65,22,27,10,63
34,13,92,99,81,59,56,13,61,36
21,34,40,96,75,66,18,51,44,69
41,36,72,55,23,79,71,97,57,32
59,90,44,2,88,25,61,96,37,73
31,10,58,70,5,32,35,74,34,30
42,27,65,66,81,40,44,3,36,100
34,46,41,29,47,80,53,59,75,42
83,5,51,41,26,7,24,12,80,58
42,74,36,6,39,68,97,34,70,32
85,3,29,25,83,76,4,36,86,31
29,69,87,31,61,13,89,84,24,20
93,17,93,28,75,83,95,71,68,16
55,52,18,83,28,53,10,84,88,96
14,68,16,100,50,76,64,38,59,40
57,52,56,2,31,82,36,26,53,4
41,59,7,11,41,35,63,3,18,2
98,83,21,13,34,70,40,98,59,98
89,15,1,96,68,32,78,4,57,82
7,49,92,13,59,32,99,73,86,16
26,83,50,46,47,84,67,86,33,25
36,73,40,36,68,7,67,45,62,75
78,68,24,69,33,34,53,31,59,38
99,84,73,48,82,71,83,48,9,15
73,44,87,64,79,7,22,98,3,84
72,81,51,95,1,35,81,53,66,39
43,64,22,67,11,3,37,94,3,45
60,75,40,99,38,19,5,59,68,59
42,39,39,45,86,92,79,66,44,96
56,38,59,29,4,22,32,41,67,86
37,78,60,77,76,97,47,32,7,14
91,49,4,81,45,89,72,75,6,68
71,61,5,29,90,61,50,73,53,16
58,89,94,69,17,21,65,15,5,71
80,47,71,84,27,15,24,51,90,30
18,60,42,74,40,83,34,42,7,38
9,16,27,2,84,95,75,100,10,79
71,89,77,93,24,3,8,48,5,49
29,22,60,22,48,51,5,33,92,11
71,1,79,49,54,62,95,28,62,4
58,84,45,34,76,68,89,35,15,93
35,95,67,94,17,66,45,21,98,88
83,20,88,13,20,42,75,15,21,36
18,31,71,14,16,46,82,56,81,48
1,15,43,67,61,11,32,57,83,81
44,65,53,32,30,72,25,4,86,97
91,56,79,61,69,95,6,2,50,38
50,50,5,44,68,65,54,51,73,36
32,16,52,36,99,81,7,75,36,45
72,26,100,50,38,20,96,96,74,98
33,75,99,89,18,67,5,23,69,77
10,100,93,61,87,43,94,94,18,29
38,41,7,89,42,44,60,90,91,85
87,76,59,85,64,28,3,69,50,72
45,11,23,89,72,10,84,17,55,53
97,44,45,55,84,86,51,43,75,41
28,13,16,38,98,80,66,52,100,67
23,96,78,98,37,1,7,20,17,61
72,13,4,68,20,87,53,70,81,80
10,60,92,26,98,41,57,63,45,8
29,67,3,58,64,39,58,22,10,74
34,33,39,89,100,58,75,53,27,8
84,88,67,27,13,16,20,21,30,64
28,11,82,31,68,98,21,26,19,31
51,53,63,89,41,15,98,68,67,76
27,2,64,45,28,28,61,99,49,90
62,76,52,96,58,20,93,31,45,63
61,47,15,75,88,8,89,85,27,7
61,53,60,24,49,40,3,9,38,51
51,100,79,2,95,88,21,39,18,17
1,30,16,68,57,3,75,97,87,53
4,99,57,15,74,5,54,77,66,92
27,68,43,57,69,89,45,42,27,14
10,27,44,25,94,100,27,20,48,66
72,3,64,80,18,38,85,71,66,2
62,92,69,4,1,89,92,45,30,70
58,92,97,53,16,90,4,95,10,52
60,33,54,23,13,71,12,49,42,77
2,55,21,70,11,21,58,54,17,40
24,74,31,72,27,46,61,30,40,22
33,51,7,87,26,19,57,37,19,50
66,20,57,38,41,67,58,98,72,74
37,95,99,67,66,77,65,79,59,56
52,91,59,58,77,84,76,86,72,46
35,37,65,91,74,5,9,83,55,81
8,43,27,7,62,45,35,26,75,93
33,26,84,91,84,60,26,11,45,98
57,32,86,73,74,60,30,83,94,84
15,2,26,93,60,39,89,94,64,63
87,49,89,22,91,24,81,17,86,78
14,94,9,99,67,34,10,48,68,56
83,82,9,60,27,68,99,15,13,14
78,51,62,18,72,5,93,5,21,78
34,86,72,94,36,90,27,98,37,95
53,19,28,61,78,54,80,28,69,44
42,98,95,3,67,18,7,11,74,79
88,7,64,11,100,52,52,79,49,88
73,53,58,52,65,88,6,44,15,26
39,8,75,85,63,93,3,21,3,28
100,42,35,15,53,86,66,4,64,66
44,88,18,53,40,82,92,97,77,59
22,16,66,96,52,28,88,54,49,42
34,100,83,20,14,87,5,32,43,21
97,86,8,67,90,99,100,82,95,29
92,68,44,57,63,47,37,2,53,85
95,86,36,78,5,49,64,9,32,6
81,81,43,41,47,85,39,98,66,86
26,9,53,21,65,68,68,53,21,20
37,16,5,72,45,9,73,8,69,56
66,2,36,8,42,34,92,32,32,9
17,57,17,22,78,34,89,97,86,61
16,75,76,72,98,20,32,22,80,52
78,45,53,13,4,46,47,48,30,78
8,98,86,77,19,15,62,59,11,47
20,78,73,47,1,71,67,32,44,98
36,21,42,88,34,97,86,32,96,15
61,4,64,46,32,83,13,93,93,75
39,12,53,12,59,5,34,77,37,77
26,72,50,19,11,35,15,48,66,11
14,78,66,78,23,97,12,87,89,4
62,79,16,66,42,26,70,27,54,58
56,79,81,5,97,92,39,63,91,56
25,5,33,42,82,7,38,45,94,78
48,7,57,15,72,50,40,93,77,45
51,32,75,31,36,23,74,26,38,65
81,62,21,65,4,54,71,93,98,16
23,45,22,79,60,45,28,51,38,4
48,88,87,22,70,22,45,44,47,34
60,79,95,32,43,50,85,66,95,82
33,17,78,55,47,89,51,26,40,88
82,87,27,68,60,49,90,56,44,88
89,3,19,36,34,13,85,70,78,31
51,11,99,80,17,45,69,67,71,60
7,52,46,85,19,57,85,60,13,28
100,1,30,70,36,15,82,73,84,60
55,86,22,54,66,90,98,86,56,20
45,14,71,42,51,42,98,35,53,10
63,4,63,44,73,50,59,55,74,42
66,29,80,39,82,45,28,31,30,35
51,26,1,73,67,51,14,16,37,19
26,51,22,40,95,95,89,5,1,63
98,66,43,77,4,76,21,31,6,2
17,8,27,17,81,45,67,46,61,56
64,38,6,86,77,100,32,17,56,32
31,54,49,73,30,52,48,51,34,54
4,2,61,83,19,93,27,37,39,39
92,54,76,98,39,52,49,22,21,5
53,51,58,1,24,87,4,71,89,89
76,45,91,89,27,9,81,5,97,71
44,89,25,19,38,63,23,38,37,43
42,89,93,51,42,16,90,97,39,30
38,14,74,80,2,100,40,35,5,36
5,48,24,29,18,13,44,40,51,80
82,44,20,75,47,13,90,36,10,28
65,99,94,91,78,95,90,17,81,46
52,86,45,28,14,63,40,57,2,42
88,84,86,8,10,32,20,99,19,81
79,83,79,72,73,56,18,15,72,51
12,24,36,57,3,1,19,42,10,20
84,97,55,21,56,64,52,76,15,70
56,45,4,87,68,29,42,37,95,66
87,6,41,22,62,43,23,32,36,84
4,71,80,58,91,36,74,42,63,40
63,70,84,19,56,51,47,50,87,41
15,74,98,55,47,60,49,21,91,84
4,46,55,36,4,45,23,29,39,85
68,53,6,51,71,62,53,69,63,39
61,77,64,59,83,11,18,31,31,60
66,87,6,20,22,61,17,44,41,7
80,8,59,85,10,82,98,62,50,12
52,63,88,16,21,22,78,90,4,8
49,70,94,6,89,67,18,57,62,10
63,93,69,74,78,78,7,27,91,56
39,43,70,78,10,90,52,87,79,55
46,80,24,92,37,65,58,7,73,20
16,88,64,85,61,41,62,67,20,5
74,10,99,44,39,8,33,42,94,64
97,39,43,72,30,31,88,40,37,61
11,53,48,74,37,60,67,50,26,38
54,51,47,4,46,37,11,31,79,4
94,27,95,88,98,76,18,38,15,55
98,25,59,97,99,47,56,65,48,33
2,54,83,100,57,81,88,68,11,18
23,4,44,17,91,94,93,60,31,59
66,28,84,24,76,34,22,31,50,70
15,3,23,49,54,79,29,41,46,39
59,69,42,2,37,84,95,81,96,77
40,61,4,75,37,79,60,58,61,9
27,75,11,49,24,64,28,52,56,25
91,14,45,84,68,82,20,14,14,15
91,5,75,46,79,63,77,38,21,37
98,99,64,8,48,87,23,27,90,79
3,32,44,48,68,11,81,87,25,46
53,15,51,79,60,81,42,36,71,62
25,68,12,88,28,59,26,2,37,67
80,92,99,76,39,18,86,71,56,10
16,8,76,18,86,36,99,79,23,69
92,47,36,4,34,15,14,11,17,51
78,96,94,76,71,32,93,9,54,100
70,21,7,46,39,44,81,37,23,55
5,14,2,92,17,87,7,83,98,23
33,75,70,78,2,93,9,46,1,14
45,70,34,51,67,72,94,99,8,68
54,64,82,55,56,50,41,14,32,90
36,16,64,57,93,65,1,53,10,53
66,54,75,52,56,41,23,2,40,83
69,93,46,2,99,53,52,91,66,35
81,53,51,96,62,95,61,62,48,22
15,65,28,89,16,83,81,91,84,20
73,53,64,18,54,62,23,57,5,88
92,85,93,94,80,54,40,92,67,39
14,33,4,41,73,71,75,54,13,59
25,85,63,89,55,68,2,77,25,6
16,68,42,60,13,22,65,52,65,32
43,78,16,98,70,89,68,45,42,81
3,66,17,17,6,71,84,8,99,60
13,15,79,55,74,43,28,91,47,92
74,89,22,89,86,91,77,53,35,18
85,89,36,2,5,41,24,41,48,23
52,13,89,83,19,14,25,46,4,71
89,77,59,10,66,44,1,42,49,87
12,33,76,47,86,32,39,62,24,39
84,76,51,24,58,69,37,34,66,41
5,54,69,63,64,86,7,64,28,55
2,91,39,77,89,77,61,27,38,36
65,73,11,67,96,20,35,84,54,52
76,58,6,45,72,69,30,30,84,9
84,85,99,75,14,39,3,26,66,40
61,82,64,24,49,59,95,35,94,100
87,70,9,44,14,81,64,95,10,47
4,46,83,54,72,48,93,74,25,10
65,38,43,28,61,43,38,7,78,31
7,16,100,15,11,13,47,74,8,57
72,63,54,54,16,25,54,60,98,30
69,62,67,12,41,27,54,78,86,83
8,92,50,8,58,60,72,5,85,31
13,56,93,66,62,61,42,67,72,91
96,41,4,63,4,44,41,9,73,26
44,80,17,45,39,27,57,63,31,41
45,43,97,38,60,10,50,53,76,21
43,71,13,98,85,68,93,26,77,65
51,72,44,20,16,35,46,72,49,76
13,93,70,61,82,81,22,31,85,97
4,79,19,68,76,4,36,68,29,12
32,31,83,27,50,98,13,95,22,61
22,86,54,43,46,35,75,67,18,59
15,21,37,33,88,12,88,23,31,68
86,62,99,20,41,100,70,53,47,91
14,20,76,19,63,73,53,37,91,70
96,5,42,32,89,82,96,29,56,26
96,42,40,46,13,80,46,82,84,92
24,49,11,51,67,25,23,72,14,65
41,9,21,35,92,10,16,39,90,71
65,85,64,56,83,77,87,28,10,70
71,34,19,33,84,37,58,59,8,71
75,49,31,96,35,74,57,50,13,46
20,29,82,84,84,64,12,22,43,21
91,13,54,61,98,90,98,55,100,5
77,74,5,59,21,39,32,77,88,96
74,60,76,56,95,11,71,6,32,14
78,23,78,84,83,75,25,80,81,24
37,9,49,41,67,22,80,51,98,19
46,72,78,22,79,72,32,1,29,16
14,7,38,44,90,72,18,14,4,51
89,40,59,89,80,78,10,11,28,60
30,25,83,59,98,13,31,82,13,11
97,79,69,86,22,10,57,91,23,12
41,63,51,52,4,83,81,13,45,60
24,74,84,6,33,34,18,15,67,83
77,15,61,46,100,82,55,8,72,30
20,65,92,70,68,47,4,48,60,49
7,35,74,42,41,6,27,10,72,93
44,49,7,4,46,58,85,100,66,9
29,85,25,73,54,92,19,10,91,30
58,97,17,83,90,9,41,17,18,12
61,14,12,20,17,57,77,2,57,42
62,37,26,86,61,32,77,32,41,19
13,50,15,29,32,56,37,72,24,7
36,85,20,47,4,36,56,80,89,64
22,50,100,99,87,13,30,15,44,22
33,8,71,99,37,55,55,73,78,78
79,65,62,98,64,17,86,19,49,74
82,22,76,33,20,62,97,2,29,92
23,61,100,46,60,36,52,66,8,29
43,39,46,57,88,9,73,73,79,73
47,60,94,74,44,14,87,41,15,15
84,89,28,83,34,87,18,85,52,78
66,46,16,11,2,3,19,27,76,49
99,74,60,45,99,3,58,85,95,24
100,79,12,27,61,46,65,31,82,68
8,47,13,23,57,67,77,27,45,52
75,95,77,34,39,75,89,96,60,35
71,11,13,83,37,26,80,53,56,61
20,63,8,84,37,16,2,13,95,46
17,21,41,93,7,31,20,95,27,31
81,49,41,94,83,29,71,62,81,78
75,52,92,34,35,28,49,37,92,95
34,8,16,26,53,22,57,72,68,35
2,48,83,94,93,66,22,15,79,2
92,53,53,83,86,39,62,87,27,54
81,61,13,96,38,17,69,94,40,36
28,41,84,63,34,28,28,7,43,58
60,34,11,12,69,96,3,82,82,29
87,15,41,100,10,79,16,79,24,56
66,52,48,1,66,34,29,93,92,71
2,52,56,12,15,76,60,17,58,93
98,44,7,90,95,17,68,63,47,92
70,64,95,69,65,60,2,93,4,94
15,5,97,22,69,11,98,28,28,7
72,77,50,79,66,45,47,34,59,45
77,28,8,23,96,72,34,50,16,37
95,82,93,91,4,13,1,53,92,28
59,64,4,60,94,70,4,40,55,14
36,83,41,43,5,37,67,38,86,82
26,80,64,70,22,19,83,22,71,74
2,81,89,57,40,82,78,96,21,32
9,8,14,50,51,70,38,17,59,23
50,84,54,65,6,75,83,88,48,5
13,49,85,2,6,25,83,83,20,56
67,28,63,32,29,65,2,66,81,12
40,83,96,45,47,1,71,82,40,19
86,52,67,71,5,24,47,88,7,18
95,25,97,57,56,26,22,9,91,54
21,31,36,68,27,35,20,98,16,59
16,1,62,34,23,67,58,21,6,16
38,100,40,35,8,95,60,81,56,2
87,76,84,74,43,11,8,62,8,23
20,23,76,33,56,50,99,65,71,4
80,8,55,19,94,63,66,5,43,21
7,29,48,90,3,90,100,62,51,59
85,22,81,12,54,89,61,5,5,31
60,85,91,15,55,84,77,72,89,71
44,47,52,91,36,6,80,88,67,82
98,3,3,79,66,9,19,27,13,23
9,72,59,51,38,66,87,66,37,27
37,81,73,40,71,60,97,3,99,63
84,97,18,39,27,35,47,97,61,11
71,22,34,30,24,72,95,10,37,31
36,25,63,60,16,34,72,12,36,70
27,71,18,44,9,44,78,7,92,91
17,63,64,3,92,87,26,38,49,14
68,36,39,83,96,6,68,19,18,55
40,44,25,58,39,34,53,68,40,45
58,9,7,73,11,98,60,36,87,60
1,6,95,39,88,42,97,55,60,14
9,100,57,34,9,95,19,61,14,10
5,72,18,63,96,80,12,7,67,98
66,68,4,61,58,91,2,54,98,14
67,58,65,75,91,73,21,61,85,35
71,42,58,40,4,53,72,16,60,38
65,25,57,68,37,15,11,91,20,60
4,39,17,68,13,60,92,86,20,28
72,42,69,29,82,73,33,5,40,92
42,56,69,99,76,5,65,38,47,84
97,50,22,13,69,87,72,12,72,44
40,43,85,8,23,18,32,55,22,23
99,16,31,19,66,6,75,82,43,22
65,39,71,39,3,92,77,75,55,100
18,94,94,54,54,16,24,85,22,45
60,72,12,90,90,77,95,65,58,89
86,75,27,8,65,29,51,41,55,6
92,24,99,85,78,4,52,1,41,73
97,100,45,9,41,34,37,87,50,47
75,35,21,53,95,37,33,45,29,88
2,20,11,1,4,40,56,55,92,96
27,89,95,23,49,87,9,37,73,58
83,99,45,55,51,39,91,84,35,19
71,37,38,33,89,93,25,44,47,16
40,26,56,86,100,4,73,8,93,97
66,75,96,62,82,98,100,72,81,86
43,3,22,32,88,62,25,12,6,23
27,97,48,83,82,100,38,6,7,82
55,24,57,50,85,90,47,36,61,80
22,55,82,95,87,69,57,63,32,62
85,59,10,85,93,91,84,82,49,42
64,3,18,72,4,54,61,2,90,73
81,63,80,15,57,18,35,13,80,67
26,16,77,35,52,21,78,87,2,78
29,17,80,98,40,35,51,52,36,40
25,17,2,4,31,11,21,17,75,52
83,53,19,59,39,71,79,16,57,33
93,37,1,24,34,41,58,85,92,94
76,68,62,30,23,44,92,43,60,66
46,95,18,65,5,9,87,36,24,43
20,69,32,20,44,17,60,54,53,4
99,29,71,60,10,94,55,1,88,66
18,34,60,88,50,17,96,36,52,71
30,71,91,13,90,35,30,2,40,82
5,38,62,75,49,23,20,3,75,8
20,93,93,80,32,42,48,27,29,99
49,58,21,40,71,10,26,52,63,65
33,67,2,47,94,2,69,13,56,44
72,75,88,64,6,19,57,53,97,85
3,45,95,23,36,17,85,61,68,47
25,100,66,78,98,11,79,67,75,34
62,47,61,49,10,66,19,67,19,15
3,21,11,97,44,47,13,80,7,80
26,84,32,43,13,29,53,92,47,28
77,8,74,37,8,35,55,78,53,73
92,56,45,55,4,40,1,69,19,59
48,97,42,31,39,55,12,92,98,58
71,26,18,44,15,77,30,69,55,35
93,98,42,37,52,45,29,4,13,47
63,13,95,56,95,34,62,6,25,11
16,95,89,85,90,3,13,71,23,67
5,15,17,46,3,20,43,31,24,7
30,38,71,24,93,66,9,7,23,33
69,38,79,57,74,20,59,87,91,81
5,47,47,21,45,50,41,87,32,16
93,13,53,16,89,97,81,97,55,3
82,24,93,12,80,66,84,91,4,74
23,9,72,22,81,16,23,73,2,54
88,47,19,92,62,59,89,94,55,95
96,88,18,40,52,50,58,35,92,61
8,14,69,31,87,2,47,9,74,100
63,14,98,33,5,59,91,45,4,97
40,52,85,57,91,36,58,48,22,49
9,81,15,29,11,1,82,57,10,56
9,24,69,6,8,25,17,98,70,20
94,9,71,30,17,14,17,27,61,38
75,21,18,41,50,29,94,83,37,55
38,45,30,58,51,37,35,19,34,4
38,79,64,61,61,80,74,77,58,34
67,33,7,84,25,8,64,70,90,1
24,80,97,53,37,99,89,71,17,74
26,7,53,89,19,65,21,92,41,78
77,7,62,83,43,39,90,58,8,80
10,32,59,7,84,47,57,25,70,26
98,47,32,2,36,50,66,8,93,59
37,69,17,99,52,59,37,93,17,96
24,78,27,34,84,63,33,93,87,2
18,36,48,49,90,35,50,55,42,42
65,31,62,82,29,65,92,17,58,60
12,33,38,91,67,21,53,99,13,91
52,82,78,99,30,67,86,31,74,79
24,38,9,86,19,89,50,63,5,59
22,69,92,59,59,58,32,63,56,96
5,7,78,82,57,59,1,94,90,74
73,65,63,33,50,34,22,100,96,26
58,17,46,49,76,56,58,59,18,13
54,74,71,83,56,80,42,8,73,83
81,45,47,95,78,97,28,51,48,23
28,57,92,74,6,19,29,63,77,99
28,82,72,98,65,27,29,6,86,2
40,18,98,38,13,27,34,40,77,33
15,5,90,6,78,47,24,58,61,100
56,88,81,28,38,97,6,66,54,92
19,93,9,17,31,21,43,16,13,72
1,27,76,90,84,5,88,7,62,48
58,18,36,90,97,25,87,2,42,40
93,61,85,2,29,67,74,71,82,86
94,34,64,69,23,47,25,10,5,39
58,14,8,45,56,4,21,94,5,62
85,50,22,69,51,50,35,76,73,69
62,18,2,77,39,77,76,63,38,32
1,47,46,60,91,53,63,63,46,68
25,30,69,98,51,19,100,37,94,24
57,7,41,59,36,79,87,63,42,24
94,94,23,91,54,65,43,68,28,40
87,52,70,55,1,20,73,52,56,19
75,65,77,16,75,64,46,61,26,39
36,20,85,58,62,38,75,57,57,2
96,44,5,65,98,5,36,23,57,44
93,83,8,21,50,82,85,96,94,62
34,29,33,18,39,95,7,13,51,64
66,46,7,70,63,56,26,98,78,34
93,22,17,100,43,66,33,79,61,26
40,47,7,25,64,45,19,23,9,21
86,74,18,44,43,80,99,20,30,29
54,74,50,70,74,44,87,58,22,100
84,14,46,90,38,61,86,56,35,94
28,20,67,45,15,61,77,14,80,6
94,85,31,43,6,56,87,93,14,60
44,97,73,41,38,10,1,75,17,36
68,96,7,86,41,22,98,69,87,29
26,32,14,56,74,19,12,12,11,25
24,54,73,96,94,62,58,47,36,26
34,3,22,92,40,14,65,37,82,3
65,7,34,78,62,60,97,25,71,59
49,46,65,21,94,10,34,3,8,69
28,41,23,1,85,62,66,49,50,99
52,15,57,85,44,19,44,92,43,67
3,44,12,67,16,57,28,50,59,36
18,39,28,41,91,12,54,57,13,4
55,16,70,12,100,65,82,96,9,76
14,11,71,77,29,87,34,56,36,92
43,5,82,71,97,73,34,51,29,98
6,35,13,75,98,13,91,31,60,99
7,73,9,77,1,89,15,34,97,50
78,39,7,59,61,3,83,47,5,11
44,62,98,57,88,95,21,79,26,80
77,84,4,38,60,56,26,75,42,22
76,19,13,34,29,73,89,12,19,93
74,63,55,71,71,94,66,91,72,43
22,49,26,77,38,37,32,63,63,73
37,39,43,49,24,72,73,12,35,92
57,60,6,63,31,76,56,48,18,28
90,39,28,67,15,17,3,98,31,66
71,67,56,13,67,31,36,40,43,22
83,51,82,88,13,64,15,20,11,32
99,52,22,78,70,36,94,72,33,25
89,55,43,96,68,10,27,55,1,21
77,83,71,10,70,35,73,36,54,35
67,5,86,88,82,55,75,28,78,59
52,19,14,46,14,33,7,40,39,7
60,67,89,30,76,10,16,48,45,22
82,11,26,19,50,7,25,76,86,3
35,37,21,100,35,86,32,41,26,22
48,37,89,88,19,64,98,34,64,42
55,97,5,80,68,6,39,92,82,24
46,16,13,18,67,47,4,98,39,29
71,86,17,59,26,35,75,23,69,90
16,75,38,72,7,5,78,45,49,59
20,94,26,84,12,92,82,15,41,21
95,11,58,11,22,83,98,48,57,66
37,73,40,74,44,98,31,73,42,79
83,14,72,8,97,35,51,79,49,43
51,95,6,8,58,27,43,55,74,99
72,62,23,63,35,19,61,17,91,2
95,26,67,67,85,16,1,36,46,2
30,96,48,35,55,5,13,49,59,86
48,82,47,22,45,34,40,5,50,83
58,45,8,25,63,92,40,15,79,85
68,9,32,16,95,86,72,8,35,83
93,34,64,92,7,8,77,99,12,26
81,70,22,40,46,36,83,85,51,14
21,18,22,52,85,16,89,57,75,75
39,68,8,2,11,67,62,87,65,73
64,97,94,38,88,39,73,70,23,75
83,43,45,56,46,29,24,35,37,98
9,75,17,69,29,27,35,90,65,51
14,29,47,8,66,86,46,90,55,21
65,90,15,9,45,61,89,20,47,26
18,55,52,34,75,32,61,9,21,25
11,87,5,57,94,22,42,91,12,49
11,76,38,26,36,34,38,24,54,84
1,23,90,53,56,65,84,68,25,57
45,36,43,49,44,36,71,38,26,34
86,89,9,75,14,96,60,3,19,65
86,20,87,27,24,43,91,7,62,16
63,6,3,57,7,46,92,29,35,70
62,72,58,22,98,23,17,58,25,87
22,62,58,61,88,81,55,31,40,16
98,2,74,100,11,80,97,2,60,32
23,73,3,80,94,1,54,62,10,30
100,83,91,58,43,31,90,97,61,29
65,58,83,38,9,93,69,5,46,28
88,69,100,43,100,45,43,54,58,4
83,57,86,26,66,29,56,56,77,68
84,41,25,66,30,85,58,98,41,56
25,29,24,76,71,23,20,65,28,77
68,63,86,5,88,51,85,95,6,62
62,90,54,86,7,84,22,17,33,62
72,10,90,47,85,12,21,57,76,49
85,95,11,70,100,50,73,36,44,78
97,5,19,3,42,78,38,63,46,70
24,17,79,14,63,16,77,83,24,5
83,8,99,45,30,50,94,54,86,89
31,34,93,2,88,34,79,25,48,24
47,72,92,77,37,6,92,13,40,67
69,23,75,68,19,56,69,65,9,6
53,91,92,46,92,79,31,22,56,31
97,2,2,88,78,90,45,22,54,85
88,23,59,14,42,29,21,10,93,29
68,46,72,59,43,63,89,25,37,44
55,33,97,8,73,75,97,69,48,51
5,35,25,63,1,66,92,21,27,36
50,46,81,21,4,23,35,93,48,23
88,2,8,85,10,32,59,58,100,58
60,5,44,84,19,44,1,62,65,80
98,66,25,30,38,81,53,72,73,52
47,12,5,54,96,66,85,6,24,36
63,35,92,7,71,11,50,71,24,14
2,73,31,27,3,68,7,55,40,31
58,38,42,62,91,38,28,27,43,51
62,58,85,54,64,7,16,65,78,39
31,31,64,61,57,66,29,15,72,20
45,29,9,39,90,99,28,17,25,22
19,38,79,56,91,94,62,58,11,91
49,41,22,12,53,78,77,33,45,48
4,89,76,12,79,65,62,6,34,38
28,52,76,6,7,18,52,21,76,62
11,24,2,32,87,6,62,63,39,6
62,94,46,89,6,25,5,19,30,38
57,57,42,32,15,100,49,66,20,76
27,31,51,80,14,37,85,75,51,75
32,12,21,78,52,78,2,57,96,83
94,52,40,87,83,54,87,84,71,58
59,97,40,10,28,54,98,12,80,1
39,12,12,59,41,16,36,94,72,31
76,17,35,67,4,17,72,42,100,42
99,11,38,39,72,65,44,69,29,23
69,19,86,33,29,26,100,16,19,71
98,47,39,32,13,94,49,85,35,100
26,86,62,16,24,33,32,67,54,12
41,74,30,27,58,10,4,57,25,23
27,23,21,18,54,33,11,54,17,98
6,95,83,67,10,58,100,93,24,53
5,16,26,86,42,84,96,98,40,20
72,19,94,92,88,48,24,98,53,41
95,58,87,77,25,96,34,24,88,9
28,44,77,5,30,70,40,25,67,32
96,38,2,90,29,89,89,5,86,41
45,33,99,31,61,75,78,47,50,17
55,77,61,31,33,90,53,73,66,19
4,61,57,5,50,37,45,38,41,30
31,37,62,81,19,23,55,96,69,4
65,75,32,25,58,64,66,10,88,31
80,43,91,36,99,93,25,43,82,65
73,12,54,86,92,72,60,98,20,80
1,84,55,84,60,64,100,25,73,87
7,4,30,97,40,80,41,16,23,23
32,47,86,85,84,30,9,44,27,80
23,80,15,29,15,74,92,14,50,16
1,56,20,82,4,11,61,45,78,35
19,9,33,56,46,17,37,6,60,16
85,34,95,51,15,61,24,6,75,25
74,27,80,45,8,83,7,20,79,84
7,49,44,39,5,89,55,41,46,66
8,30,52,54,80,66,15,55,23,89
79,48,15,10,92,74,45,98,45,75
33,51,24,77,90,80,17,96,72,63
14,80,44,65,33,76,82,47,30,4
87,61,52,53,22,95,26,18,45,23
93,77,73,68,5,14,47,74,62,18
36,75,49,79,91,82,6,72,80,36
27,19,48,30,71,21,77,97,39,21
19,31,49,43,98,6,9,44,79,70
13,66,96,14,96,86,47,2,9,78
89,87,96,36,69,67,56,45,15,46
17,33,76,17,27,73,74,35,68,52
4,33,69,51,98,65,36,44,66,96
21,54,83,17,41,3,83,48,47,97
94,15,81,21,83,59,46,57,94,65
60,49,97,29,100,94,93,87,89,10
83,10,15,17,78,55,71,12,54,17
60,47,83,92,68,65,50,65,21,95
29,81,96,26,61,95,71,53,33,12
62,67,21,76,35,50,82,5,61,35
73,20,34,55,11,53,72,12,17,44
7,45,76,2,22,36,48,45,88,80
56,1,99,28,28,33,77,61,38,89
96,10,8,81,17,70,85,88,81,53
31,39,97,7,92,71,94,39,67,34
71,22,34,69,1,14,1,77,74,90
17,21,100,24,53,16,45,37,55,77
89,85,16,38,43,7,60,37,98,26
70,20,99,55,40,99,20,92,27,94
82,43,66,33,18,19,48,62,7,54
90,48,38,5,85,33,64,96,21,13
21,42,32,19,48,71,17,68,62,95
13,43,37,78,75,54,48,74,67,55
79,56,2,69,13,38,1,28,33,73
40,5,14,71,23,13,93,91,80,54
85,44,49,73,22,75,78,21,1,44
75,79,51,28,47,15,17,99,42,49
71,81,53,36,3,27,49,95,17,80
1,53,24,1,25,97,75,54,17,27
49,44,58,100,71,4,66,88,55,8
88,77,40,93,13,43,71,13,89,88
92,41,92,67,41,69,63,68,22,80
94,71,75,3,22,45,7,87,84,13
94,24,89,34,16,53,28,38,17,16
25,61,9,69,27,49,37,42,16,10
73,62,80,47,64,1,43,22,40,27
34,33,2,75,18,69,79,97,6,96
65,83,56,73,51,34,21,39,75,89
100,47,50,80,93,65,32,36,87,71
14,72,56,15,98,25,35,77,22,40
72,38,22,79,10,24,12,82,14,87
70,14,33,71,45,26,36,28,13,22
51,26,45,6,92,43,82,26,19,55
17,42,92,39,20,1,14,83,83,28
69,4,93,2,75,37,79,10,64,43
83,14,68,27,71,11,21,5,36,91
59,4,84,3,42,3,3,8,86,37
87,6,41,79,59,15,67,37,76,82
31,58,48,98,36,70,60,57,74,47
47,85,51,31,87,44,85,41,51,22
78,89,80,70,19,38,36,85,27,63
19,57,20,18,7,7,87,66,63,13
13,62,97,15,44,35,58,80,75,9
54,4,49,33,25,68,70,60,52,48
74,22,5,93,39,63,100,78,28,14
42,92,27,90,58,70,24,16,2,98
76,55,2,24,87,78,91,8,90,95
8,63,68,12,56,59,26,7,36,5
72,29,49,99,18,6,68,41,21,21
38,48,75,91,72,13,21,14,73,10
60,80,72,28,43,79,86,68,85,73
72,57,1,20,7,18,26,26,58,98
47,47,46,21,90,69,34,10,82,6
19,42,85,90,69,79,69,6,46,5
78,17,13,78,89,19,47,66,45,56
63,91,2,60,63,43,28,96,4,62
53,22,55,89,64,75,67,84,80,64
40,9,81,53,38,21,23,84,86,19
39,100,9,92,60,72,35,39,19,38
52,24,12,6,64,27,80,83,62,59
46,1,19,78,5,56,98,80,39,35
98,29,35,59,21,46,30,7,36,100
96,88,75,59,93,39,85,25,73,46
83,18,99,2,96,55,9,45,34,48
80,32,28,66,90,100,63,71,6,98
22,2,37,49,12,82,39,97,6,11
94,40,28,44,41,75,99,50,20,84
49,51,67,76,68,8,28,30,30,33
79,52,86,68,100,98,49,38,46,54
100,39,93,27,35,86,54,85,87,25
68,87,27,35,14,94,42,41,75,72
26,5,75,11,72,26,60,72,15,5
25,14,96,70,92,30,7,45,14,45
21,33,31,47,67,96,40,61,37,66
84,62,71,58,24,94,35,84,66,49
40,42,14,35,63,5,16,69,2,81
65,22,14,95,21,32,43,12,44,79
78,27,92,100,36,15,93,70,50,10
70,90,4,83,24,66,88,92,87,41
72,51,14,37,98,34,69,40,98,64
70,75,91,61,26,26,27,70,48,77
80,17,66,83,100,41,100,39,84,86
31,8,89,44,44,38,30,64,29,27
28,98,53,70,10,30,95,36,99,94
64,78,11,29,12,62,22,64,52,5
49,82,12,89,77,8,26,58,71,6
36,50,3,40,19,12,69,66,100,68
59,63,97,21,44,9,82,65,72,33
21,72,66,33,13,95,40,90,52,62
96,88,12,98,27,82,62,48,47,61
15,6,75,11,26,18,71,60,82,42
44,3,66,10,87,78,4,78,67,7
39,14,46,2,12,25,84,25,72,30
37,86,87,11,48,65,29,19,24,62
12,67,16,77,76,2,6,31,31,25
38,70,38,35,23,1,59,6,25,30
88,61,15,74,72,63,38,52,33,13
13,44,80,81,21,7,34,78,90,65
54,79,86,92,13,8,92,72,66,69
1,53,81,68,78,52,82,68,55,14
80,20,57,11,100,29,18,33,59,59
49,12,37,34,3,49,42,47,20,7
67,73,11,47,92,40,51,73,7,5
86,39,76,94,49,75,75,18,60,33
76,8,44,12,94,99,61,35,97,32
93,63,56,55,9,47,94,11,19,53
16,56,91,91,2,39,18,76,57,29
60,32,88,3,96,81,53,8,67,49
39,11,63,95,17,24,93,11,34,12
15,49,19,5,92,20,95,61,47,51
41,6,35,28,61,30,61,13,37,79
14,27,42,76,73,58,99,66,20,33
29,34,33,99,90,76,19,85,88,17
35,28,23,21,8,83,50,20,47,38
98,60,17,39,36,89,49,86,6,68
70,34,54,55,33,43,30,3,79,18
19,66,97,93,86,4,75,88,23,22
77,73,33,93,11,68,82,11,6,39
31,27,73,84,81,57,78,11,11,9
80,81,74,76,74,11,32,48,98,54
21,75,26,54,19,89,73,52,51,78
91,81,57,15,16,37,23,46,99,33
54,78,13,27,6,86,37,37,86,87
42,6,13,20,11,31,60,84,35,10
13,25,91,69,39,6,6,61,3,4
45,56,34,57,34,39,95,23,27,32
61,20,37,73,91,48,55,50,83,89
60,95,65,2,64,55,59,21,67,62
76,11,69,9,20,55,99,66,77,77
97,89,49,85,61,39,84,67,89,66
8,100,13,24,53,76,79,63,48,45
24,23,8,45,84,27,99,34,44,27
11,40,15,59,24,27,97,8,45,37
25,4,88,37,28,40,64,58,3,11
2,78,86,61,74,21,87,24,54,82
50,16,21,16,74,97,94,23,56,39
11,80,42,99,17,21,90,32,78,44
43,80,74,80,40,47,100,79,71,5
60,72,21,33,88,46,29,81,20,36
71,31,15,13,81,83,33,70,15,63
66,9,42,39,88,33,85,39,63,7
95,75,79,15,59,18,13,39,50,32
74,21,14,88,85,94,23,69,16,37
31,81,45,24,19,84,57,55,74,71
62,68,97,92,35,55,61,47,93,10
30,66,82,44,6,66,89,28,35,4
64,17,36,60,41,54,43,49,61,68
19,74,35,16,65,21,22,77,67,15
86,49,32,68,92,37,85,80,64,71
36,79,88,71,38,28,77,32,76,37
99,46,10,86,13,26,6,35,2,25
1,87,73,32,6,16,69,91,95,32
61,82,63,100,53,100,27,29,32,54
65,82,100,26,67,64,51,73,50,52
97,50,90,69,82,48,84,2,90,30
33,50,12,47,50,16,47,28,44,30
82,60,11,33,37,78,96,87,50,46
90,98,47,31,18,28,30,1,29,19
82,14,21,45,60,22,60,58,49,55
87,82,66,98,66,54,75,14,92,76
59,33,73,57,64,90,85,45,42,65
64,75,78,84,20,90,57,31,47,5
38,34,39,55,83,4,9,57,17,100
84,27,33,56,84,48,97,20,92,38
84,7,64,14,42,35,3,98,66,1
3,55,86,93,61,68,96,69,76,65
21,59,91,5,66,74,4,62,45,47
51,29,54,67,42,95,1,96,93,18
48,47,72,34,39,33,53,86,53,29
50,25,39,93,81,57,18,84,70,63
83,21,91,88,87,84,82,39,31,26
57,78,24,28,63,14,12,16,52,17
96,53,41,86,45,74,42,63,9,12
77,91,84,19,78,22,2,12,60,84
89,16,61,13,44,24,78,7,91,29
23,38,82,16,23,78,89,17,92,49
28,68,40,11,86,69,84,39,80,43
22,69,59,35,33,54,10,62,60,100
43,35,89,76,2,11,53,42,27,45
90,6,64,29,68,50,50,51,40,29
94,62,49,52,48,33,57,57,95,16
8,89,2,96,64,3,58,16,96,37
12,86,42,76,66,10,77,15,60,16
96,5,29,44,8,76,29,64,84,75
32,91,63,33,38,26,88,96,41,35
32,53,20,25,80,38,86,56,52,98
23,99,2,52,95,62,79,23,25,63
97,56,5,11,41,43,36,80,38,28
14,21,32,86,97,11,23,83,18,26
32,41,25,33,44,19,94,22,41,71
36,89,78,41,51,18,83,86,49,72
65,15,44,49,100,40,59,22,74,29
47,5,69,23,90,12,41,35,85,33
5,21,73,83,61,23,52,95,60,53
66,25,67,9,73,66,100,83,39,74
63,85,78,31,8,19,94,100,54,79
33,58,51,57,92,63,80,96,57,39
48,74,15,14,82,39,79,33,22,17
6,84,53,36,67,12,54,12,12,59
42,96,69,92,52,60,54,83,55,62
22,2,35,88,15,68,27,45,1,100
61,58,35,66,93,53,77,99,65,40
57,6,35,25,50,39,37,55,21,43
17,94,45,3,34,11,71,60,8,23
11,20,80,45,85,73,98,14,23,62
53,31,19,40,56,68,78,44,75,50
86,43,96,82,45,29,45,67,40,52
89,50,71,69,46,56,93,43,21,15
56,73,97,27,12,4,46,41,47,20
43,33,62,90,66,59,70,10,25,9
61,14,10,84,82,7,91,26,50,11
92,57,83,88,83,47,92,29,39,38
100,81,22,62,70,88,20,91,49,96
99,62,9,60,45,42,67,87,67,68
97,58,76,31,46,59,29,89,39,68
26,38,48,100,51,70,39,70,60,87
18,11,48,26,22,44,20,40,82,86
59,30,96,35,61,93,45,41,81,83
8,58,72,8,57,23,29,95,44,88
82,61,50,81,39,24,77,58,63,58
95,22,88,90,8,100,34,52,40,14
86,100,72,57,7,80,79,35,75,75
74,8,87,76,40,25,99,16,82,13
26,77,86,65,18,93,64,52,44,55
65,29,54,88,38,12,20,68,98,94
42,24,53,29,99,92,53,49,60,87
61,85,63,99,1,80,91,64,83,35
70,48,15,24,87,52,87,6,20,85
51,13,8,3,41,6,95,46,6,6
32,18,42,46,16,42,77,7,5,60
93,26,59,7,1,45,11,88,3,82
72,53,94,79,8,87,36,54,32,93
59,15,10,100,12,26,41,88,84,97
99,76,22,57,34,75,54,96,62,56
77,33,60,71,63,19,9,50,72,40
42,82,6,3,33,17,80,25,56,63
21,55,90,95,11,76,69,16,71,82
23,48,14,83,70,28,53,78,77,25
69,70,6,26,72,39,42,52,63,49
66,36,55,56,82,66,83,2,33,53
83,56,52,48,90,73,75,42,2,3
66,70,24,24,47,95,14,40,98,28
89,64,63,43,71,96,60,53,97,93
57,31,48,9,78,37,33,4,78,35
58,96,56,81,71,3,28,84,42,77
11,82,92,26,25,62,21,84,66,70
28,75,52,27,35,82,15,67,37,93
53,95,40,9,27,10,63,6,93,4
83,55,86,74,80,62,88,53,97,5
74,25,79,77,51,13,58,66,32,47
10,84,93,1,92,19,10,54,77,54
10,11,60,95,36,92,8,23,96,4
80,69,28,10,97,31,75,7,96,6
53,57,89,45,57,33,15,18,86,43
23,47,53,82,93,89,73,100,63,68
4,42,88,31,4,37,61,78,43,8
83,47,16,71,91,24,3,57,41,41
100,15,39,4,97,32,92,21,31,55
41,34,48,28,17,51,64,29,28,58
89,10,4,4,33,46,28,87,55,20
79,6,35,18,9,83,49,1,3,79
55,43,65,2,23,81,5,38,61,32
96,49,94,51,53,26,97,32,12,51
3,43,56,37,60,64,19,8,16,74
38,22,68,54,76,90,86,80,28,47
11,75,47,4,25,51,81,21,82,45
23,85,87,30,73,46,46,44,5,61
69,94,83,36,100,58,26,85,37,5
83,99,79,30,55,3,80,35,76,14
31,98,50,17,80,22,14,25,17,70
37,85,16,19,21,15,28,98,99,16
2,82,67,80,63,21,34,42,7,9
7,38,59,56,6,38,30,72,14,46
41,50,83,56,21,55,70,48,52,21
16,5,54,82,84,16,2,17,9,60
78,16,49,36,23,55,73,52,78,38
50,18,87,84,26,7,38,47,7,41
67,22,45,72,55,80,87,8,48,48
67,25,63,16,12,37,22,84,89,99
21,90,68,60,73,93,18,62,40,24
2,58,97,98,30,51,29,68,10,28
15,77,53,29,44,64,66,17,100,6
15,72,95,34,83,67,79,1,28,70
76,81,27,73,30,8,75,58,76,85
85,42,13,89,23,56,5,88,72,56
93,38,79,39,23,62,5,1,62,84
70,37,16,49,61,45,56,88,2,83
72,86,77,84,27,99,91,31,86,14
86,30,3,64,20,77,25,24,78,38
59,99,27,74,47,39,18,55,26,71
89,49,8,65,84,34,63,74,64,100
39,1,81,93,65,100,70,41,75,47
31,85,45,9,58,44,47,27,50,73
97,38,21,5,3,5,90,17,30,54
69,21,6,1,13,22,53,34,15,79
80,45,64,77,53,73,72,99,52,21
23,48,58,96,4,12,52,94,81,33
99,1,53,4,1,18,78,53,51,92
84,83,36,47,59,40,71,82,90,22
2,65,70,11,60,25,23,11,70,55
43,68,55,48,24,55,65,1,60,67
44,43,49,31,41,59,70,11,40,11
33,93,75,54,4,86,78,78,96,48
32,91,67,86,90,42,92,54,94,3
20,37,45,21,67,37,79,88,48,19
51,32,11,25,37,66,11,66,43,58
13,26,100,32,11,89,73,55,94,67
57,14,55,54,86,74,90,64,61,89
34,11,20,97,88,8,62,98,74,57
7,86,82,7,69,45,95,94,99,89
12,7,54,66,60,39,39,50,54,52
90,88,62,62,84,1,69,45,98,42
53,57,80,35,63,48,31,9,93,29
97,4,35,2,22,47,40,12,48,46
63,37,33,77,98,16,77,67,12,27
60,65,83,39,51,97,39,81,5,31
61,2,87,47,55,8,93,47,19,40
92,82,29,24,10,26,39,86,44,2
12,4,18,46,94,68,42,32,100,47
63,60,100,1,59,6,8,51,52,78
43,43,59,71,18,68,48,8,6,44
10,69,47,27,15,40,47,8,24,46
54,38,58,5,38,16,11,45,18,14
22,12,57,33,34,26,52,82,34,57
25,43,26,23,21,92,14,19,99,37
65,5,74,74,9,63,41,71,59,10
37,33,22,45,65,55,70,68,88,3
77,64,97,54,86,70,45,100,88,95
88,4,99,14,29,60,76,69,82,35
79,18,19,52,62,83,58,32,2,46
34,78,61,83,83,47,52,27,98,91
22,85,95,72,50,23,31,26,44,13
12,74,30,30,25,92,64,34,75,17
31,60,47,92,42,29,38,45,8,87
36,81,71,82,52,73,4,35,50,99
47,61,72,28,42,96,71,57,30,45
25,12,5,71,3,98,52,40,43,59
26,78,39,49,59,42,21,14,76,70
13,74,82,84,2,75,32,24,83,13
21,59,24,25,30,27,22,81,18,16
91,96,93,29,96,3,70,68,69,98
37,33,71,70,16,24,96,99,48,30
11,68,88,87,44,17,13,17,49,82
33,39,77,77,19,24,32,41,91,100
38,79,32,8,48,99,32,95,50,31
24,12,98,12,98,41,80,62,9,81
44,41,19,72,18,90,96,1,30,38
100,67,17,83,74,16,33,57,11,82
87,86,94,36,49,91,28,29,5,37
61,100,77,31,71,46,20,18,46,49
56,97,15,72,31,41,39,64,49,49
45,88,35,90,23,83,33,51,63,37
87,23,36,15,54,58,61,25,28,58
74,83,7,40,6,37,32,44,100,81
45,97,68,31,38,42,65,70,92,80
58,30,54,45,45,59,55,57,84,82
66,57,16,72,48,73,9,80,68,60
12,12,56,31,94,94,72,59,15,64
38,73,45,91,69,41,50,23,97,33
4,15,41,71,86,40,43,46,19,11
6,82,74,61,12,68,6,84,26,21
99,15,45,43,57,65,84,6,88,32
90,43,46,82,14,84,22,8,81,92
18,86,74,92,99,85,11,56,20,36
76,18,2,72,13,58,37,48,64,76
79,5,18,77,39,83,12,60,91,92
3,8,30,28,51,28,65,61,83,84
48,11,54,49,34,66,7,22,65,22
97,95,26,67,23,16,49,34,75,39
78,30,47,59,57,49,38,21,62,72
5,9,82,10,58,68,27,16,89,91
37,38,85,14,4,60,30,52,45,56
91,74,37,89,32,94,89,69,14,50
41,70,59,74,31,68,41,57,35,82
99,71,71,36,36,74,95,17,77,39
25,19,13,61,7,44,54,96,65,20
97,5,41,55,78,72,74,71,80,8
4,79,30,26,14,66,51,8,34,27
98,58,46,10,71,4,6,76,51,70
95,48,26,88,54,3,59,28,25,38
87,80,68,17,5,81,34,55,40,67
34,38,77,79,99,47,34,4,74,85
25,69,84,50,8,37,5,66,16,81
55,3,61,23,71,17,55,4,24,95
22,57,84,50,87,82,48,20,38,22
56,62,42,39,64,49,28,20,66,95
100,20,97,12,94,19,81,1,22,4
47,96,60,30,45,46,63,45,65,100
66,73,14,7,11,29,7,90,48,72
85,47,43,33,11,89,4,91,89,77
94,35,72,53,16,69,50,78,13,66
78,30,38,43,88,1,71,94,90,18
17,26,16,59,11,26,47,14,68,87
90,61,21,14,65,88,82,66,66,46
32,95,27,69,37,14,21,7,59,63
76,75,40,91,85,50,69,84,15,88
70,5,1,43,18,65,30,51,83,47
48,14,41,74,34,77,39,7,35,49
69,10,75,8,53,59,10,73,42,24
60,64,80,60,6,49,77,87,99,11
34,98,76,74,71,9,3,61,67,37
9,35,99,83,95,3,94,4,27,87
27,38,50,7,50,7,55,78,94,6
88,27,3,63,52,26,23,54,38,90
43,99,24,93,33,70,47,26,73,73
13,52,62,14,58,11,21,64,88,66
21,75,92,76,89,95,53,12,1,90
53,95,88,28,39,21,98,85,98,70
9,62,21,70,76,30,33,96,46,20
61,66,47,4,93,87,50,45,50,50
87,2,96,26,30,34,46,27,70,96
48,30,57,21,100,84,50,84,79,47
55,91,65,53,46,57,40,48,2,89
49,40,91,45,65,20,30,63,98,100
58,45,29,66,65,80,50,67,63,80
13,70,71,77,22,68,86,61,15,39
2,64,78,92,60,42,63,89,4,60
88,13,56,69,79,21,100,28,39,63
7,51,84,29,80,5,97,65,18,63
3,19,78,80,62,37,73,24,26,77
35,65,89,90,33,19,62,33,46,100
47,53,3,30,33,82,86,81,98,3
44,52,21,21,83,82,58,55,57,35
83,43,99,24,85,84,42,98,16,40
50,14,92,52,95,76,85,80,57,34
35,100,85,55,20,67,89,29,21,97
63,56,92,14,79,76,97,72,73,12
11,22,77,54,25,71,30,61,2,86
94,36,85,78,43,56,96,83,37,69
31,51,24,22,64,54,97,60,25,22
23,88,95,99,41,20,21,70,80,23
7,26,10,91,55,52,99,51,34,87
19,17,37,94,38,53,47,87,12,23
8,35,10,2,85,51,21,6,72,53
80,79,78,89,21,32,41,71,34,26
57,52,42,46,45,32,98,43,18,61
66,25,47,27,26,32,29,99,37,1
3,16,31,32,56,51,63,96,74,49
74,82,100,15,27,97,46,76,91,15
37,8,39,83,35,17,66,15,67,2
15,69,69,97,100,25,48,14,72,73
62,45,54,14,12,81,62,9,8,52
24,96,60,14,31,46,30,96,60,48
50,27,68,18,23,19,94,22,85,18
94,46,62,48,11,25,80,24,34,39
76,9,35,87,22,65,32,4,60,43
3,9,69,71,79,44,89,24,17,73
41,11,71,55,10,33,79,41,57,64
79,32,24,65,70,98,29,53,53,41
95,55,1,16,25,79,59,66,55,27
38,95,37,60,1,98,93,32,90,49
95,21,32,71,85,53,68,66,5,20
6,99,74,58,66,51,37,76,16,43
3,5,37,91,17,90,89,9,21,30
9,67,50,92,37,35,44,56,100,48
75,57,98,1,14,16,51,2,91,18
44,93,74,33,36,42,22,76,50,94
5,10,60,55,53,49,41,48,4,40
47,79,48,45,31,13,60,33,15,2
2,10,47,27,94,82,69,67,57,70
60,61,80,72,67,84,20,7,32,75
98,78,5,45,22,35,10,33,67,76
87,20,85,33,47,79,66,15,45,22
84,57,34,15,28,1,99,99,7,30
73,5,7,78,1,81,64,10,65,83
85,3,2,22,35,48,52,100,62,48
73,98,4,7,12,83,7,62,81,65
91,6,69,50,35,70,30,98,31,46
80,16,49,34,89,35,81,40,87,95
87,11,44,91,17,55,25,75,69,6
92,59,63,60,60,97,81,41,94,64
87,26,31,87,59,19,73,91,58,59
37,44,70,80,86,38,87,11,65,55
68,56,65,30,67,25,26,100,65,71
15,3,48,45,89,58,63,14,49,72
72,37,67,93,69,53,83,55,15,99
61,82,6,77,63,24,1,88,75,18
10,89,72,58,85,13,15,99,26,15
70,49,52,37,42,20,41,76,26,7
74,86,88,31,14,50,54,67,89,29
84,98,69,55,55,54,19,70,4,44
36,74,93,87,62,86,6,54,61,31
60,86,68,99,16,82,100,21,48,88
1,83,85,70,89,92,75,8,13,78
51,48,3,43,87,64,80,92,69,40
75,28,25,94,26,92,75,77,13,74
64,13,8,1,34,97,44,8,4,56
38,6,55,40,1,41,56,80,85,24
72,59,4,48,52,81,40,79,58,4
4,21,16,12,73,2,8,16,9,63
71,46,68,78,38,20,18,93,52,2
68,23,12,71,70,64,52,61,94,9
64,97,29,80,8,2,81,67,69,41
29,40,39,49,69,76,20,86,20,71
40,87,93,51,58,63,66,61,23,59
69,39,8,49,70,15,2,2,34,71
42,62,62,32,62,30,59,82,15,78
52,54,17,45,57,26,59,22,86,33
33,54,71,40,2,40,6,4,93,39
26,35,53,87,18,14,16,77,95,30
6,99,36,74,95,44,99,53,65,84
37,49,89,60,88,43,51,46,98,44
36,23,30,88,9,47,54,24,75,48
5,81,98,92,54,92,35,53,96,52
88,33,100,77,44,40,19,94,37,16
37,72,38,18,12,98,65,65,73,39
64,77,71,62,21,25,53,7,29,49
58,68,33,10,44,76,1,14,21,37
81,58,8,70,27,71,67,91,35,39
82,99,68,52,60,88,28,12,94,8
12,4,76,44,65,19,19,65,85,40
1,65,49,60,35,75,31,53,18,65
92,51,15,11,2,74,50,82,86,95
89,97,98,64,93,14,35,11,78,19
2,30,35,2,90,69,29,72,22,98
88,65,48,3,27,1,76,76,82,13
70,23,62,20,38,54,33,72,16,11
42,70,40,77,71,81,97,51,4,70
48,92,86,95,94,12,96,21,87,29
34,9,3,47,80,41,100,12,64,67
74,6,36,66,34,59,98,82,9,2
52,9,93,89,3,38,1,50,58,39
31,43,99,33,89,78,73,40,42,37
59,67,94,94,84,79,4,82,60,65
83,63,73,27,52,27,16,4,77,25
94,7,68,45,39,8,74,64,48,67
52,58,34,45,3,17,75,7,50,34
23,84,49,95,10,52,21,77,55,49
2,100,55,69,96,46,28,70,61,27
36,12,84,21,8,87,90,82,93,39
67,15,23,15,61,84,66,33,61,72
82,62,24,88,82,19,33,9,88,45
36,76,8,19,48,15,57,37,48,1
76,15,15,50,81,27,33,47,60,45
70,41,58,93,28,39,12,13,100,51
9,35,78,17,5,26,83,14,62,31
14,89,97,81,38,29,7,23,75,18
67,97,10,25,89,90,15,100,54,14
3,62,100,80,78,5,5,13,70,67
95,83,55,43,63,45,71,22,67,98
39,85,94,49,9,82,38,24,34,91
37,36,52,37,15,82,93,72,46,62
90,40,96,96,82,59,40,4,80,6
1,18,91,46,18,51,28,55,26,61
97,63,48,49,51,14,82,95,85,79
8,74,18,3,70,51,61,61,6,92
67,59,10,9,4,27,11,31,34,37
43,30,99,42,30,1,56,63,95,92
41,54,18,10,56,87,12,69,47,18
60,65,76,21,25,79,100,36,62,33
72,56,14,22,50,44,74,5,58,68
48,99,73,65,8,28,3,72,48,2
89,8,66,16,80,43,94,79,78,7
63,1,15,29,74,64,24,47,68,81
66,67,79,38,32,39,17,34,10,65
35,50,72,53,65,51,95,10,82,24
17,44,76,31,24,49,94,47,95,13
28,60,31,58,49,62,96,65,48,57
29,82,6,100,86,22,3,32,32,36
7,48,31,82,30,55,82,75,1,28
39,28,39,69,86,87,83,33,52,30
90,32,63,47,84,49,69,86,80,100
21,87,99,3,20,80,57,54,6,58
81,44,85,20,64,22,58,98,55,61
27,96,93,90,42,76,90,62,61,69
13,33,7,63,87,79,42,44,32,99
1,64,94,37,35,58,59,93,7,65
53,34,60,97,75,1,72,64,15,84
84,27,68,91,90,55,21,83,98,4
34,50,67,27,86,54,36,96,98,43
60,2,76,19,99,50,72,70,65,86
54,48,64,21,90,5,75,62,40,24
65,73,73,84,99,59,37,35,54,34
77,66,87,4,84,85,5,55,55,69
92,60,68,56,32,58,60,59,19,99
82,36,71,7,19,22,17,7,56,70
92,84,87,78,87,71,63,91,77,69
11,69,80,78,76,11,87,87,69,58
86,3,93,8,9,63,81,25,69,36
46,60,19,33,89,57,55,3,99,31
71,9,51,50,39,26,13,25,13,33
82,50,35,26,9,95,88,90,19,8
77,17,19,96,49,8,4,3,10,3
85,33,11,36,34,1,13,46,78,25
79,11,26,65,37,35,60,24,24,78
84,52,46,2,47,94,9,51,48,71
5,85,3,15,72,88,68,84,34,45
9,64,55,34,80,91,20,39,67,95
69,50,47,14,51,45,60,12,95,59
82,51,43,36,66,14,23,85,50,8
29,58,23,83,43,3,26,63,41,44
57,61,45,3,75,47,48,86,58,94
44,91,45,39,26,62,4,1,46,53
8,26,62,31,8,5,33,85,67,25
80,75,86,24,30,12,71,77,97,80
22,92,71,66,82,48,79,38,48,24
90,56,49,4,38,9,8,70,45,26
46,25,52,31,100,81,94,70,57,90
2,31,34,72,96,15,71,75,4,19
50,94,26,51,49,63,11,8,84,7
33,81,31,36,12,31,17,5,52,25
47,53,55,32,76,3,98,99,29,2
69,78,95,94,80,95,8,42,2,43
49,34,23,31,21,86,13,37,43,17
62,41,21,68,72,97,70,69,47,98
70,15,28,16,60,7,10,67,1,11
61,1,96,35,31,17,21,96,5,63
12,66,55,32,34,26,80,55,46,26
53,16,40,80,83,99,38,93,17,38
55,29,38,3,64,21,71,84,16,75
98,27,93,52,10,78,29,90,32,74
67,36,41,7,15,24,57,53,68,26
42,74,54,32,28,69,52,98,52,67
25,1,45,69,4,54,46,84,95,29
58,62,65,50,20,31,73,28,35,92
53,77,66,59,8,93,27,59,43,31
77,67,83,73,87,87,26,84,70,73
12,79,34,28,81,53,11,5,80,45
97,85,21,14,95,28,58,21,38,100
51,66,18,34,38,4,72,16,87,93
88,51,24,73,30,4,77,40,60,8
85,56,92,57,69,86,85,79,59,74
78,61,40,48,46,29,3,69,44,90
62,83,92,37,55,73,92,31,13,51
39,49,7,82,5,27,20,41,5,30
15,35,90,6,34,36,34,36,4,30
77,17,12,68,53,19,93,96,1,5
47,39,53,5,73,9,31,44,50,88
73,16,74,62,21,7,49,6,42,5
87,19,21,51,38,26,69,30,21,69
86,67,60,90,23,84,99,54,27,48
93,99,15,18,12,87,24,61,92,17
65,31,35,37,81,25,62,49,6,35
69,92,53,28,81,76,11,31,81,37
30,25,87,44,42,99,30,65,59,74
81,75,56,68,11,36,44,25,36,49
11,4,40,63,32,73,90,94,3,70
83,85,94,69,28,35,67,10,51,77
35,84,51,90,3,14,25,46,38,60
94,48,15,86,62,46,10,52,92,64
73,74,48,67,42,28,53,61,89,56
37,23,39,88,12,41,53,88,38,42
99,83,41,13,20,2,11,29,5,2
45,78,75,92,96,68,71,48,28,59
3,65,81,93,4,44,85,56,31,22
97,29,5,37,42,24,90,52,5,95
5,49,24,79,92,19,98,15,18,26
73,73,42,6,65,97,1,50,52,32
23,100,12,27,88,53,3,29,56,59
75,60,59,98,90,2,68,40,16,86
65,41,58,58,46,22,54,46,23,57
29,46,56,41,24,95,45,78,75,53
88,50,64,46,99,6,100,67,45,15
52,9,55,9,66,52,82,71,50,57
27,30,2,82,22,77,28,67,7,2
71,94,3,34,92,2,39,91,68,35
5,71,95,12,79,12,15,12,82,16
68,8,46,21,41,67,50,68,85,56
22,55,49,76,41,40,77,31,82,96
66,87,66,60,50,96,72,64,60,53
80,27,61,77,100,1,95,49,21,80
56,94,86,4,69,26,96,98,57,77
93,22,15,11,33,16,6,4,32,17
57,11,96,69,39,95,69,33,95,41
12,50,34,50,5,3,75,52,100,83
81,44,56,47,54,89,63,12,44,94
28,52,56,23,20,46,69,41,78,63
81,42,64,67,91,21,69,17,72,20
52,4,15,7,51,21,47,65,32,43
10,11,94,17,86,66,62,54,6,39
69,38,32,32,4,74,4,24,43,28
95,94,31,10,52,33,30,51,49,13
93,58,75,86,26,60,51,87,14,8
78,34,46,61,17,1,35,21,25,77
48,71,22,30,32,73,15,61,23,63
25,67,73,100,53,98,11,55,37,24
15,14,57,12,26,74,12,60,46,88
88,93,59,9,74,90,82,88,3,56
3,79,23,27,30,27,76,41,33,12
16,47,77,25,10,3,50,22,14,95
61,2,39,71,10,12,61,43,52,15
51,54,45,73,32,75,51,7,67,83
71,82,82,99,6,91,1,55,64,67
49,25,68,87,95,29,51,7,72,2
73,74,7,18,46,38,44,96,96,10
30,66,91,11,65,97,54,17,3,17
83,4,93,2,90,88,31,92,46,54
45,19,79,51,36,24,40,79,71,36
88,52,53,30,15,69,78,68,38,81
36,72,84,29,74,25,16,56,69,61
61,13,31,39,64,66,14,55,96,36
42,35,87,95,17,1,15,94,20,4
26,56,76,61,84,1,38,51,8,6
63,20,18,94,10,33,11,75,88,59
10,81,93,48,27,61,49,42,55,20
45,80,75,72,93,10,72,30,12,31
35,75,50,4,68,11,89,30,85,28
88,46,8,33,94,35,93,94,28,47
13,24,79,40,96,71,49,19,52,61
2,38,87,51,41,6,14,29,35,98
56,75,96,16,7,89,50,99,82,29
98,46,52,28,85,99,50,86,18,1
98,19,38,84,21,30,89,86,11,75
36,66,49,31,33,55,19,82,6,52
62,55,97,14,82,34,12,31,19,81
83,16,51,72,51,24,1,91,9,11
65,44,29,66,74,61,72,44,95,77
47,56,31,96,21,64,29,33,46,99
65,28,66,16,99,16,39,52,6,47
62,22,43,42,39,68,3,11,12,49
87,10,56,70,5,77,85,33,61,31
83,25,10,48,40,61,15,30,12,72
29,25,94,71,19,32,90,73,94,1
21,33,63,76,2,67,52,38,52,64
68,34,89,30,82,80,90,96,62,53
20,90,29,65,12,47,96,1,19,42
54,91,74,16,67,27,34,70,64,85
34,84,19,74,13,52,53,54,99,14
58,18,55,38,82,18,37,30,71,55
71,24,98,44,91,16,70,24,85,85
61,70,68,79,43,32,82,48,37,80
13,94,50,20,84,31,37,20,12,7
74,82,82,23,77,24,38,98,100,75
83,60,44,2,90,39,34,71,38,70
50,2,16,99,21,99,82,58,18,93
64,43,27,46,66,3,21,3,53,20
29,35,79,25,36,68,63,21,38,52
43,40,53,58,90,74,8,23,31,25
16,46,19,42,43,36,96,64,91,48
83,19,34,14,43,22,81,57,42,71
8,84,62,13,93,3,86,100,26,68
76,41,13,95,34,8,82,81,71,72
29,5,91,14,18,85,35,51,42,77
73,1,60,86,13,5,88,98,4,65
17,32,5,82,78,90,89,59,71,11
31,51,67,73,64,37,57,99,87,98
27,11,99,38,96,11,42,35,61,46
100,77,77,56,10,54,98,98,64,68
60,94,70,27,66,85,63,23,83,1
20,9,11,70,47,58,81,40,44,93
85,43,21,13,51,31,18,48,80,82
67,40,27,36,18,45,20,32,67,55
32,38,15,94,60,13,3,40,53,46
84,89,89,4,54,39,34,71,86,14
4,4,5,83,39,22,27,10,53,45
64,36,82,31,29,41,43,31,32,95
76,15,36,16,71,89,6,56,11,43
69,67,46,25,49,36,98,75,46,50
71,61,37,52,91,65,45,86,47,28
32,75,95,67,90,65,7,48,20,18
90,41,84,88,65,84,23,63,10,68
64,80,81,1,31,23,17,27,8,64
55,92,38,49,58,79,65,65,26,84
34,68,24,17,55,41,52,77,55,61
97,18,40,77,70,22,99,87,49,59
2,55,50,91,3,59,69,67,75,47
2,8,14,78,76,68,18,27,96,24
87,92,93,78,20,63,100,19,1,100
29,2,54,78,92,8,36,12,26,11
58,27,70,23,56,98,42,25,24,38
48,63,29,41,40,1,3,91,19,55
90,47,56,95,76,99,2,63,62,79
25,72,58,95,94,13,92,36,38,67
73,85,81,53,25,73,53,79,63,23
33,5,21,40,51,96,90,5,59,4
83,83,75,40,29,20,5,72,55,42
39,79,26,71,84,3,43,88,33,58
11,66,62,83,57,64,31,99,68,89
2,3,23,28,42,4,47,46,75,2
39,65,32,17,36,15,19,78,55,51
35,65,68,48,99,77,12,29,27,31
69,28,33,92,7,27,47,53,24,21
6,63,38,38,79,73,4,97,2,58
99,89,74,19,88,73,47,51,53,73
82,22,52,14,65,58,40,11,10,64
83,16,78,20,5,56,44,60,4,98
70,54,86,43,24,73,67,70,24,20
42,57,41,45,22,5,2,62,15,64
77,49,79,6,69,35,61,64,94,16
61,63,69,46,58,93,71,76,14,46
95,8,54,87,52,75,91,54,36,57
17,64,6,47,69,26,33,81,89,78
96,50,41,17,47,50,61,69,25,74
14,72,81,67,58,33,42,1,38,29
57,6,45,14,4,65,91,36,98,80
13,45,81,5,61,27,54,73,96,31
47,61,2,79,80,59,63,73,59,100
1,68,5,97,81,60,14,72,95,11
3,8,7,83,12,20,61,18,92,56
48,90,69,49,69,48,59,31,20,18
83,72,85,39,69,17,99,34,40,93
96,42,52,2,76,16,21,37,33,13
44,32,54,12,32,22,59,90,5,30
7,39,2,43,77,22,60,27,55,51
72,50,45,23,3,20,38,24,8,22
88,52,5,41,15,36,15,74,26,19
3,84,9,56,79,85,77,90,64,83
40,35,84,84,9,87,56,99,10,15
72,49,66,77,89,81,12,3,6,89
73,60,25,81,16,3,18,44,92,33
27,83,67,10,19,75,96,74,73,57
40,45,5,58,73,46,38,36,100,95
25,73,6,1,5,73,3,74,17,46
6,43,28,72,4,98,99,52,71,23
8,63,19,65,20,91,10,9,27,9
3,3,33,60,3,90,33,57,63,49
54,69,43,33,92,46,31,42,49,53
65,57,15,35,73,34,26,34,42,4
94,96,6,27,56,60,16,88,68,78
88,73,98,30,5,42,27,87,83,76
40,99,84,6,34,56,92,59,89,85
14,82,81,71,60,88,30,75,27,49
5,14,73,54,95,77,95,21,16,30
96,7,28,79,12,61,86,55,19,26
40,84,60,20,54,19,59,35,46,85
83,2,50,55,7,44,84,2,64,51
31,12,57,58,42,20,71,28,75,41
5,14,25,64,85,78,35,43,13,80
79,95,33,28,2,39,23,37,92,38
87,74,1,95,32,43,14,2,22,88
94,26,1,18,90,85,96,76,79,8
55,57,54,39,36,7,77,10,95,69
48,81,42,48,75,25,42,41,78,63
28,72,89,81,89,30,17,36,5,96
43,11,4,49,49,92,55,77,1,50
97,100,82,91,48,9,67,89,49,97
4,28,68,44,8,8,73,77,96,29
72,38,91,27,38,91,18,93,67,71
94,16,70,75,6,69,35,72,58,35
68,13,63,87,56,22,47,80,98,42
8,21,31,50,100,69,40,69,13,6
39,6,21,9,32,78,77,67,2,86
1,69,98,15,8,5,37,54,84,86
95,43,59,77,92,58,45,31,26,57
89,17,14,61,25,46,39,53,64,92
91,16,60,88,31,67,45,19,72,28
56,18,71,14,95,14,23,39,45,49
48,85,17,61,45,41,6,35,45,21
26,35,37,38,75,67,56,19,37,28
98,92,45,20,6,91,34,28,30,30
28,77,14,44,89,10,36,47,97,33
67,74,67,3,63,93,21,19,11,9
98,61,1,94,80,58,85,13,85,66
42,65,94,7,60,82,17,48,28,65
80,95,38,98,49,53,91,22,71,53
30,20,13,82,13,93,39,97,57,76
14,99,92,7,57,51,89,73,98,16
89,29,62,79,27,63,31,17,36,53
69,17,72,34,99,84,26,37,33,34
64,46,32,55,53,41,6,93,65,55
8,54,84,22,32,62,36,14,78,71
66,98,87,37,31,37,72,8,74,4
42,37,2,25,92,6,65,49,98,30
55,5,35,90,78,66,51,13,79,28
35,44,78,74,32,8,10,3,16,83
59,57,72,60,33,15,65,98,15,62
79,69,18,13,59,96,30,61,60,8
89,47,3,18,20,86,25,29,88,92
64,46,48,35,57,33,1,21,30,15
34,8,35,52,72,45,99,1,6,58
60,46,56,14,63,75,99,39,4,86
31,67,84,30,53,40,62,5,13,91
71,46,50,5,49,21,2,47,21,7
57,80,4,12,45,18,87,43,56,42
81,86,60,16,68,12,55,29,68,19
72,38,17,21,42,65,94,43,12,66
1,68,98,56,31,42,25,17,85,81
10,17,18,69,32,85,32,38,66,99
57,37,36,73,57,30,37,2,24,48
68,77,67,65,84,98,58,9,66,42
41,28,10,10,96,41,47,80,79,12
78,35,48,66,59,56,47,95,58,70
95,77,98,13,93,82,10,50,42,28
44,82,55,53,43,2,94,89,81,72
52,11,58,99,76,16,7,74,10,64
43,56,40,93,69,32,26,30,33,67
57,76,100,63,29,42,65,22,31,45
45,34,55,2,33,82,17,39,55,78
54,50,34,45,42,2,76,19,31,8
85,88,36,84,2,64,77,66,37,59
63,81,93,17,34,25,51,50,15,5
27,68,6,60,12,99,13,39,17,44
98,1,83,33,36,84,48,13,50,84
71,64,16,63,80,49,39,82,50,53
87,29,72,44,88,35,43,53,25,59
96,75,12,78,59,99,13,7,11,14
42,34,77,10,96,9,10,35,90,60
39,28,88,63,72,27,49,66,79,74
76,26,100,39,55,58,38,68,16,48
33,58,33,10,67,29,70,28,15,59
87,5,39,26,19,62,53,68,27,83
93,2,9,92,41,63,1,30,82,17
29,15,26,62,76,44,90,45,71,56
55,58,60,93,83,31,54,87,98,80
70,42,34,30,33,26,44,85,55,26
1,83,92,26,96,67,69,85,11,40
92,65,49,4,10,83,34,63,22,31
95,43,72,80,72,56,5,15,40,11
92,93,45,83,18,41,49,39,77,11
30,69,28,78,72,37,12,57,51,33
39,45,75,62,24,98,17,80,65,8
90,56,100,35,91,70,27,39,60,3
2,89,71,81,18,94,17,29,50,67
14,88,64,40,1,87,38,69,19,54
77,8,9,28,94,99,49,20,90,8
23,43,48,45,23,65,39,91,46,40
57,11,80,72,50,80,11,39,1,29
92,77,36,53,56,82,51,5,1,92
64,75,86,12,20,8,28,10,98,73
1,7,35,32,78,85,64,40,75,64
68,67,40,56,19,47,37,21,3,89
65,67,16,50,30,35,58,57,96,7
82,96,13,16,80,43,52,43,34,27
6,2,45,45,9,15,43,97,35,46
85,51,64,52,1,93,86,10,1,33
16,34,81,81,2,60,23,53,2,56
31,7,9,27,3,17,41,45,65,28
90,2,78,5,53,30,97,91,39,50
23,55,83,3,87,84,14,61,89,15
68,71,21,77,98,23,45,90,20,10
69,9,63,99,66,15,28,14,5,19
63,28,25,98,82,11,33,96,71,73
10,90,44,83,66,93,57,63,34,76
24,3,37,86,53,2,100,32,15,5
2,78,84,26,27,17,88,59,12,10
32,74,100,27,8,17,19,64,79,4
40,54,58,28,39,10,29,91,94,95
47,95,24,82,21,50,98,60,9,62
70,92,87,21,18,94,37,88,57,68
91,48,21,49,27,60,10,55,2,3
50,48,50,73,29,70,75,26,81,35
87,50,26,73,70,95,18,59,82,27
26,24,26,46,24,53,57,86,7,58
88,8,5,37,33,85,58,7,11,39
93,49,40,18,74,62,12,43,20,45
69,97,20,95,42,44,47,51,81,5
8,68,65,65,57,49,49,66,7,11
56,99,12,48,68,37,9,31,31,80
75,100,76,46,94,69,41,92,19,21
48,27,41,12,43,97,12,43,14,18
6,22,68,69,69,35,57,29,65,87
8,39,86,35,37,31,3,77,74,22
98,22,100,38,85,94,86,97,36,99
66,93,72,34,61,40,68,17,68,33
4,27,23,41,13,11,72,68,88,45
41,85,18,40,22,3,85,59,51,72
57,68,65,29,1,77,20,21,94,40
5,49,18,79,89,31,90,12,98,77
57,38,13,26,29,86,80,65,44,30
36,52,50,52,32,2,29,52,22,74
43,78,22,60,57,62,90,98,74,39
74,82,28,86,59,8,23,39,72,66
20,60,17,69,11,49,71,39,52,44
64,94,22,37,53,30,99,95,27,24
85,52,57,13,89,15,20,11,5,44
76,25,3,44,45,13,92,67,4,43
11,67,88,84,56,41,65,6,87,43
81,71,94,37,83,82,3,55,92,8
98,19,84,52,62,28,64,6,95,19
48,57,38,36,92,93,28,56,50,14
98,30,84,43,18,19,24,20,73,67
79,22,85,62,25,98,42,88,3,88
59,3,96,96,90,87,40,17,94,89
82,91,18,65,85,35,35,8,6,59
26,85,32,62,98,56,59,91,96,14
78,54,16,73,1,5,59,40,73,4
28,54,46,97,70,30,83,57,89,88
15,14,24,47,75,74,2,86,64,97
99,94,2,66,66,2,70,77,41,94
80,20,99,26,68,20,7,50,76,96
90,91,9,65,89,36,38,42,21,54
91,71,47,92,36,12,94,57,40,34
50,72,6,100,97,73,19,3,75,95
50,64,37,59,80,77,94,18,18,66
71,8,36,69,52,23,80,45,79,72
30,80,43,35,79,39,60,97,93,34
43,43,49,31,53,28,59,98,97,29
15,19,88,50,87,39,24,67,83,2
90,13,33,32,99,11,22,58,59,66
91,54,60,39,36,12,67,95,61,15
23,75,34,10,76,20,49,99,38,83
52,27,47,84,58,46,46,79,3,5
45,94,10,4,84,45,68,2,91,28
17,65,55,50,75,30,69,75,29,59
9,80,85,56,16,43,1,61,73,3
17,69,48,26,25,84,23,44,85,13
71,1,78,77,2,4,7,23,30,35
81,38,66,17,45,81,11,45,94,84
100,10,4,99,36,28,82,10,71,67
74,94,19,51,70,73,6,28,95,87
62,27,77,80,43,21,12,6,66,5
41,17,15,44,15,2,24,97,11,46
63,84,91,33,87,13,5,44,40,51
31,54,29,7,33,24,27,44,29,44
1,69,12,15,12,27,16,35,23,78
33,37,61,23,21,99,35,26,43,75
28,25,28,57,31,12,80,9,55,8
5,7,76,16,21,39,94,88,26,16
17,58,4,78,80,25,28,67,2,22
41,29,46,68,85,28,79,16,37,85
23,93,44,50,60,64,41,54,4,18
21,20,75,77,49,6,1,77,72,54
98,64,34,96,31,71,23,61,86,11
98,61,3,41,10,15,56,2,68,11
19,40,31,45,16,31,51,68,59,74
21,9,38,7,4,20,77,26,33,62
37,82,22,91,74,84,57,29,37,76
92,56,16,22,100,83,4,2,51,63
28,23,71,65,29,74,36,5,99,68
19,87,49,92,30,22,27,38,3,64
14,94,71,29,67,22,11,70,24,13
32,3,36,2,19,16,27,54,73,78
22,91,16,22,34,97,96,61,35,98
24,48,43,94,28,9,15,90,30,90
3,14,92,90,67,10,57,94,64,29
71,37,71,38,10,5,35,5,65,69
2,88,68,96,33,95,56,47,36,86
89,90,51,80,31,17,42,88,10,5
16,32,93,39,70,2,43,4,7,59
24,60,46,91,56,30,37,63,28,72
100,16,62,50,96,44,67,89,31,28
45,99,12,37,37,81,90,31,36,96
89,59,8,86,1,15,15,37,77,42
60,29,10,73,78,57,17,96,45,47
24,89,97,35,25,33,67,66,15,54
14,3,64,21,40,64,87,6,52,15
100,11,43,9,84,21,65,52,16,9
98,91,49,95,77,25,79,95,90,46
48,3,48,11,75,40,26,61,45,77
76,44,40,18,4,75,90,68,26,58
28,75,48,76,21,25,100,52,19,42
97,19,44,96,81,19,35,7,79,80
35,6,75,74,76,79,100,65,98,25
22,78,100,22,53,20,98,5,71,16
46,67,86,41,15,67,59,49,73,90
80,59,95,7,33,70,37,32,87,34
9,8,11,8,81,16,79,78,72,2
46,69,20,31,9,34,97,68,83,21
57,14,80,3,20,64,25,56,47,11
42,55,70,4,14,51,19,45,28,42
46,73,10,17,56,19,51,52,38,85
73,46,98,4,100,70,67,24,77,65
34,18,72,4,22,85,6,92,81,85
34,26,10,43,43,65,13,45,16,2
29,40,47,78,95,47,99,61,70,76
78,56,45,49,11,18,85,16,10,66
100,95,43,61,89,37,25,2,81,93
55,61,32,2,91,27,100,41,39,21
68,16,28,13,16,38,82,1,5,91
66,5,37,8,17,26,97,42,79,77
34,33,90,65,86,32,43,85,72,34
58,40,1,85,52,17,23,33,17,27
76,34,83,12,41,100,37,89,93,67
18,26,100,7,42,85,38,37,22,9
70,79,100,70,15,51,86,37,36,54
16,63,87,50,26,80,1,15,68,93
81,85,18,80,91,60,17,80,48,38
41,17,68,40,86,82,43,24,19,30
77,86,92,64,35,69,43,88,83,62
80,64,47,98,95,89,9,11,69,56
48,9,24,15,100,61,49,42,84,19
71,13,4,14,28,90,83,22,77,65
83,57,80,29,6,75,70,66,37,38
73,37,98,96,3,49,56,51,91,92
69,13,4,24,27,83,14,61,4,42
77,38,50,57,67,55,83,88,72,19
25,44,55,74,39,58,22,47,8,64
38,77,77,93,52,55,75,65,15,78
59,91,67,8,99,33,15,81,72,86
100,96,30,6,21,20,63,43,66,23
58,3,99,34,95,2,88,69,67,54
98,25,45,65,84,95,49,98,76,21
84,27,68,13,32,41,84,95,35,50
17,92,52,67,26,99,68,65,67,86
71,17,62,67,33,46,61,33,95,36
5,78,62,25,42,46,65,26,40,51
75,8,42,78,26,19,76,45,84,95
31,6,63,44,72,95,41,32,79,36
20,36,65,81,12,7,78,76,84,69
26,58,76,19,87,53,38,63,98,73
57,80,78,19,23,49,65,16,80,95
51,99,30,15,32,41,73,9,68,56
78,45,65,5,64,52,58,53,14,7
25,22,86,2,40,60,2,56,75,33
50,77,84,80,92,15,72,16,75,92
72,4,36,36,61,51,39,70,3,4
76,27,25,13,80,16,24,81,71,51
66,21,27,49,52,70,15,75,86,89
66,57,45,54,44,5,4,35,74,7
38,1,85,15,13,17,30,88,49,53
38,14,73,65,62,76,86,28,2,71
17,20,79,13,73,75,69,28,9,94
86,98,94,71,12,58,39,42,45,87
94,35,53,18,99,66,45,84,94,98
7,62,17,85,74,89,11,94,69,71
87,54,69,80,76,80,89,14,73,85
53,66,19,5,35,69,70,79,5,63
29,11,76,45,47,1,86,10,94,54
80,80,7,48,11,83,80,51,96,52
36,48,18,6,4,4,75,74,35,31
88,63,93,16,7,39,16,92,100,10
45,80,89,4,79,100,86,58,50,33
10,37,33,79,43,36,82,69,61,16
99,1,30,91,16,37,81,31,80,81
92,77,12,81,80,90,32,17,48,33
49,57,22,33,87,16,69,68,84,81
36,34,33,65,76,48,53,56,31,85
88,74,61,51,54,40,41,37,8,88
22,56,96,43,89,82,58,9,1,93
89,88,26,22,5,1,21,57,8,3
41,48,77,53,98,82,44,38,19,51
77,92,59,24,34,47,57,43,7,10
35,47,97,12,20,1,12,41,10,71
95,50,18,71,3,16,5,46,5,75
49,34,66,7,57,51,53,66,93,11
75,79,57,23,90,77,24,1,69,33
23,63,34,41,86,88,8,90,86,12
16,34,45,81,40,54,31,44,19,75
54,45,53,62,67,42,90,42,94,58
26,16,73,60,8,10,99,15,51,84
27,66,69,23,98,60,76,28,3,46
54,8,90,58,22,57,99,11,50,44
21,76,11,93,35,19,54,85,33,4
21,11,21,89,34,18,49,61,97,3
7,50,63,48,7,84,56,57,46,6
52,66,81,62,10,67,32,63,51,17
18,71,27,38,12,12,55,12,73,3
66,31,52,28,78,10,63,86,18,9
91,21,26,23,35,36,89,66,98,91
82,16,14,61,53,25,72,60,36,44
62,1,26,66,81,4,27,95,41,45
55,31,65,81,5,51,16,93,17,13
83,50,80,48,10,85,72,82,96,59
77,57,12,3,74,92,6,1,38,46
97,93,28,13,73,32,64,88,76,80
52,10,81,84,58,91,68,29,72,63
40,100,71,51,2,45,94,59,45,31
56,93,23,83,5,95,66,68,34,93
99,38,3,80,21,12,22,40,92,45
54,31,44,24,81,46,20,26,4,16
57,60,8,79,94,13,26,12,32,11
4,31,100,58,62,20,69,83,11,61
27,64,91,70,40,24,15,59,49,71
75,5,30,82,36,75,46,13,86,78
75,42,60,75,99,21,46,68,3,57
28,29,72,70,50,11,45,65,70,94
87,96,50,16,29,37,42,75,49,80
4,76,21,63,50,19,83,95,38,37
51,17,17,23,87,66,85,31,82,6
76,68,53,26,35,82,62,77,8,63
56,11,38,76,25,39,46,7,33,84
95,36,100,11,10,38,76,94,69,58
52,96,25,4,21,12,85,35,88,44
49,95,6,38,22,30,76,67,88,60
2,82,47,54,92,56,91,68,2,11
77,53,7,53,8,79,64,45,65,3
88,13,97,94,2,18,23,29,37,63
41,90,44,87,43,36,95,34,55,96
44,31,100,2,83,59,81,99,3,45
1,91,10,50,36,11,19,10,92,7
72,32,97,16,18,39,3,64,24,9
11,68,39,62,69,73,21,1,23,23
46,24,65,55,25,52,17,43,62,8
50,85,91,46,52,61,36,54,24,60
62,35,79,52,96,99,77,68,100,99
91,45,74,7,51,98,59,19,93,72
27,42,56,69,87,60,29,74,65,53
33,79,39,11,30,34,10,58,54,9
9,96,5,82,2,7,32,12,25,24
35,3,65,43,72,3,2,52,76,66
4,61,44,94,71,26,80,32,83,33
92,91,28,96,25,29,54,56,93,31
79,27,33,95,69,56,49,22,8,76
88,63,36,31,57,59,56,36,90,91
68,34,81,95,81,5,75,35,12,67
65,42,46,49,88,66,5,36,88,64
64,27,26,99,9,34,9,65,69,99
7,88,32,87,82,12,44,9,98,7
27,62,1,72,63,88,90,67,76,29
30,39,7,7,89,15,41,98,31,61
48,37,49,31,76,30,94,71,90,92
77,17,5,77,40,67,17,29,85,92
9,14,30,15,73,18,30,13,15,60
73,62,49,73,92,24,3,38,94,92
29,70,60,33,99,100,52,15,80,36
6,89,2,87,55,74,4,84,38,71
96,62,84,44,35,28,67,89,65,12
32,45,33,92,29,31,43,80,97,22
68,54,10,69,40,65,94,96,100,83
18,47,96,1,90,82,80,8,70,44
19,54,40,52,97,69,34,39,48,83
60,15,36,22,35,76,38,80,23,37
14,40,84,10,40,25,91,72,85,13
67,3,18,7,6,14,75,92,4,74
74,15,41,9,36,75,36,73,7,58
62,20,97,97,81,89,73,72,60,57
36,26,12,53,32,69,18,58,60,21
32,85,35,72,46,23,98,33,47,4
91,60,24,39,56,4,27,81,27,38
37,14,16,48,18,99,17,35,57,28
7,88,65,94,11,10,68,8,42,14
12,84,74,87,23,81,42,1,61,21
91,98,34,58,97,52,56,65,38,12
45,97,51,9,90,61,70,57,21,63
22,32,99,95,70,73,28,11,73,88
31,15,37,17,72,86,68,28,2,57
91,46,53,94,6,94,6,27,50,26
90,72,9,88,18,78,12,45,41,84
85,23,51,73,39,74,58,58,1,60
15,44,57,19,89,63,13,46,89,14
72,30,37,32,69,55,62,80,51,2
16,35,24,66,60,15,39,17,72,92
28,38,87,85,9,27,47,21,72,87
34,95,17,71,27,37,77,40,17,27
41,32,14,16,49,73,30,39,41,54
82,69,43,68,5,51,94,51,71,18
89,57,12,5,79,90,42,55,81,10
33,21,41,98,89,41,70,18,79,63
23,61,83,66,80,87,16,26,37,87
95,77,95,6,82,73,48,75,27,28
36,11,1,76,9,89,68,30,58,98
92,33,10,74,98,90,60,13,67,48
51,61,25,45,18,58,69,65,84,47
45,19,58,97,46,18,37,13,47,46
62,91,78,72,16,75,61,28,40,27
27,90,39,3,87,56,60,7,73,95
54,69,13,11,65,10,28,1,74,26
46,36,68,24,7,36,50,19,15,89
97,41,31,35,44,69,90,55,75,14
2,28,82,66,90,46,76,69,98,49
47,96,36,14,71,42,1,20,60,15
61,8,56,43,42,51,11,84,57,85
97,58,65,79,24,54,76,99,23,74
99,21,21,35,34,91,28,35,62,40
49,22,47,56,64,41,6,26,24,63
63,72,72,27,50,95,32,78,45,6
3,96,26,23,82,60,13,9,46,26
100,46,100,99,2,15,39,59,41,14
73,3,85,97,81,87,43,12,16,88
18,18,35,43,40,68,54,4,28,51
29,28,97,80,26,50,95,16,60,35
29,33,89,65,81,69,3,23,80,18
62,97,35,96,92,74,63,45,29,91
48,10,70,44,89,95,45,83,62,4
17,90,88,5,6,68,25,61,43,5
78,4,53,65,100,44,90,14,41,19
56,88,28,25,83,16,71,79,99,32
34,67,73,74,24,31,93,48,91,35
4,20,39,57,84,90,52,74,3,92
92,59,31,71,35,65,86,58,43,36
41,77,3,66,50,78,96,42,25,38
77,81,57,67,37,93,56,88,66,58
32,9,68,62,31,55,27,16,12,21
4,52,97,58,69,98,35,64,40,11
53,68,91,62,34,79,54,89,19,71
98,50,79,18,63,9,72,89,76,83
62,31,86,58,88,7,56,74,70,47
37,75,66,79,36,51,58,89,91,76
59,88,77,89,57,39,49,28,80,76
62,41,7,100,98,46,6,5,20,27
3,8,1,20,86,36,70,95,76,12
70,34,52,46,74,8,37,22,36,16
50,49,56,56,48,5,53,53,10,24
80,64,31,32,36,17,68,5,63,95
69,33,29,20,30,54,79,66,28,14
81,77,63,88,32,62,93,84,67,54
8,46,17,90,29,52,58,96,9,21
91,29,5,71,48,86,76,26,52,3
92,84,79,6,72,62,19,16,46,85
69,5,30,85,94,59,89,4,6,49
24,48,77,28,70,76,13,46,53,16
48,44,52,27,1,75,40,20,90,85
4,58,41,86,94,87,96,82,90,1
30,13,1,58,92,70,33,4,67,86
72,67,81,23,93,82,97,84,53,86
21,56,43,61,41,36,99,88,70,88
89,51,52,41,9,43,62,93,99,29
78,70,95,59,92,39,92,40,22,44
25,42,51,67,55,44,54,53,31,23
93,19,74,96,11,34,91,73,26,89
53,4,10,47,14,53,37,57,92,58
52,16,52,2,34,6,45,39,10,76
62,2,46,87,50,57,20,40,81,97
80,33,52,41,79,17,93,15,73,36
24,24,3,75,26,88,32,70,26,42
97,39,95,43,25,44,51,96,35,31
93,14,63,96,6,41,13,98,7,85
85,82,9,87,9,86,26,40,7,52
33,4,90,80,98,67,75,48,14,10
78,58,75,40,54,81,32,66,30,38
50,67,71,10,5,79,47,31,19,6
82,3,9,23,82,58,41,57,5,55
66,82,12,92,73,65,24,4,82,54
93,84,20,63,45,24,42,92,6,12
97,87,14,57,62,96,66,2,4,70
8,21,3,20,12,75,36,36,30,18
41,22,1,12,36,45,87,29,88,93
40,36,31,6,44,92,53,9,46,56
78,53,76,80,24,39,6,60,26,35
77,66,8,29,29,44,73,16,72,13
8,64,48,90,69,92,82,21,100,79
28,30,83,3,61,7,93,67,66,19
53,94,84,61,22,13,56,46,80,79
58,87,42,58,28,62,49,9,34,100
39,61,29,22,15,90,28,60,8,45
78,60,38,13,20,59,77,75,4,56
54,14,94,47,71,22,61,71,82,94
70,21,7,99,94,73,40,73,32,47
17,9,58,54,74,78,12,50,4,67
58,9,80,51,8,2,24,68,72,58
13,42,30,19,92,23,44,83,95,75
81,11,36,38,16,9,67,79,10,71
45,67,31,77,70,38,30,45,5,2
2,18,95,31,88,38,53,31,20,99
58,52,61,45,89,76,53,56,54,14
78,51,33,8,79,54,46,8,98,2
9,100,71,55,82,59,92,87,41,63
85,98,14,98,94,3,73,98,10,79
12,87,29,96,94,59,49,91,66,46
93,27,97,63,81,79,73,73,65,14
35,1,63,1,98,57,3,71,54,64
1,17,50,81,12,43,39,60,86,4
58,78,30,54,40,11,84,65,35,48
78,21,1,92,21,98,100,75,20,6
38,20,22,39,52,34,34,90,45,19
46,2,96,27,8,87,89,43,51,23
91,80,96,91,24,68,40,23,43,60
28,32,31,50,23,83,35,56,24,31
74,69,85,21,96,44,59,36,86,62
11,28,93,6,18,16,25,58,91,67
69,18,51,99,19,25,81,5,80,5
88,5,25,72,77,72,15,87,8,100
48,18,28,93,75,97,8,99,6,98
18,26,68,20,25,38,44,57,43,75
13,30,79,38,53,7,9,67,93,68
18,93,37,97,85,63,46,44,62,3
42,31,29,61,2,53,98,97,9,92
71,22,21,1,11,25,7,71,43,51
39,61,43,75,9,79,90,54,23,3
57,16,33,37,76,86,89,73,82,49
65,52,22,37,52,32,62,10,55,4
60,93,16,55,19,77,33,8,30,55
10,38,70,94,74,97,79,14,22,60
15,38,63,36,74,14,20,87,75,74
43,35,18,10,41,36,86,25,96,68
80,57,57,1,3,83,98,81,96,19
93,10,8,55,98,81,21,17,20,95
42,14,81,59,75,21,46,13,46,93
80,77,50,88,29,52,70,78,84,18
48,76,79,55,83,28,88,3,96,7
97,37,72,78,47,46,50,93,10,47
85,89,23,86,29,4,37,50,81,73
19,29,48,98,83,82,25,70,84,73
28,81,9,99,10,56,97,59,48,6
6,84,47,80,70,27,83,58,76,64
30,95,92,30,44,26,11,20,96,95
92,23,27,1,74,36,8,22,46,7
27,51,90,25,83,11,51,65,69,27
80,50,73,23,31,16,49,94,87,44
40,79,18,66,31,91,53,38,12,98
44,91,1,85,15,35,96,18,99,16
96,31,17,68,53,48,35,53,41,21
96,80,51,66,97,81,56,49,18,20
98,13,10,50,98,76,84,45,45,83
60,40,65,28,59,17,75,93,70,67
66,17,46,16,82,94,97,90,94,66
9,92,79,70,41,28,97,25,72,42
59,83,33,23,10,92,91,37,36,12
3,53,81,1,69,14,94,17,3,88
34,63,31,12,84,23,91,81,47,62
74,57,96,58,31,58,49,74,94,37
85,96,89,17,96,9,31,42,77,85
81,11,100,63,74,83,85,65,15,32
78,40,40,26,98,71,83,98,44,76
34,80,71,75,49,19,35,79,12,12
15,44,74,66,6,47,49,90,63,15
73,93,55,13,18,4,35,100,1,78
75,87,9,97,61,57,67,47,87,30
10,2,73,83,67,30,82,67,20,96
82,44,88,88,8,5,91,42,56,91
71,82,29,80,31,41,36,97,88,75
79,97,28,51,32,94,33,13,13,4
8,46,47,48,85,55,4,75,48,60
17,19,93,98,50,23,38,37,72,25
11,50,22,38,52,5,84,84,17,96
87,76,93,86,23,77,40,79,3,39
38,71,9,82,68,58,5,6,95,76
30,57,25,3,95,28,7,78,12,75
25,50,3,69,35,77,97,26,55,99
65,44,21,25,26,89,83,30,46,29
57,27,85,33,82,31,60,40,8,23
15,84,73,17,4,59,45,100,85,100
50,1,95,71,25,20,11,59,1,56
39,57,34,24,41,15,6,1,55,66
75,21,49,47,89,53,58,33,4,94
84,54,46,79,24,22,50,86,81,51
93,71,59,26,46,100,41,52,100,47
17,74,19,17,73,7,21,82,91,25
75,27,78,72,5,53,93,54,38,25
56,30,96,15,55,41,66,47,44,65
45,60,90,63,77,14,21,97,47,64
21,21,90,50,92,46,2,37,99,39
61,7,68,8,21,75,49,86,73,44
2,18,4,43,32,80,9,5,28,55
20,49,28,9,98,71,54,52,7,4
90,20,10,10,27,82,36,27,19,8
71,72,77,26,67,61,5,75,17,84
81,36,32,8,96,82,31,49,33,89
4,74,8,66,83,87,99,70,65,70
30,87,41,58,12,7,18,68,33,86
52,14,21,83,73,16,16,3,16,100
92,72,74,51,89,8,89,87,78,54
56,59,40,97,16,52,55,86,19,88
71,70,1,44,5,25,59,72,28,27
72,71,98,45,21,86,4,10,24,33
15,80,91,54,28,7,57,34,44,76
21,14,97,73,57,1,98,68,73,77
94,96,47,43,92,19,80,95,28,55
28,94,86,70,48,13,28,4,99,71
31,19,85,28,44,93,80,41,60,4
69,5,99,15,99,90,33,78,37,13
85,64,6,70,85,5,83,13,61,81
35,91,51,71,70,94,64,50,86,75
5,54,80,56,20,78,45,53,8,81
17,92,96,22,61,33,79,95,97,39
27,31,29,30,2,51,75,17,52,13
91,56,18,22,11,38,100,8,42,59
40,58,2,88,31,14,20,9,9,16
99,87,98,28,16,99,78,43,67,29
55,58,36,72,79,99,61,30,6,2
40,97,11,41,84,42,55,55,2,15
70,1,53,20,80,21,70,9,63,37
89,17,94,24,40,24,22,1,6,79
2,45,76,13,38,59,6,92,14,59
58,35,59,10,6,90,30,76,98,44
12,86,60,57,62,52,80,83,52,85
14,5,82,89,69,19,99,26,10,64
85,19,51,95,80,56,85,10,31,34
5,42,20,17,98,81,68,30,15,71
66,80,75,47,20,96,65,19,73,26
34,57,44,84,4,24,92,88,85,22
21,89,16,92,5,65,24,24,46,91
94,12,70,21,58,90,68,23,60,40
48,45,97,44,29,100,67,72,39,3
93,59,91,60,3,48,77,26,71,22
68,65,33,38,37,91,79,4,65,90
43,12,34,91,7,14,90,73,85,80
75,30,91,18,41,93,17,17,70,87
39,38,3,71,27,39,13,57,94,77
46,37,41,31,27,47,97,69,72,81
48,98,62,38,15,3,30,31,19,52
70,57,89,24,80,67,63,92,23,8
69,20,44,61,50,23,7,46,91,78
79,38,76,40,28,42,94,9,25,65
60,46,21,100,69,52,66,83,96,88
91,16,7,34,76,9,56,34,54,98
12,84,88,39,24,15,32,69,23,56
33,35,53,6,34,22,57,100,4,52
39,46,67,98,32,94,6,39,28,59
37,91,95,24,29,70,90,12,38,64
20,71,98,72,28,84,93,84,35,49
88,73,94,6,70,25,100,75,16,79
86,52,69,80,27,49,49,16,60,38
79,79,8,29,51,35,12,95,71,46
43,10,70,89,15,92,65,66,66,80
44,3,31,64,34,9,12,82,24,72
72,55,50,79,35,52,66,98,47,88
95,89,97,64,29,63,55,94,81,73
73,76,75,56,40,61,64,51,94,40
74,65,46,76,96,80,27,61,29,73
48,23,14,96,86,94,58,93,87,38
65,12,66,91,67,5,51,82,7,97
73,81,61,70,8,56,1,34,16,29
59,15,51,24,62,37,17,20,81,4
9,45,67,26,87,85,30,90,66,89
86,91,69,46,60,28,2,61,61,69
89,71,36,40,94,97,28,63,68,8
18,29,4,84,54,42,68,84,31,33
72,16,75,92,14,35,19,67,95,31
87,35,2,22,26,47,71,53,9,38
12,26,66,67,9,20,9,76,55,39
61,78,7,35,21,20,21,91,38,15
21,24,2,74,46,27,21,68,32,81
5,43,7,23,10,67,94,70,43,48
8,55,77,14,41,97,85,62,39,22
28,11,98,29,85,95,56,57,62,87
37,66,81,95,40,90,62,33,59,56
32,19,62,8,84,2,56,21,15,94
94,43,5,91,71,41,85,78,49,46
64,37,64,45,84,55,86,45,88,97
52,19,67,13,27,50,66,34,70,81
80,64,75,36,6,45,76,91,23,76
88,38,12,3,82,95,58,20,91,45
68,94,15,34,58,93,35,24,27,57
56,58,72,30,93,77,26,20,19,48
95,59,38,58,61,71,5,70,90,47
66,9,41,81,42,98,25,29,73,51
85,28,8,56,9,52,84,35,71,55
34,65,13,71,75,25,42,79,95,83
77,12,92,17,92,85,67,17,13,39
19,49,19,79,56,27,30,40,13,53
94,47,69,58,69,43,82,10,73,28
45,50,40,36,66,83,72,32,51,37
23,70,37,41,100,93,19,81,84,32
33,29,30,2,86,98,96,19,8,69
47,52,70,86,39,35,68,62,19,71
98,93,40,87,33,91,79,3,23,14
34,56,42,63,9,79,61,56,49,20
24,95,23,93,32,13,80,52,74,50
22,24,42,13,10,26,3,40,80,77
53,66,32,46,28,92,76,40,48,24
11,23,19,33,68,2,97,99,53,23
48,26,46,41,38,7,18,92,98,49
69,2,14,52,47,94,44,22,33,43
97,96,17,67,80,84,69,77,82,73
99,81,99,96,73,88,54,42,80,51
91,100,52,56,51,50,49,46,23,34
40,71,29,57,38,8,40,6,36,74
30,34,6,28,81,31,16,34,72,47
36,14,46,39,70,48,40,18,94,14
3,33,85,31,41,22,39,33,79,74
6,8,60,63,88,92,93,55,26,17
1,13,30,98,4,51,45,43,21,90
57,23,75,41,54,15,14,44,47,92
69,52,99,80,67,38,72,59,92,49
75,92,61,57,41,16,7,86,11,79
75,19,2,1,59,7,16,24,2,62
15,70,66,65,2,32,3,73,42,46
21,17,90,33,73,30,1,31,67,11
10,94,29,11,94,39,69,9,62,70
23,28,91,88,44,92,71,98,16,12
44,36,80,33,21,52,14,73,35,81
83,44,74,63,6,67,1,74,28,14
43,50,93,33,89,36,77,11,86,92
22,29,80,2,13,52,5,78,24,39
58,58,34,83,20,39,2,72,12,81
37,6,30,29,91,70,16,67,80,1
10,53,81,89,6,93,40,11,23,15
1,80,72,35,15,43,25,16,14,37
96,2,94,77,30,84,98,46,2,77
98,12,29,79,100,35,23,92,97,45
6,49,77,30,35,91,24,60,58,90
96,5,91,89,33,21,25,30,18,26
6,15,37,86,45,37,72,68,80,68
12,37,69,88,18,3,78,42,62,87
31,9,91,21,50,23,93,74,52,10
99,9,77,36,95,21,24,18,88,55
86,52,91,6,39,9,8,69,2,70
55,32,30,98,52,79,72,97,52,76
58,3,84,34,38,30,7,13,48,46
67,85,97,9,90,88,69,49,56,70
70,62,1,100,59,5,78,83,53,82
58,10,84,41,96,21,23,2,85,70
99,3,6,48,63,95,35,32,43,42
53,13,3,6,64,14,62,41,96,14
22,53,23,5,45,18,77,67,71,13
88,22,67,93,69,30,39,3,13,34
96,65,98,98,70,61,63,31,53,58
96,75,62,19,31,7,88,60,25,11
72,65,84,91,9,52,20,48,6,32
33,1,48,30,50,70,42,13,52,94
70,48,20,84,18,3,42,57,14,66
19,37,82,2,27,91,5,46,90,10
29,22,10,77,3,12,98,96,24,49
41,45,48,61,28,65,15,69,74,28
87,92,64,68,46,91,58,50,88,99
60,17,20,21,45,74,32,42,69,7
42,10,52,90,22,79,54,88,100,27
15,86,71,30,5,16,72,15,65,60
13,76,28,85,49,72,58,32,65,79
39,6,40,90,47,13,20,1,100,19
79,66,56,1,95,61,16,67,75,33
78,87,60,5,23,8,28,81,92,92
11,30,49,50,71,48,14,90,48,13
61,78,78,16,31,72,76,98,90,50
30,67,89,42,71,11,49,50,43,40
93,53,21,94,54,91,41,67,33,40
31,93,17,8,8,99,32,84,97,21
85,26,40,25,67,62,36,68,12,78
59,4,83,32,97,88,22,37,7,6
76,37,98,45,45,58,43,76,41,39
48,77,17,87,2,35,49,89,54,12
66,65,15,100,96,64,88,69,100,94
75,28,82,24,24,26,81,66,53,73
57,53,2,25,39,3,11,39,91,17
50,8,81,17,60,28,80,47,48,79
92,74,58,73,98,81,51,30,99,55
3,7,7,56,83,98,58,93,36,100
61,38,59,41,54,18,20,33,16,68
63,59,41,21,84,90,53,34,20,51
88,74,9,47,29,91,44,38,36,79
89,96,68,99,89,21,17,8,5,84
27,20,95,20,40,78,61,44,63,32
47,2,5,55,48,85,46,43,74,81
22,62,76,41,61,16,62,29,24,18
64,2,37,58,21,28,87,82,72,1
13,18,55,70,24,2,6,69,97,80
1,18,93,29,58,5,44,71,33,19
89,49,21,77,58,93,5,45,26,28
97,91,45,51,12,20,5,17,41,1
48,41,70,41,21,79,45,17,2,30
35,42,78,7,18,35,100,22,31,77
49,80,67,45,30,30,17,86,47,57
86,46,49,7,86,70,86,31,38,39
12,72,80,89,31,97,75,82,71,58
58,71,89,77,16,70,6,32,56,4
40,93,50,88,100,87,9,37,69,46
27,80,70,6,20,100,2,47,81,24
4,90,95,44,66,62,13,24,93,68
79,32,13,28,71,64,67,80,100,35
25,26,15,94,83,34,93,36,80,25
60,35,15,54,30,80,15,43,55,59
10,34,42,22,13,12,37,79,91,36
14,68,13,80,13,47,65,58,83,97
82,42,83,96,47,13,28,61,55,34
19,16,67,12,90,32,23,26,62,66
14,27,33,78,6,45,25,23,2,7
19,36,100,53,83,46,65,62,58,19
96,28,87,14,39,76,45,13,1,59
78,66,85,62,44,43,7,68,65,60
26,35,47,77,87,30,22,52,91,31
22,38,58,8,52,48,35,48,60,36
6,38,1,91,99,96,85,57,63,49
69,40,83,15,16,69,96,89,20,39
19,94,76,28,1,79,75,36,27,35
23,84,72,75,74,22,71,58,79,85
58,47,77,40,13,92,61,9,33,32
99,3,25,74,31,78,53,5,65,31
39,87,14,62,13,88,84,35,97,62
20,7,60,48,46,24,91,58,84,23
90,82,26,14,8,56,91,60,12,55
90,51,93,3,64,6,42,47,40,91
60,11,97,71,10,94,95,1,52,78
23,93,12,100,6,19,7,49,30,19
3,71,21,48,25,84,5,67,31,96
9,42,7,57,13,16,2,59,68,5
88,91,97,99,42,55,69,49,3,98
67,57,68,87,4,45,22,8,11,4
4,71,46,62,79,10,29,80,68,97
85,55,39,33,6,80,87,74,28,89
24,46,98,43,84,1,87,6,61,49
9,16,71,6,77,49,15,57,29,82
53,65,89,43,97,94,23,36,19,2
76,94,48,73,37,83,74,75,88,86
76,97,1,46,54,77,95,69,85,75
50,38,39,90,32,87,83,54,74,54
8,50,47,7,22,35,89,47,62,77
32,37,25,32,34,78,60,28,46,45
54,48,34,44,37,17,31,72,71,56
77,30,5,75,36,27,10,24,73,23
52,57,59,28,88,92,6,100,72,3
96,25,2,81,69,91,97,51,14,19
58,90,48,63,16,35,89,77,11,13
99,62,69,9,42,9,53,99,60,24
53,7,100,55,87,20,97,35,22,62
54,80,3,53,42,18,40,82,95,50
46,93,63,15,2,56,75,6,54,86
29,7,92,80,13,78,100,61,64,73
22,17,52,24,22,45,93,61,78,87
62,24,32,76,90,85,32,16,90,85
1,70,43,92,49,55,21,100,15,84
25,88,53,28,63,74,73,56,86,2
94,99,25,77,26,66,61,57,81,2
94,33,23,36,24,72,43,44,23,9
80,47,97,32,75,11,5,99,66,42
100,12,92,77,88,17,94,1,74,75
2,19,7,25,6,83,48,100,78,22
9,57,69,57,88,95,67,44,93,85
85,92,96,76,20,83,45,14,83,18
40,37,88,98,13,93,80,12,93,58
33,53,14,53,9,54,47,27,97,39
11,34,83,6,61,2,41,5,67,75
74,6,11,61,4,75,6,35,38,98
92,71,50,58,23,10,11,70,36,7
60,47,92,42,4,53,96,44,57,62
19,31,20,81,43,75,8,48,9,45
45,1,67,46,58,90,7,20,11,43
26,22,41,70,16,44,22,11,40,78
24,58,60,43,90,3,17,97,2,26
94,47,78,60,44,87,1,51,6,63
45,83,85,85,52,100,80,73,62,19
3,85,28,14,80,18,68,48,66,70
25,11,68,2,71,11,88,23,13,45
38,9,80,74,45,31,73,25,56,86
95,10,22,23,23,1,92,43,1,9
12,25,20,79,79,42,41,18,16,6
63,53,14,42,26,59,24,50,35,79
35,29,40,9,3,15,61,94,57,61
55,68,86,74,98,64,67,90,33,82
95,95,87,61,88,12,71,12,14,5
42,100,85,82,8,88,96,69,33,4
81,87,71,66,12,20,81,78,9,14
12,56,60,98,16,100,61,38,11,74
94,4,74,78,37,33,17,84,1,50
87,82,88,9,99,100,80,32,29,89
97,92,96,8,41,11,7,2,100,69
27,93,73,52,70,61,85,87,45,37
88,83,70,75,44,21,26,23,4,55
11,52,46,6,59,87,68,18,40,67
86,18,11,10,22,81,23,58,19,19
94,58,1,16,32,44,88,10,67,43
64,29,94,61,87,4,99,6,21,90
25,59,8,35,20,29,67,94,86,37
12,31,94,13,98,78,8,37,87,26
79,2,7,72,14,93,28,13,50,100
2,74,58,61,61,30,41,79,23,78
16,35,61,61,99,58,90,58,95,28
84,25,29,90,97,43,34,24,7,35
23,60,9,33,21,21,14,13,99,36
91,66,22,51,27,72,60,16,30,6
96,65,31,24,54,79,18,39,54,24
73,28,84,33,12,56,53,25,20,4
13,10,69,34,12,47,58,24,15,87
29,10,51,59,85,56,89,3,46,42
78,18,70,13,51,81,20,55,58,40
10,70,49,79,55,13,77,12,36,91
50,64,100,52,75,85,7,15,39,52
57,16,22,78,81,24,10,100,78,67
39,40,88,40,18,43,4,94,6,39
37,8,54,88,59,80,72,66,47,62
69,55,30,90,32,10,13,93,61,43
12,52,82,99,43,51,93,46,96,51
36,32,58,41,20,16,73,43,81,19
57,2,73,38,91,4,47,56,48,59
50,59,10,83,58,4,85,2,49,80
52,36,64,9,77,35,25,49,29,57
67,37,10,91,74,53,94,72,8,93
31,9,52,92,91,61,96,75,62,44
6,66,32,21,74,8,55,50,8,36
59,74,72,68,64,46,20,9,17,79
53,99,87,4,91,29,16,86,55,30
81,61,95,12,33,20,71,40,22,78
75,80,3,98,47,18,95,19,78,64
97,31,62,84,34,4,64,2,41,19
31,22,31,25,85,63,96,8,2,17
85,28,96,40,78,95,57,72,13,35
35,61,17,49,96,2,52,60,3,93
30,33,66,60,9,2,74,5,61,28
73,98,55,21,37,32,15,45,56,79
31,42,39,47,90,35,49,94,46,51
38,75,36,55,34,44,8,7,100,69
34,25,66,41,45,2,24,59,98,31
89,29,73,27,75,14,13,23,7,58
26,96,32,61,50,65,56,58,24,56
26,9,80,91,1,76,44,25,34,41
55,22,69,79,100,96,93,13,70,51
70,95,47,54,55,48,18,11,5,93
18,82,2,49,24,2,24,19,78,9
60,85,82,80,15,81,27,7,45,97
10,67,91,56,20,98,3,89,60,60
82,77,41,35,77,17,88,100,35,66
60,46,2,41,26,16,73,52,75,18
100,84,36,91,91,55,88,45,43,47
4,24,75,97,10,51,65,98,2,99
63,13,45,16,53,22,83,77,25,57
46,25,92,81,15,34,35,54,79,30
52,34,5,78,82,15,80,46,12,81
97,26,45,41,93,49,14,75,25,38
84,71,62,75,51,28,9,38,81,39
19,84,72,23,61,6,89,40,3,100
72,99,77,16,91,69,64,4,44,41
42,79,11,55,5,13,35,65,2,67
3,20,51,27,43,63,32,83,3,34
83,26,33,11,94,75,32,9,79,75
49,72,5,59,78,9,24,12,74,25
79,76,45,29,54,39,91,85,21,45
71,55,71,55,66,64,29,97,72,59
23,73,30,79,83,8,87,6,19,60
83,97,88,27,77,41,65,68,78,37
12,48,92,34,54,9,49,34,57,73
93,31,45,22,9,27,81,47,85,52
7,67,100,46,93,77,86,9,96,15
97,59,14,40,93,67,100,93,1,56
65,93,38,9,66,46,88,99,93,24
2,51,90,1,96,34,77,33,94,24
48,90,83,61,82,27,80,81,19,32
37,36,76,26,96,93,24,35,91,16
58,92,18,47,45,65,32,73,97,25
97,96,67,31,9,48,57,40,80,27
71,68,14,46,94,10,38,17,44,81
84,2,24,1,100,20,17,32,93,65
8,41,61,26,71,21,25,79,60,5
5,82,72,71,79,17,80,68,33,23
48,68,76,24,20,76,43,36,59,35
1,66,75,13,44,97,85,68,75,96
72,32,77,96,2,55,12,81,22,97
55,22,64,31,45,36,58,39,71,16
26,23,33,52,35,76,49,19,96,23
14,67,6,42,14,7,48,26,39,70
74,46,43,89,28,39,24,85,77,95
52,2,17,36,6,4,64,54,74,59
28,40,77,34,33,91,92,81,68,83
2,41,28,44,29,55,82,53,91,10
99,94,64,67,81,69,22,44,22,96
54,1,87,31,34,19,21,78,99,88
60,100,80,39,95,8,93,76,12,35
38,62,80,1,29,60,21,50,4,94
97,57,94,35,87,80,54,59,57,4
98,68,56,77,6,50,37,50,78,48
36,15,10,15,67,90,74,87,91,29
32,40,86,25,74,24,56,79,35,64
83,32,31,38,9,88,39,45,89,16
44,24,82,5,90,100,46,64,38,37
44,69,28,81,46,1,57,1,32,91
65,14,22,47,3,82,87,41,78,75
9,74,51,42,78,92,42,24,7,31
12,51,100,91,31,45,43,87,97,74
77,13,87,51,60,41,84,98,82,62
24,42,35,74,83,64,18,76,39,24
7,2,26,6,92,57,2,35,95,50
8,24,63,47,74,74,87,9,71,20
22,94,61,56,20,96,72,37,71,10
12,77,64,38,34,55,94,87,41,88
37,1,11,51,47,36,24,85,97,94
5,18,39,65,26,58,60,97,46,83
58,58,59,21,95,45,28,40,31,20
27,19,20,90,69,18,77,44,3,73
89,7,43,28,23,68,85,35,64,31
17,73,40,27,46,34,71,25,73,54
44,51,24,16,92,45,85,21,88,87
45,29,45,87,56,20,54,92,54,69
74,22,42,13,48,87,46,71,63,18
76,6,21,99,73,12,95,58,84,35
96,29,63,41,15,18,60,21,9,65
89,83,86,82,95,33,20,93,55,82
62,30,40,82,81,12,46,75,69,29
9,65,9,23,57,24,40,68,96,1
32,36,35,69,18,81,53,89,25,8
71,87,89,10,20,69,73,65,44,42
46,4,58,54,27,66,29,18,33,24
70,16,60,56,84,29,89,88,17,13
95,39,99,84,48,19,4,21,35,99
14,80,3,23,86,81,40,14,50,24
90,72,91,1,27,26,29,15,13,97
80,8,36,78,43,35,48,46,7,35
45,72,66,99,94,51,31,85,17,80
