92,100,50,99,68,25,99,78,99,58
45,86,90,9,84,34,16,29,12,41
58,71,92,92,19,25,66,94,47,83
25,44,20,13,65,9,78,86,35,14
25,93,20,13,56,14,12,61,35,73
8,93,66,20,33,59,90,91,38,99
16,35,30,49,90,73,96,61,49,7
25,73,20,64,56,14,3,61,94,73
58,18,11,96,19,25,91,44,16,97
58,71,11,92,19,64,86,44,47,83
25,73,20,64,56,14,78,86,28,32
45,86,90,96,43,33,16,29,19,8
58,18,11,92,19,75,91,94,79,97
63,22,83,87,59,88,67,26,32,14
25,73,76,13,65,9,78,86,35,73
31,37,75,40,52,42,88,82,24,44
7,18,11,96,19,25,91,44,79,97
25,44,20,64,45,14,3,50,35,14
53,26,90,9,84,33,16,29,12,27
53,26,90,9,43,34,16,29,12,8
7,18,11,92,19,75,66,19,47,83
36,48,77,94,23,10,95,99,13,26
45,26,61,96,43,34,16,27,19,27
33,27,32,15,25,67,8,20,68,48
90,36,61,9,84,33,16,27,19,8
57,18,92,92,19,64,86,19,47,83
25,73,76,64,56,14,12,86,94,73
58,39,92,92,19,25,86,94,16,97
90,36,61,9,84,33,16,27,12,41
7,39,92,96,19,75,66,19,16,97
90,86,90,9,84,34,16,29,12,27
12,5,85,44,43,21,98,97,6,6
58,18,11,92,19,64,91,94,47,97
53,86,50,15,84,34,16,29,19,27
25,44,20,13,45,14,78,86,94,73
64,100,50,66,88,25,99,2,99,20
58,39,92,96,19,75,66,94,16,83
7,100,50,99,68,25,99,78,6,20
36,48,77,94,23,10,95,99,55,24
53,26,50,96,43,33,16,27,19,8
73,59,7,72,76,75,5,68,75,89
50,91,18,8,78,89,33,89,89,34
63,22,83,95,59,88,61,100,32,14
25,44,76,13,45,14,3,61,94,32
25,93,76,13,56,9,78,86,94,14
7,39,92,92,19,25,66,94,16,83
90,36,90,96,84,33,16,29,19,27
25,93,76,13,56,14,3,61,28,32
7,39,92,96,19,75,91,19,16,97
57,18,11,96,19,64,66,94,16,97
58,93,66,20,33,10,25,91,38,21
50,91,18,77,78,89,39,89,85,34
58,71,92,96,19,64,86,19,16,97
7,18,92,96,19,75,86,44,47,83
57,71,92,92,19,25,86,44,47,97
25,73,76,13,56,9,78,86,35,32
25,44,76,64,45,14,12,61,28,14
57,39,92,92,19,64,91,94,47,83
57,39,92,92,19,64,91,19,16,97
17,87,56,20,52,72,57,95,46,91
25,93,20,64,56,14,12,61,28,14
45,86,90,15,84,34,16,27,19,41
7,18,11,96,19,75,86,19,79,97
73,59,7,72,76,13,5,38,75,89
73,22,7,72,76,13,5,16,11,89
25,93,20,13,45,14,78,61,35,73
35,91,18,77,78,89,39,89,85,34
45,26,90,9,84,33,16,27,19,8
17,87,91,20,52,72,65,100,54,91
73,22,7,72,76,13,5,38,75,89
18,5,66,38,53,1,98,4,2,70
90,36,90,96,43,34,16,27,19,27
45,36,50,15,43,34,16,29,19,41
7,40,50,99,73,25,99,2,93,58
31,37,75,40,79,42,88,40,10,44
31,37,75,40,53,81,88,40,24,97
25,73,20,64,65,14,12,50,28,14
25,73,20,64,65,14,3,86,94,14
53,36,90,15,43,33,16,29,19,41
4,35,30,14,90,84,96,61,49,7
25,44,76,13,56,14,3,86,94,14
58,39,11,92,19,25,91,19,47,97
53,36,50,15,84,34,16,27,19,27
25,73,76,64,65,14,78,86,28,32
7,71,92,92,19,25,66,94,47,97
17,37,75,79,79,81,88,51,24,44
90,86,50,96,84,34,16,29,19,41
53,36,50,96,84,33,16,29,12,41
25,44,20,13,56,9,78,50,35,14
69,97,71,46,39,16,78,92,40,85
73,59,12,72,76,75,5,68,11,83
31,37,75,40,79,42,88,82,10,97
57,18,92,92,19,75,66,94,47,97
45,36,61,15,84,34,16,29,12,8
25,44,20,13,45,9,78,61,35,32
58,71,92,96,19,25,91,94,79,97
25,44,76,13,56,9,3,50,94,14
25,93,76,64,45,14,78,50,28,73
92,40,50,99,68,25,99,78,99,20
53,26,50,15,43,33,16,27,12,41
56,81,63,38,1,49,95,96,32,21
57,71,11,92,19,75,66,94,47,83
57,39,11,96,19,75,66,44,47,83
45,26,90,15,43,33,16,27,19,27
8,48,77,94,23,10,95,99,55,82
90,86,61,96,84,34,16,27,19,8
99,37,75,79,79,42,88,82,10,97
53,86,90,15,43,34,16,29,19,41
45,26,90,9,43,33,16,27,12,27
53,86,90,15,43,33,16,27,19,8
25,44,20,13,56,14,78,61,94,14
45,26,61,96,43,33,16,29,12,27
25,44,20,13,65,9,12,50,28,73
57,39,92,92,19,75,66,94,79,83
57,39,11,96,19,75,86,19,47,97
25,44,76,13,56,14,3,86,28,73
57,39,92,96,19,75,91,19,47,97
25,5,13,44,43,21,76,97,6,33
31,37,75,79,53,81,88,51,10,44
25,73,76,64,56,9,3,61,35,73
25,93,76,13,65,9,12,61,28,32
25,93,76,64,45,14,3,61,35,32
53,26,61,15,43,34,16,29,19,27
53,36,90,96,43,34,16,29,12,27
57,39,92,92,19,64,86,19,47,83
25,73,76,13,56,14,12,50,28,32
90,36,90,15,43,33,16,29,19,8
4,35,30,14,90,73,16,13,49,7
64,40,50,99,68,25,99,23,93,58
45,36,90,96,43,33,16,29,12,27
25,93,76,13,65,14,78,50,94,73
25,93,76,13,56,14,12,61,35,32
57,39,92,96,19,75,86,19,79,97
58,18,11,96,19,64,86,44,16,97
58,39,11,96,19,25,91,94,47,97
25,93,20,64,45,9,12,61,35,14
35,94,18,8,78,89,92,89,85,34
63,22,91,95,59,88,67,100,36,83
42,5,66,97,70,99,37,4,2,70
17,87,91,67,52,72,57,95,40,91
73,22,7,72,76,13,5,16,11,83
25,44,76,13,56,14,12,50,94,73
36,60,77,94,79,10,95,95,55,82
53,86,50,15,43,34,16,27,12,8
25,5,13,44,11,21,98,97,6,4
25,73,76,64,45,14,12,86,94,32
58,76,10,20,33,59,25,91,38,99
57,39,92,92,19,25,91,44,16,83
25,73,76,13,45,9,12,50,35,73
25,73,76,64,56,9,12,86,28,14
25,44,76,13,65,14,3,50,28,32
36,60,5,94,79,10,95,99,55,26
73,10,12,72,76,13,5,38,11,89
42,5,66,97,70,1,98,96,2,23
58,39,11,92,19,25,66,94,16,97
57,71,11,92,19,64,91,44,16,83
25,73,20,13,45,9,3,61,35,73
25,73,20,13,45,14,12,61,35,32
58,71,11,96,19,64,66,44,16,83
50,75,18,77,78,89,92,89,89,34
42,5,66,38,70,48,37,19,2,31
58,71,11,92,19,64,66,44,16,97
45,86,61,9,84,33,16,27,12,41
57,39,92,96,19,75,86,19,79,83
7,39,92,92,19,25,66,44,79,97
25,93,76,13,45,14,12,50,94,14
16,35,30,14,44,84,96,13,49,16
58,39,11,92,19,25,86,94,47,97
25,73,76,13,56,9,3,50,94,73
7,18,11,96,19,64,86,19,16,97
53,36,61,96,43,34,16,27,12,27
53,26,90,15,43,33,16,29,19,27
17,37,75,79,53,42,88,82,24,44
87,97,9,46,39,16,41,92,40,85
53,86,61,96,84,34,16,29,12,27
7,18,11,92,19,25,66,19,47,97
8,48,77,94,23,10,95,99,13,26
73,59,7,72,97,13,5,68,11,83
45,86,50,15,43,33,16,27,12,8
90,86,61,96,84,34,16,27,12,41
17,60,91,67,52,72,57,100,54,91
45,26,90,15,43,34,16,29,12,8
45,36,90,96,43,33,16,29,19,27
90,86,90,96,43,33,16,29,12,41
58,39,11,96,19,25,66,44,79,83
42,5,66,97,70,99,98,4,2,23
7,71,92,92,19,75,91,44,47,97
99,37,75,79,52,81,88,51,24,15
17,37,75,79,79,42,88,40,24,97
25,5,20,44,43,21,98,97,6,6
7,18,11,92,19,64,86,44,47,97
16,35,30,14,44,73,3,94,49,7
57,39,11,96,19,75,86,94,79,83
92,40,50,66,88,25,99,78,99,58
73,59,90,72,76,13,5,38,11,83
58,18,92,96,19,64,66,94,79,97
57,71,92,92,19,64,86,19,79,83
25,73,76,64,45,9,3,50,94,14
90,26,90,9,43,34,16,29,19,41
7,18,92,92,19,75,86,94,16,97
25,73,20,64,65,9,78,50,94,32
58,71,92,92,19,64,86,94,47,83
45,26,50,9,84,34,16,29,12,8
57,71,92,96,19,75,66,44,16,83
90,86,61,96,84,33,16,27,12,27
58,71,92,96,19,75,91,44,79,97
57,71,11,92,19,25,86,19,47,83
58,18,11,92,19,64,66,19,16,83
25,5,20,44,43,21,98,97,6,33
73,22,12,72,76,13,5,38,11,89
25,93,20,13,65,9,3,61,94,14
58,39,11,96,19,25,91,44,79,97
25,73,76,13,56,14,78,61,28,32
25,44,20,13,65,9,12,86,94,73
73,59,7,72,76,75,5,38,11,89
57,18,92,96,19,25,91,94,47,97
7,18,92,96,19,25,66,94,16,83
58,71,92,92,19,75,86,19,79,83
73,22,7,72,76,13,5,38,11,83
57,18,92,92,19,64,86,44,47,83
53,86,61,96,84,33,16,29,19,41
7,18,92,96,19,64,91,19,79,97
25,93,76,64,56,14,12,61,94,73
7,18,92,96,19,64,91,19,16,83
58,71,92,92,19,25,91,19,16,83
7,18,92,92,19,64,86,44,79,83
31,37,75,79,79,42,88,40,24,44
73,59,90,72,76,13,5,16,75,89
64,40,50,66,68,25,99,2,93,58
25,44,76,64,65,14,78,50,35,32
45,36,50,15,84,33,16,29,12,27
25,93,76,13,56,9,12,86,35,73
58,18,92,92,19,25,66,19,47,83
25,73,76,64,65,9,3,86,35,73
58,71,92,96,19,75,91,94,16,97
61,5,66,97,53,1,37,4,2,23
56,81,63,38,37,99,95,1,42,42
36,48,5,94,23,10,95,99,55,82
57,71,92,96,19,64,66,19,79,97
25,44,76,13,56,14,3,86,35,14
7,39,11,96,19,64,91,94,79,83
53,36,50,96,84,34,16,27,19,8
50,75,18,8,78,89,39,89,89,34
25,73,76,64,65,9,12,50,35,32
31,37,75,79,52,81,88,51,24,15
25,73,20,64,65,9,12,61,35,14
45,36,90,9,43,33,16,27,19,41
25,44,20,13,56,9,3,50,28,32
25,44,20,13,56,14,78,61,35,14
7,39,11,96,19,75,86,44,47,97
90,36,90,15,84,33,16,29,19,27
36,48,5,94,23,10,95,99,13,26
7,71,92,96,19,64,66,44,79,83
25,93,76,64,45,9,3,50,28,32
25,44,20,13,45,9,12,61,94,73
45,36,90,96,43,34,16,29,12,27
36,48,77,94,48,10,95,99,55,26
58,71,11,96,19,25,91,44,47,97
90,36,61,15,43,33,16,27,12,8
25,93,20,13,45,9,12,86,35,14
25,93,76,64,45,14,3,61,28,73
25,44,20,13,65,9,78,61,28,14
55,81,63,38,37,99,36,96,42,21
45,26,90,15,84,33,16,29,12,8
61,5,66,97,53,1,98,96,2,70
36,60,77,94,79,10,95,99,55,26
35,94,18,77,78,89,33,89,85,34
57,71,11,96,19,75,66,44,79,83
90,36,61,15,84,34,16,29,19,41
57,18,92,92,19,75,91,19,47,83
45,86,61,9,84,33,16,27,12,27
17,60,91,1,52,72,65,100,46,91
7,39,92,96,19,25,66,94,47,83
45,36,90,15,43,34,16,27,12,8
73,10,90,72,76,13,5,16,75,83
45,86,61,9,43,34,16,29,12,8
25,44,76,13,56,14,78,86,28,14
63,22,74,87,59,88,67,100,32,14
57,71,11,96,19,64,66,94,79,83
25,93,20,13,65,14,78,86,28,32
25,93,76,64,45,9,12,86,28,73
45,26,50,15,43,34,16,27,19,41
58,39,11,92,19,75,66,19,47,83
25,44,20,64,65,14,3,86,94,73
57,71,92,96,19,25,91,19,79,83
58,18,11,92,19,64,66,44,47,97
7,39,92,92,19,64,86,44,47,97
7,71,11,92,19,25,66,19,79,83
7,71,92,96,19,75,66,19,16,83
42,5,66,38,70,1,98,19,2,70
53,86,50,15,43,33,16,27,12,8
25,73,76,64,56,14,3,61,28,73
58,18,11,96,19,64,91,19,79,83
8,48,5,94,23,10,95,99,13,24
42,5,66,38,53,99,37,4,2,70
58,39,92,92,19,64,91,94,79,83
53,26,50,96,43,33,16,27,12,8
57,71,11,92,19,64,91,44,79,83
58,18,92,92,19,75,86,44,47,83
25,73,76,13,65,9,12,50,94,32
57,71,92,92,19,64,91,94,79,97
58,71,92,92,19,64,91,19,79,97
57,39,92,92,19,64,66,44,16,97
7,71,92,92,19,75,86,44,16,97
90,36,50,96,84,34,16,29,19,41
25,73,20,13,65,14,12,86,94,73
25,73,20,64,45,14,78,86,94,73
7,40,50,99,88,25,99,2,93,20
36,48,77,94,48,73,95,95,55,26
25,93,20,13,65,14,12,86,94,73
45,36,90,9,43,34,16,29,12,8
25,73,76,64,65,9,12,86,94,73
58,71,92,92,19,25,91,19,47,83
7,100,50,66,68,25,99,78,6,20
57,18,92,96,19,75,91,44,47,97
36,48,77,94,48,73,95,95,55,82
31,37,75,79,53,81,88,51,10,15
17,60,91,1,52,72,34,95,40,91
53,36,61,96,84,33,16,27,19,41
58,71,11,96,19,25,91,94,16,83
57,71,92,92,19,25,86,44,79,83
7,18,92,96,19,64,86,44,47,83
25,73,76,64,45,14,78,50,28,73
36,60,77,94,48,73,95,99,55,26
57,39,11,92,19,64,66,94,16,97
53,26,50,15,84,33,16,29,19,27
58,71,11,92,19,64,91,44,79,83
25,44,76,13,65,9,78,86,35,73
25,93,20,64,56,9,78,86,94,73
36,48,5,94,48,10,95,95,55,24
57,18,92,92,19,64,86,19,16,97
17,87,56,20,52,72,57,100,40,91
33,27,32,91,33,7,8,20,68,48
64,100,50,99,68,25,99,78,93,58
45,26,50,15,84,33,16,27,19,27
57,71,11,92,19,75,66,19,79,83
25,93,20,64,45,14,12,86,35,32
25,93,20,13,56,9,3,61,28,32
25,73,76,13,65,14,3,86,94,73
36,60,5,94,48,10,95,99,55,24
7,71,11,92,19,64,91,94,16,83
58,71,11,96,19,64,86,44,47,97
90,36,61,15,84,34,16,27,12,8
53,26,90,15,84,34,16,27,19,8
53,36,61,96,43,33,16,29,12,27
90,26,50,96,84,33,16,27,19,41
95,63,10,20,33,59,25,91,38,37
90,36,61,96,84,33,16,27,12,41
45,36,61,15,84,34,16,29,19,27
7,39,11,92,19,25,86,44,16,83
7,71,92,96,19,75,91,44,79,83
25,44,76,13,56,9,78,61,94,73
58,39,11,92,19,75,66,94,16,97
57,39,11,96,19,25,91,94,47,97
48,7,38,54,25,72,95,14,22,77
90,26,90,96,43,34,16,29,12,41
58,71,92,92,19,64,91,19,47,83
53,86,61,9,43,34,16,27,19,8
7,71,11,96,19,64,66,19,16,97
7,71,92,96,19,25,66,94,16,97
45,26,50,9,84,33,16,27,12,27
25,44,20,64,45,9,3,50,28,14
7,100,50,66,73,25,99,2,99,20
53,36,90,9,43,34,16,27,19,27
42,5,66,38,53,1,37,4,2,23
61,5,66,38,53,99,98,4,2,23
57,71,92,92,19,25,91,19,16,83
53,36,90,96,84,33,16,27,12,8
42,5,66,97,53,48,37,96,2,31
58,71,92,96,19,64,91,19,16,97
25,93,20,13,65,9,3,86,35,32
18,5,66,97,70,48,98,96,2,23
7,18,92,92,19,25,66,94,16,83
25,93,76,13,65,9,78,50,35,73
61,5,66,38,53,99,37,96,2,70
53,26,90,96,84,33,16,29,12,8
25,73,20,64,45,9,12,61,28,32
25,73,76,64,65,14,12,61,35,73
25,73,76,13,65,9,12,86,28,32
63,22,91,95,59,88,67,26,36,14
57,18,92,92,19,25,66,19,79,97
92,100,50,66,88,25,99,78,99,58
58,18,11,92,19,25,91,44,79,83
57,39,11,96,19,75,91,19,16,83
36,48,77,94,79,73,95,95,55,24
25,73,20,13,45,9,3,50,94,32
25,93,20,13,56,9,3,50,28,73
4,35,30,49,90,84,16,61,49,16
17,37,75,79,53,81,88,40,10,97
25,73,20,13,45,9,78,61,28,73
25,93,20,64,45,14,12,86,28,32
57,18,11,92,19,64,91,19,47,97
75,27,32,15,33,67,79,20,68,48
73,59,7,72,97,75,5,38,75,89
25,44,76,64,45,14,3,50,94,73
25,93,20,13,56,9,3,61,94,14
18,5,66,38,53,1,37,96,2,70
64,40,50,66,88,25,99,23,93,20
7,100,50,66,73,25,99,2,6,20
12,81,63,38,1,49,95,1,42,47
64,100,50,99,68,25,99,23,99,58
53,26,61,15,43,34,16,29,19,8
45,26,61,9,43,34,16,27,12,41
45,26,61,96,43,33,16,29,19,41
90,86,61,96,84,34,16,27,12,27
45,86,50,15,84,34,16,29,19,8
7,71,11,92,19,25,66,19,79,97
25,44,76,64,45,9,3,50,35,73
25,73,20,13,45,9,12,61,28,73
90,26,90,96,43,33,16,27,19,8
90,86,90,96,43,33,16,29,19,8
25,73,76,13,56,9,3,86,28,32
90,26,61,9,43,34,16,29,12,27
92,100,50,66,68,25,99,2,6,58
42,5,66,97,70,48,98,96,2,31
25,73,20,64,45,14,78,61,28,73
58,39,11,96,19,64,91,44,79,97
7,40,50,99,73,25,99,2,99,20
58,18,11,96,19,64,66,94,47,83
57,71,92,92,19,25,66,94,47,83
45,26,50,9,84,33,16,29,19,27
7,39,92,92,19,75,66,94,47,97
25,73,76,64,56,9,3,86,28,14
90,26,90,15,84,34,16,27,12,8
42,5,66,97,53,1,37,4,2,70
25,44,76,64,65,9,12,86,35,14
36,48,77,94,79,10,95,99,13,24
25,44,20,13,56,9,3,50,28,14
7,39,92,96,19,25,66,19,16,97
58,18,92,96,19,75,66,44,47,97
58,18,11,96,19,75,66,44,79,83
25,44,20,13,65,14,3,61,94,14
90,26,50,15,43,33,16,27,12,41
58,18,11,92,19,75,91,19,16,97
7,39,11,92,19,64,66,44,79,97
57,39,92,96,19,75,66,19,16,83
25,44,76,13,65,9,78,50,28,14
53,36,50,9,84,34,16,29,12,41
25,73,76,64,65,9,78,86,35,32
57,71,92,96,19,75,91,19,79,83
58,39,11,96,19,64,86,19,16,83
57,39,92,96,19,75,86,94,47,83
45,36,50,96,84,34,16,27,19,27
25,93,76,64,65,9,12,61,35,32
25,73,20,64,56,9,78,61,35,73
25,44,20,64,45,9,12,61,28,32
25,44,76,13,56,14,78,50,35,73
25,44,20,64,45,14,3,50,35,32
25,73,76,13,45,9,12,86,28,73
53,36,90,15,43,33,16,29,12,8
63,22,91,95,59,88,67,26,32,83
25,93,20,64,56,14,78,61,94,32
7,100,50,66,73,25,99,78,93,20
58,71,92,92,19,64,86,94,16,83
8,48,77,94,48,73,95,95,13,26
25,44,20,13,45,9,3,86,35,32
25,44,20,13,65,9,3,50,35,73
7,39,11,92,19,75,86,19,16,83
45,86,90,96,84,33,16,29,19,8
73,59,12,72,97,75,5,16,75,83
63,22,83,87,59,88,60,100,32,14
8,48,77,94,48,10,95,99,13,82
8,48,5,94,48,73,95,95,55,82
45,86,61,96,43,34,16,29,12,27
25,73,20,64,45,9,3,86,28,14
25,44,76,13,56,14,3,86,28,14
25,93,76,64,65,9,78,86,35,32
58,39,92,92,19,75,86,19,16,97
64,100,50,99,88,25,99,2,93,20
25,73,20,13,56,9,78,86,35,73
61,5,66,38,70,48,98,4,2,70
45,86,90,96,43,34,16,29,19,8
7,18,11,96,19,25,66,94,47,83
25,73,76,64,65,9,12,50,94,32
17,87,91,20,52,72,65,100,40,91
25,93,76,13,65,14,3,86,28,32
95,93,10,20,33,1,90,91,38,37
99,37,75,79,79,81,88,40,24,44
25,73,76,64,45,9,12,86,35,14
57,18,11,96,19,75,91,44,79,83
90,86,50,96,84,34,16,27,19,8
7,71,11,92,19,75,86,44,16,97
25,44,20,13,56,9,78,50,28,73
8,48,5,94,79,73,95,95,13,26
25,93,76,64,45,9,12,61,28,73
53,26,90,96,43,33,16,29,12,8
53,26,50,96,43,33,16,29,19,8
57,71,11,92,19,75,86,19,79,83
73,59,12,72,76,13,5,16,11,83
58,71,11,96,19,25,86,94,16,83
25,73,20,13,56,9,3,50,35,14
8,63,10,20,33,1,25,91,38,37
25,93,76,13,45,14,12,61,94,32
25,73,20,64,56,9,78,61,35,32
7,39,92,92,19,64,66,44,47,97
55,81,63,38,1,49,36,1,32,42
25,93,20,13,45,9,78,86,35,14
7,18,92,96,19,75,86,94,16,97
7,18,92,96,19,75,91,19,79,83
56,81,63,38,1,49,95,96,42,42
25,73,20,64,56,14,3,61,35,32
57,18,92,96,19,25,86,44,47,83
25,93,20,13,65,14,78,61,35,73
25,73,20,64,65,14,12,86,28,14
57,39,92,96,19,64,91,44,16,83
17,37,75,79,79,42,88,82,10,97
61,5,66,38,70,48,98,96,2,23
50,94,18,21,78,89,39,89,85,34
7,71,92,92,19,75,66,19,47,83
90,36,61,96,43,33,16,27,19,41
25,73,20,13,45,14,3,61,35,32
61,5,66,38,53,48,98,96,2,23
90,26,90,9,84,34,16,27,19,41
90,86,50,15,43,34,16,27,19,27
57,18,11,96,19,64,66,44,79,83
25,93,76,64,45,14,12,50,35,32
25,44,20,64,45,14,12,61,94,73
7,71,11,92,19,25,66,44,16,83
58,71,11,96,19,64,91,44,16,83
18,5,66,97,53,48,98,4,2,23
61,5,66,38,70,1,37,96,2,31
8,63,10,20,33,1,25,91,38,99
25,44,20,64,56,9,3,50,35,73
17,87,56,1,52,72,65,100,54,91
25,93,20,13,56,9,12,86,28,73
90,36,61,15,43,33,16,29,19,8
25,93,76,13,56,14,3,86,94,32
17,60,91,67,52,72,65,95,46,91
57,39,92,96,19,75,91,44,79,83
57,18,11,96,19,64,86,44,47,83
25,73,20,64,45,14,12,50,35,73
25,93,76,64,56,14,12,86,35,14
25,93,76,13,65,14,78,86,35,73
45,86,50,96,43,34,16,29,12,8
45,86,50,96,43,33,16,29,12,41
7,39,11,96,19,75,86,19,47,97
25,93,20,64,56,9,3,86,35,73
7,18,11,96,19,25,86,19,16,83
7,39,92,96,19,25,91,44,47,97
25,93,20,13,56,9,12,61,35,32
17,94,86,68,21,76,33,59,10,66
25,73,20,13,56,9,78,86,28,14
25,93,76,64,45,9,3,61,35,32
8,48,5,94,79,73,95,99,13,24
25,93,76,64,56,9,3,50,94,73
58,71,11,96,19,64,66,94,16,97
53,36,90,15,43,33,16,27,19,41
25,93,76,64,56,9,3,61,94,14
73,10,90,72,76,13,5,16,11,83
7,18,92,96,19,75,86,44,16,97
90,36,61,9,43,34,16,27,19,8
58,71,92,96,19,64,66,44,47,83
53,26,90,15,43,34,16,29,19,41
7,71,92,96,19,64,91,94,47,83
25,73,20,13,56,9,12,50,28,32
7,39,11,92,19,25,66,19,16,83
61,5,66,97,70,1,37,4,2,23
57,71,92,96,19,64,91,94,79,83
90,36,50,9,84,33,16,29,19,41
7,18,11,96,19,25,86,44,47,83
90,26,90,96,84,34,16,27,12,41
8,48,5,94,23,10,95,99,13,82
25,93,76,64,65,9,78,61,94,73
25,73,76,64,56,9,12,50,28,14
45,36,61,9,43,33,16,29,19,41
45,36,61,96,43,33,16,29,19,8
25,93,76,13,45,14,12,86,35,73
57,71,92,92,19,75,86,94,47,97
57,39,11,92,19,64,91,44,16,97
45,26,61,9,84,34,16,27,12,8
92,100,50,66,73,25,99,2,93,58
25,44,20,13,65,14,12,86,28,14
25,73,20,64,45,14,78,50,28,73
7,71,11,96,19,64,91,19,47,83
7,39,92,92,19,25,91,44,16,83
45,26,50,9,43,33,16,27,19,41
25,44,20,13,45,14,12,86,94,32
45,36,50,15,43,33,16,29,12,41
25,93,76,64,45,9,12,50,35,73
7,39,11,96,19,64,66,44,16,97
58,18,11,92,19,25,86,94,16,83
99,37,75,79,79,42,88,82,24,97
53,36,61,9,43,34,16,27,12,41
25,44,20,64,45,9,3,61,35,73
25,73,76,64,65,9,78,50,28,32
25,93,76,64,56,14,12,86,35,73
8,48,77,94,79,10,95,99,55,82
7,39,11,92,19,75,91,44,16,97
45,36,90,9,43,33,16,29,12,41
25,93,76,64,45,14,12,86,28,14
12,81,63,38,37,99,36,1,32,21
7,39,11,92,19,75,91,44,16,83
53,26,50,9,84,33,16,27,12,41
25,73,20,13,65,9,3,50,94,73
7,39,11,96,19,75,91,94,79,97
25,93,76,13,56,14,78,61,28,14
25,93,76,13,45,14,3,86,35,73
4,35,30,14,44,31,96,61,49,16
25,73,76,13,65,14,78,61,94,14
90,36,61,9,84,34,16,29,12,27
25,73,20,64,56,14,78,50,35,73
58,39,11,96,19,75,66,94,47,83
35,75,18,8,78,89,33,89,89,34
25,5,85,44,11,21,76,97,6,4
4,35,30,14,90,84,3,94,49,7
17,60,56,67,52,72,57,95,46,91
25,44,20,64,56,14,3,86,94,32
90,36,50,96,43,34,16,27,19,41
45,86,90,96,43,34,16,27,19,41
64,40,50,66,68,25,99,78,99,58
4,35,30,14,44,31,96,94,49,16
36,60,77,94,48,73,95,99,13,24
25,93,76,13,56,9,12,61,28,14
25,73,20,64,56,14,3,61,28,14
8,48,5,94,48,10,95,95,55,24
25,73,20,64,65,14,78,61,94,32
7,18,11,92,19,64,91,94,16,97
57,18,92,96,19,75,91,19,79,83
90,26,90,9,43,34,16,29,12,8
92,100,50,66,73,25,99,2,93,20
25,73,20,64,65,14,12,86,35,32
25,93,20,13,65,14,78,61,35,14
53,26,61,9,43,34,16,27,19,41
7,71,92,96,19,25,91,44,79,97
57,18,11,92,19,75,91,94,16,83
57,71,11,92,19,25,91,19,16,97
58,18,11,92,19,25,91,94,16,97
7,39,11,96,19,75,91,94,47,97
7,39,92,92,19,75,91,94,16,97
45,36,50,15,84,34,16,29,19,41
58,71,92,96,19,25,66,94,16,97
95,63,10,20,33,1,25,91,38,21
16,35,30,49,44,73,3,13,49,16
7,39,92,96,19,64,66,44,16,83
57,39,11,96,19,75,66,94,79,97
61,5,66,38,70,48,37,19,2,23
7,71,92,96,19,25,86,19,16,97
53,26,61,15,84,34,16,27,12,8
25,93,76,13,56,9,78,50,35,32
25,93,76,64,45,14,3,61,28,14
73,59,90,72,97,13,5,68,11,83
25,93,76,13,65,9,78,61,94,73
25,73,20,64,56,14,12,50,35,14
57,71,92,96,19,64,66,94,16,83
58,71,11,92,19,25,66,94,79,97
57,71,11,92,19,75,66,19,16,83
57,39,92,96,19,25,86,19,16,83
45,36,50,9,84,33,16,27,12,27
90,86,61,15,43,33,16,29,12,41
31,37,75,40,52,42,88,40,10,44
58,63,10,20,33,59,90,91,38,99
25,44,76,13,65,9,3,61,28,73
25,5,85,28,48,21,98,97,6,4
25,73,76,13,56,9,78,61,94,73
57,18,92,92,19,25,91,19,16,97
53,36,90,15,84,34,16,29,12,41
56,81,63,38,43,99,36,96,42,21
17,87,62,20,52,72,34,95,54,91
25,93,20,13,65,9,78,50,28,14
53,86,50,15,43,34,16,29,19,8
25,44,76,64,45,9,12,86,94,73
58,93,10,20,33,10,25,91,38,21
90,26,61,9,84,33,16,27,19,27
53,86,61,96,43,34,16,27,19,41
25,44,20,64,56,9,78,86,28,73
58,63,10,20,33,59,25,91,38,37
90,86,61,9,84,34,16,27,12,41
36,48,5,94,48,73,95,95,55,26
45,26,90,15,84,34,16,27,12,27
45,36,90,15,84,34,16,27,19,41
53,86,90,9,43,33,16,27,19,41
17,60,62,20,52,72,57,95,46,91
45,36,61,9,43,34,16,27,12,8
45,26,90,9,43,33,16,29,19,8
95,76,66,20,33,10,90,91,38,37
7,18,92,96,19,64,66,94,79,83
33,27,32,65,25,48,79,20,68,48
25,73,76,64,45,14,12,61,28,32
90,26,50,9,43,33,16,29,12,27
25,73,76,13,65,14,78,61,28,73
90,26,61,9,84,34,16,27,12,41
25,44,76,13,45,14,78,50,28,32
58,39,92,96,19,25,91,19,79,97
25,44,76,64,56,14,3,86,94,73
56,81,63,38,43,49,36,96,42,21
7,39,92,96,19,64,66,19,16,83
58,18,11,96,19,25,91,19,79,97
69,97,9,46,39,16,41,92,40,85
25,73,20,64,45,14,12,61,28,14
7,100,50,99,88,25,99,78,93,20
57,71,11,92,19,64,91,94,47,83
8,76,10,20,33,10,25,91,38,99
25,73,76,64,65,9,12,61,28,14
57,39,11,96,19,25,66,44,16,97
58,71,11,96,19,75,66,94,16,83
25,73,76,64,56,9,78,50,94,73
25,44,20,64,65,14,12,61,35,14
25,44,76,64,45,14,12,86,28,14
57,18,11,92,19,64,86,44,79,97
58,18,92,92,19,75,91,94,47,83
12,5,20,44,43,21,98,97,6,33
12,5,13,28,48,21,98,97,6,6
45,86,61,9,43,33,16,27,19,8
33,27,32,15,25,48,8,20,68,71
12,5,85,28,48,21,98,97,6,6
17,60,91,20,52,72,65,100,46,91
57,39,11,96,19,64,91,44,47,97
12,5,85,28,43,21,98,97,6,4
57,18,11,92,19,64,86,94,47,97
58,39,11,96,19,25,91,94,16,97
25,93,76,64,65,9,12,61,94,73
36,48,77,94,79,10,95,99,13,26
8,60,5,94,23,73,95,99,13,26
7,71,11,96,19,64,66,44,47,83
58,71,11,96,19,25,66,44,79,83
25,73,20,13,45,14,3,86,35,32
90,36,61,15,43,33,16,27,19,27
25,73,76,64,45,9,3,61,35,32
4,35,30,14,90,73,96,61,49,7
25,73,20,64,65,14,12,61,35,14
45,26,50,9,43,34,16,27,12,8
53,36,90,96,84,34,16,29,12,27
25,44,20,13,45,14,78,61,35,73
7,18,11,92,19,64,86,19,16,97
25,73,20,13,65,9,3,86,28,73
25,73,76,64,65,14,12,86,28,14
25,93,76,64,65,14,78,61,28,73
25,73,76,13,65,9,78,50,28,32
58,18,11,92,19,25,66,44,47,83
57,18,92,96,19,64,86,19,47,97
99,37,75,79,53,81,88,40,10,44
55,81,63,38,43,99,36,1,32,47
57,71,11,92,19,25,86,44,79,83
53,86,90,9,43,34,16,29,19,27
58,39,92,96,19,75,66,19,16,83
53,86,61,15,84,33,16,29,19,41
56,81,63,38,1,99,36,1,42,42
25,44,20,13,45,9,3,50,94,73
57,71,11,92,19,64,66,19,79,83
7,18,92,92,19,75,86,44,79,83
53,36,90,96,84,34,16,27,19,8
25,93,20,13,45,14,12,86,35,14
57,18,92,96,19,64,86,94,79,83
8,48,77,94,79,10,95,99,55,24
25,44,20,64,45,9,12,61,28,14
31,37,75,79,52,81,88,82,10,15
25,44,20,13,65,14,12,61,94,32
53,36,50,15,43,33,16,27,12,41
53,86,50,9,84,33,16,29,19,41
25,93,76,13,45,9,3,86,28,73
7,39,92,96,19,64,91,94,79,83
58,18,11,96,19,75,86,44,79,83
7,39,92,92,19,75,86,44,16,83
90,36,61,96,84,34,16,29,19,8
18,5,66,38,53,99,37,19,2,31
7,18,11,92,19,64,91,19,79,97
25,44,20,64,65,9,12,86,28,73
45,36,90,96,43,33,16,29,12,8
58,18,92,96,19,75,91,44,79,97
25,93,76,13,65,9,12,86,35,73
90,36,90,96,84,34,16,29,19,8
7,71,11,96,19,25,86,19,16,97
25,44,76,13,65,9,78,61,35,32
50,91,18,21,78,89,39,89,85,34
7,71,92,92,19,64,91,44,79,83
25,93,76,13,56,14,12,61,94,32
25,93,76,64,45,14,3,50,28,73
73,59,7,72,97,13,5,38,11,89
57,71,92,96,19,64,66,44,16,97
58,18,92,92,19,75,86,94,16,97
18,5,66,38,70,1,37,19,2,31
25,93,76,13,65,9,3,50,35,14
90,26,50,96,84,34,16,29,12,41
90,26,61,9,84,33,16,27,19,41
25,73,20,64,56,9,78,61,28,32
61,5,66,97,70,48,98,96,2,23
53,26,90,15,84,33,16,29,19,41
8,48,5,94,23,73,95,99,55,82
25,93,20,13,45,14,78,61,35,32
7,18,92,96,19,25,86,94,47,83
57,71,11,96,19,25,91,44,16,97
25,73,20,13,65,9,12,61,94,73
25,44,20,13,45,14,12,86,94,14
90,86,90,15,43,33,16,29,12,41
16,35,30,49,90,31,3,13,49,7
25,44,20,13,56,9,12,50,35,14
25,73,76,13,65,9,3,50,28,14
57,71,11,92,19,25,91,94,16,83
90,26,61,15,84,34,16,29,12,41
7,18,92,96,19,64,86,94,16,83
25,73,76,13,56,14,3,61,28,73
25,44,20,64,65,14,12,86,28,32
45,26,90,96,43,33,16,29,19,8
45,36,61,9,43,34,16,29,19,27
58,76,66,20,33,59,90,91,38,21
25,93,20,64,56,14,3,86,28,32
57,39,11,92,19,64,91,94,47,83
45,86,61,9,43,33,16,27,19,27
25,73,20,64,56,9,3,61,35,32
61,5,66,97,70,48,37,96,2,31
73,59,90,72,76,13,5,38,75,83
58,71,92,96,19,75,91,94,47,83
58,71,11,96,19,75,86,44,79,97
25,93,20,13,45,9,12,86,28,14
45,26,61,15,43,33,16,29,12,41
12,81,63,38,1,99,36,1,42,21
7,71,11,92,19,75,66,19,47,83
17,37,75,40,79,81,88,40,10,97
7,39,92,96,19,64,86,19,47,97
73,59,90,72,76,13,5,68,11,83
64,40,50,66,73,25,99,78,99,20
53,36,61,96,84,33,16,29,12,41
57,39,92,92,19,75,91,44,79,97
57,71,92,96,19,64,91,19,47,83
18,5,66,97,70,1,37,96,2,23
45,26,50,96,43,33,16,29,19,8
90,26,50,9,84,33,16,29,12,27
99,37,75,40,53,42,88,82,24,44
25,93,76,64,56,14,78,50,94,73
57,71,92,92,19,64,66,44,16,97
90,86,50,9,84,33,16,29,19,8
7,39,11,96,19,64,66,19,16,83
25,93,76,13,56,9,3,61,28,73
73,59,12,72,76,13,5,68,75,83
7,71,11,96,19,64,91,44,47,83
7,71,92,92,19,64,66,19,16,83
53,26,61,9,43,33,16,27,12,41
25,44,76,13,56,9,3,61,35,14
25,93,76,64,56,9,12,61,35,14
12,81,63,38,37,99,36,96,32,21
25,44,20,13,56,9,12,86,94,32
53,86,90,96,84,34,16,27,19,41
25,73,20,64,65,9,78,50,94,73
25,44,76,13,45,9,3,61,35,32
25,73,20,13,45,9,12,86,35,73
58,18,92,96,19,75,91,44,47,97
58,71,92,92,19,25,91,44,47,97
92,100,50,99,68,25,99,23,99,20
25,73,76,13,65,14,12,86,94,14
99,37,75,40,52,42,88,40,10,44
58,71,11,92,19,25,86,19,16,83
25,44,20,13,56,14,12,86,28,73
53,86,61,15,84,33,16,27,12,41
7,39,11,92,19,75,66,44,79,83
73,22,12,72,97,13,5,16,75,89
4,35,30,49,44,73,96,94,49,7
58,39,11,92,19,75,86,19,79,83
63,22,91,87,59,88,67,26,32,14
45,86,50,96,84,34,16,27,19,8
8,93,10,20,33,59,25,91,38,99
45,36,90,9,84,33,16,29,12,27
90,26,50,15,84,34,16,29,19,41
57,18,11,96,19,64,91,94,79,97
45,86,61,15,43,34,16,29,12,27
25,44,20,64,45,9,78,86,35,73
45,36,61,9,84,34,16,27,12,8
58,39,92,96,19,75,86,94,16,83
90,36,90,96,43,33,16,29,19,41
53,26,50,96,84,33,16,29,12,27
25,93,76,13,56,9,12,61,94,73
25,44,76,13,56,14,12,61,28,14
25,73,20,13,56,14,12,50,35,73
25,73,20,64,65,9,3,61,28,14
58,71,92,96,19,25,66,94,47,97
90,26,61,96,43,34,16,29,19,41
53,36,50,9,43,34,16,29,19,27
25,44,76,64,56,9,3,50,35,32
25,44,20,64,56,9,78,86,94,14
73,10,7,72,76,13,5,38,11,89
57,39,11,92,19,64,66,44,16,83
25,44,20,13,56,9,12,50,28,14
57,71,11,92,19,75,91,19,47,97
25,44,20,64,65,9,78,61,35,73
25,93,20,13,65,9,78,61,94,14
16,35,30,49,44,31,96,61,49,16
25,73,20,13,56,9,3,86,94,14
25,93,20,13,65,9,12,61,94,32
25,44,20,13,65,14,3,86,35,14
61,5,66,38,70,1,98,4,2,31
25,44,20,64,56,9,3,50,35,14
7,71,92,92,19,25,91,44,79,83
57,39,92,92,19,25,86,44,16,83
90,26,50,96,43,34,16,27,19,8
57,71,92,96,19,64,66,19,79,83
12,5,85,28,48,21,76,97,6,4
57,18,92,92,19,25,86,44,79,97
7,100,50,99,68,25,99,23,99,58
58,18,11,92,19,64,86,94,16,83
73,59,12,72,76,13,5,68,11,89
25,93,76,64,45,14,78,86,35,32
25,73,20,64,56,9,3,86,94,32
7,18,11,96,19,25,91,19,79,97
25,73,20,64,45,14,3,50,28,73
7,39,92,92,19,64,91,94,79,83
58,18,92,92,19,64,86,19,16,97
25,73,76,64,45,9,3,61,28,32
7,71,92,96,19,64,66,94,16,97
57,39,11,92,19,75,66,94,79,97
73,22,12,72,97,75,5,38,75,83
57,18,92,92,19,25,66,94,16,97
16,35,30,14,90,31,3,13,49,7
63,22,91,95,59,88,61,100,36,14
73,22,12,72,76,75,5,68,75,89
7,18,11,92,19,64,86,94,16,83
57,39,92,92,19,25,86,44,16,97
55,81,63,38,37,99,36,1,42,21
53,26,50,9,43,34,16,29,19,41
18,5,66,38,70,1,98,96,2,70
58,18,92,96,19,64,86,44,47,83
73,59,90,72,76,13,5,38,11,89
7,71,92,92,19,75,86,94,47,97
25,93,76,13,65,9,12,50,35,14
7,39,11,92,19,64,66,94,16,83
25,44,20,13,56,14,78,61,28,14
72,49,27,37,22,43,79,84,95,73
45,86,61,96,43,33,16,27,12,41
7,39,11,92,19,75,91,19,79,97
73,59,90,72,97,75,5,16,11,89
17,87,56,1,52,72,57,95,40,91
7,71,11,92,19,25,86,44,79,83
57,18,92,92,19,64,91,19,79,97
25,44,20,64,45,9,78,61,35,32
58,39,11,96,19,25,91,94,16,83
58,18,11,92,19,64,86,94,47,83
25,93,20,64,65,9,3,86,28,73
7,71,11,96,19,64,66,19,47,97
25,93,76,64,45,9,3,86,28,32
25,44,20,64,65,14,12,61,35,32
45,86,50,9,84,33,16,29,19,8
90,86,90,15,84,33,16,29,12,27
25,44,76,13,45,9,12,61,28,14
57,71,92,92,19,75,86,44,79,97
12,5,20,44,43,21,76,97,6,4
90,26,50,15,84,33,16,29,12,41
25,73,76,64,65,9,78,61,94,73
57,18,92,96,19,25,66,19,47,97
25,73,20,64,45,14,78,61,94,73
45,36,90,15,43,33,16,27,19,41
25,44,20,13,56,9,12,86,28,73
4,35,30,49,90,73,3,13,49,7
25,44,76,64,65,14,78,61,94,73
25,93,76,64,45,9,12,50,28,32
36,60,77,94,23,73,95,99,55,82
7,71,11,92,19,25,66,94,47,97
58,39,11,92,19,25,86,94,47,83
58,39,92,92,19,25,91,44,79,83
58,71,92,92,19,25,66,19,16,97
57,39,92,92,19,75,66,44,47,97
25,93,76,13,56,14,3,50,35,14
90,36,50,9,43,33,16,27,19,8
25,93,20,64,56,9,3,61,94,73
7,18,11,96,19,64,86,44,16,97
90,26,50,9,43,34,16,29,19,41
12,5,20,44,43,21,76,97,6,33
25,73,20,64,45,14,78,50,94,73
25,73,76,13,45,9,12,86,35,73
90,26,61,9,43,33,16,27,12,8
25,93,20,13,56,9,3,86,94,73
7,71,11,96,19,75,91,94,16,97
7,71,92,96,19,75,91,44,16,97
25,73,76,64,45,14,3,86,94,32
90,36,50,9,84,34,16,27,19,27
25,73,20,64,65,9,12,61,94,73
25,44,76,64,45,9,12,61,28,14
7,18,92,92,19,25,86,19,79,97
57,18,92,92,19,64,86,19,79,83
56,81,63,38,1,49,95,1,32,21
25,73,76,13,65,9,12,50,35,73
42,5,66,38,53,99,37,19,2,70
25,44,20,64,45,9,3,86,28,14
33,27,32,91,25,67,8,20,68,48
64,100,50,66,68,25,99,78,93,58
58,18,11,96,19,75,86,44,47,83
73,10,90,72,97,75,5,68,11,83
25,73,76,13,65,14,78,86,35,73
58,18,11,92,19,25,86,44,47,97
73,22,90,72,97,13,5,38,75,83
73,22,12,72,76,13,5,68,11,83
25,93,76,13,45,14,3,50,35,73
25,73,20,13,56,9,3,61,94,14
36,60,77,94,79,73,95,99,13,82
25,73,76,13,45,9,12,50,35,32
25,73,20,13,56,9,78,61,94,32
53,36,50,9,84,33,16,29,12,41
25,93,76,13,45,9,12,86,28,32
25,73,76,64,56,9,78,50,28,73
25,44,20,64,56,9,3,86,28,32
25,93,20,64,56,14,78,86,94,32
90,36,50,96,43,33,16,27,19,41
16,35,30,49,90,31,96,13,49,16
25,73,76,64,45,9,3,86,28,73
25,73,20,13,45,9,3,86,28,32
7,39,92,96,19,64,86,44,47,83
58,39,92,96,19,64,91,44,79,97
61,5,66,97,53,1,37,19,2,23
17,37,75,79,53,81,88,51,24,15
87,97,9,46,39,95,100,92,40,85
25,44,20,13,56,14,3,86,28,14
25,73,20,13,45,9,12,61,94,32
33,27,32,15,33,67,8,20,68,71
58,39,92,92,19,75,86,19,47,97
45,86,50,96,43,33,16,27,12,8
7,71,92,92,19,64,91,94,79,83
87,94,26,75,21,33,33,59,10,66
16,35,30,49,90,73,96,13,49,16
25,44,76,64,45,14,78,86,28,73
7,39,11,96,19,75,66,19,79,83
25,44,76,13,56,14,78,86,35,73
7,71,92,96,19,75,86,44,47,83
7,71,92,92,19,75,91,19,16,83
58,71,92,92,19,64,66,19,47,97
53,26,90,9,43,33,16,29,19,8
53,26,50,9,84,34,16,29,19,8
75,27,32,65,33,7,8,20,68,48
25,93,20,64,45,14,78,61,35,73
58,39,11,92,19,64,66,44,79,83
45,36,90,15,84,33,16,27,12,27
57,18,92,96,19,64,91,19,16,97
25,93,76,13,45,14,3,50,35,32
25,73,20,13,56,9,3,61,35,14
45,26,90,9,43,34,16,29,19,41
25,73,76,13,45,14,3,50,35,14
25,44,20,64,65,14,3,50,28,73
7,39,92,92,19,75,66,19,79,83
45,86,90,9,43,33,16,29,12,41
7,71,11,96,19,64,91,19,47,97
25,73,76,13,65,9,3,86,28,73
7,71,11,92,19,64,86,94,79,83
57,39,11,92,19,64,86,19,79,97
36,48,77,94,23,73,95,95,13,24
7,18,11,92,19,25,66,44,47,83
57,39,92,96,19,25,91,94,79,83
25,73,20,13,56,14,3,86,94,32
90,86,90,9,84,33,16,29,12,27
57,71,11,96,19,75,91,19,16,83
25,73,20,13,56,14,78,50,35,32
25,73,76,64,65,9,3,50,94,32
4,35,30,14,90,73,3,94,49,16
58,76,10,20,33,10,90,91,38,99
36,48,77,94,23,73,95,99,13,26
25,44,20,13,65,14,78,86,35,73
58,39,11,96,19,64,86,19,79,97
18,5,66,97,70,1,37,96,2,31
25,93,20,64,56,14,78,86,35,73
36,60,5,94,79,73,95,99,13,24
7,71,92,96,19,64,86,94,47,83
25,93,76,13,65,9,3,61,35,32
25,73,76,64,65,14,12,50,94,14
90,36,90,9,43,33,16,29,19,41
57,39,92,92,19,64,86,94,79,83
25,44,76,13,65,9,12,50,94,32
8,60,77,94,23,10,95,95,55,24
99,37,75,40,79,42,88,40,24,44
25,73,20,64,56,9,3,86,35,32
99,37,75,40,53,42,88,40,24,15
45,36,61,15,84,34,16,27,19,27
61,5,66,38,70,48,37,4,2,31
17,37,75,79,52,81,88,82,24,97
7,71,92,96,19,25,91,94,47,97
58,18,92,96,19,64,86,19,79,83
25,93,20,64,45,9,3,61,94,14
7,71,11,96,19,75,86,94,16,97
25,93,76,13,65,9,3,61,35,14
58,39,92,96,19,25,66,19,79,97
57,39,11,96,19,75,91,44,16,83
25,73,20,13,56,9,12,61,94,14
25,93,76,13,65,14,3,86,35,14
7,39,11,96,19,64,91,19,16,83
25,73,76,13,45,14,78,50,94,73
25,73,20,13,56,14,12,86,35,73
56,81,63,38,37,99,95,1,42,47
53,26,50,96,84,34,16,29,19,8
53,26,90,96,43,34,16,27,12,8
58,63,10,20,33,10,25,91,38,99
57,18,11,92,19,64,86,44,79,83
45,86,61,15,84,33,16,27,19,41
57,18,11,92,19,25,66,44,47,97
53,26,90,15,43,33,16,27,12,8
53,86,50,15,84,34,16,27,19,41
45,36,90,9,84,33,16,27,12,41
45,86,61,15,43,34,16,29,12,8
25,93,76,13,56,14,12,86,94,73
25,73,20,64,56,9,12,61,94,73
12,5,20,28,48,21,98,97,6,6
57,71,92,92,19,64,66,44,47,97
7,18,92,92,19,64,91,44,16,83
7,18,92,92,19,64,66,94,47,97
58,39,11,96,19,75,66,19,79,97
25,44,76,13,56,9,78,61,28,14
17,37,75,79,79,42,88,82,10,15
45,26,61,15,43,33,16,29,19,27
45,36,50,15,84,33,16,27,19,41
57,39,11,92,19,25,91,19,79,83
25,44,76,13,65,14,78,61,35,73
12,81,63,38,1,99,36,96,32,47
95,76,66,20,33,1,90,91,38,37
73,22,12,72,76,75,5,68,11,83
7,71,11,92,19,75,86,19,47,83
99,37,75,40,79,81,88,51,24,44
25,93,20,64,65,14,78,61,28,32
25,93,20,13,65,9,12,61,35,14
58,39,11,96,19,25,66,94,47,83
25,93,76,13,56,14,78,61,94,32
25,73,20,13,45,14,3,61,35,73
57,71,11,96,19,25,86,44,16,97
25,93,20,64,65,14,12,50,94,14
16,35,30,49,44,73,16,13,49,7
90,26,61,15,84,34,16,27,12,41
36,60,77,94,23,73,95,99,13,82
8,60,77,94,23,10,95,95,13,26
57,18,92,96,19,64,66,94,47,83
57,18,92,96,19,75,91,94,47,97
8,93,10,20,33,10,90,91,38,21
45,26,50,15,84,33,16,27,19,8
12,5,13,44,48,21,98,97,6,6
25,93,20,64,45,14,3,50,94,14
63,22,83,87,59,88,61,100,36,14
18,5,66,97,70,48,98,19,2,23
90,26,90,96,84,34,16,29,19,8
18,5,66,38,53,1,98,96,2,31
7,18,11,96,19,64,91,19,47,97
25,93,76,13,65,14,3,50,35,73
57,71,92,96,19,25,86,44,16,83
31,37,75,79,79,81,88,51,10,97
58,39,92,92,19,64,86,44,47,83
45,26,50,9,84,34,16,27,19,27
61,5,66,97,70,48,37,4,2,70
57,71,11,96,19,64,86,94,47,97
90,36,61,9,43,34,16,29,12,8
45,86,50,9,84,34,16,29,12,8
57,18,11,96,19,64,86,19,79,83
53,36,50,96,84,34,16,27,19,27
17,37,75,79,53,81,88,51,10,15
33,27,32,15,33,48,79,20,68,71
53,26,50,9,84,33,16,29,19,41
7,18,11,96,19,25,91,44,16,97
25,44,76,64,56,14,3,86,35,73
25,44,76,13,45,14,12,86,35,32
57,39,11,96,19,64,66,44,79,97
53,26,90,9,84,34,16,27,19,27
7,39,11,92,19,25,66,94,47,97
25,73,20,13,45,14,3,50,28,14
90,36,50,96,43,33,16,29,19,27
25,73,76,64,56,9,3,86,35,32
90,26,90,15,43,33,16,27,12,27
25,73,76,13,45,9,78,86,28,73
58,18,92,92,19,25,86,44,47,97
99,37,75,40,52,42,88,82,10,97
25,44,76,13,56,14,78,86,94,73
53,86,61,15,43,33,16,29,12,8
25,93,20,64,45,14,3,86,35,73
36,48,5,94,23,73,95,99,55,26
36,60,77,94,23,73,95,95,55,26
58,71,92,96,19,25,86,94,47,97
57,71,92,96,19,75,91,44,79,83
7,40,50,66,73,25,99,78,93,20
25,44,20,13,56,9,3,61,35,32
73,59,12,72,76,75,5,68,75,89
56,81,63,38,43,49,95,1,32,47
87,94,26,68,21,33,33,59,75,66
4,35,30,14,90,73,3,13,49,7
25,73,20,64,65,14,12,61,94,32
35,75,18,21,78,89,92,89,89,34
25,93,20,13,45,14,12,61,28,73
55,81,63,38,43,49,95,1,32,42
25,44,76,64,56,14,12,61,35,14
58,71,92,92,19,64,86,44,16,83
64,100,50,66,68,25,99,23,99,20
57,71,11,92,19,75,91,94,47,83
90,86,90,96,84,34,16,29,19,8
17,87,62,1,52,72,57,100,54,91
12,81,63,38,1,49,95,96,32,42
53,26,50,96,43,34,16,27,19,8
25,73,76,13,56,14,3,86,28,73
58,39,11,96,19,64,66,19,16,83
45,86,50,15,43,34,16,27,12,27
7,71,11,96,19,64,86,94,16,97
25,73,76,13,45,14,3,86,94,73
45,26,50,96,84,34,16,29,19,27
92,40,50,66,68,25,99,78,93,20
7,39,92,96,19,64,91,94,16,83
7,39,92,96,19,64,91,44,47,83
25,93,20,64,65,9,12,61,35,32
25,73,20,13,56,9,3,86,94,32
25,93,20,64,65,14,78,61,28,14
57,18,11,96,19,25,91,19,16,83
57,39,92,92,19,75,66,94,16,83
73,22,90,72,97,13,5,68,11,83
57,71,11,92,19,25,86,19,79,83
58,39,92,92,19,25,91,19,16,83
25,93,20,64,65,9,3,50,94,14
53,26,50,9,84,33,16,27,19,27
53,26,61,96,43,33,16,29,19,27
58,39,11,96,19,25,91,44,47,83
7,71,11,92,19,75,86,94,47,97
57,39,92,92,19,64,91,19,47,97
7,71,92,96,19,75,66,94,16,83
25,44,20,13,56,9,3,86,35,73
7,71,92,96,19,64,86,94,16,97
90,36,50,9,43,34,16,27,19,27
7,71,92,92,19,25,91,44,47,83
16,35,30,14,90,84,96,13,49,16
58,71,11,92,19,75,91,19,16,97
25,44,76,64,65,9,3,61,28,14
25,44,20,64,65,14,12,61,94,73
58,39,92,96,19,25,86,94,79,97
25,93,20,64,65,14,3,50,94,32
4,35,30,14,44,73,3,61,49,16
25,44,76,64,45,9,3,61,35,14
25,93,76,13,45,14,78,61,28,14
58,71,11,92,19,75,91,19,79,83
45,36,90,9,43,33,16,29,12,27
8,60,5,94,23,73,95,95,13,82
25,93,76,13,45,9,78,61,35,73
57,18,92,92,19,75,66,19,79,97
33,27,32,15,33,7,8,20,68,71
25,73,20,13,45,9,12,61,35,32
25,73,76,64,45,9,12,61,94,73
25,93,76,64,65,14,12,61,94,73
99,37,75,40,53,81,88,82,24,15
33,27,32,91,25,7,8,20,68,48
58,71,92,96,19,75,86,94,16,97
25,73,20,13,45,14,12,50,35,73
31,37,75,79,79,81,88,51,10,15
58,39,92,92,19,64,66,44,79,83
58,18,92,92,19,75,91,94,79,97
25,73,20,64,65,9,78,50,35,14
25,93,76,13,56,14,78,50,28,14
90,26,61,15,84,34,16,29,12,8
57,71,11,92,19,64,86,44,16,97
18,5,66,38,70,48,98,96,2,31
58,39,92,96,19,75,86,19,16,83
8,60,5,94,48,10,95,99,55,82
25,44,20,64,45,9,78,86,94,73
25,73,76,13,65,14,3,86,35,14
45,86,50,15,84,33,16,27,12,8
25,73,20,64,45,14,3,86,35,32
12,81,63,38,1,99,36,1,32,47
36,48,5,94,79,10,95,99,13,26
7,18,11,96,19,25,66,19,16,83
90,36,90,96,43,33,16,27,12,41
7,100,50,66,68,25,99,23,6,20
57,39,11,96,19,64,91,19,16,83
63,22,83,87,59,88,61,26,32,14
58,93,66,20,33,1,25,91,38,37
25,93,20,64,45,14,3,50,28,32
58,39,11,96,19,25,86,19,16,97
7,18,11,92,19,64,91,19,16,97
25,93,20,13,65,14,3,86,94,73
45,86,50,15,43,34,16,29,19,27
17,37,75,40,52,42,88,82,24,15
57,18,11,96,19,64,91,94,47,83
17,87,91,1,52,72,57,95,40,91
25,44,20,64,45,9,3,61,94,32
90,86,50,96,84,34,16,29,12,8
45,36,90,9,43,33,16,27,12,8
17,87,56,20,52,72,65,100,46,91
25,93,20,64,56,9,78,61,94,73
25,73,20,64,65,9,12,86,35,73
61,5,66,38,70,99,37,4,2,31
73,22,90,72,76,75,5,68,75,83
53,86,90,9,43,33,16,27,12,27
25,44,20,64,65,14,12,61,94,14
53,36,90,15,84,34,16,27,12,41
25,44,20,13,65,14,12,61,28,14
90,26,61,96,84,33,16,29,12,41
64,100,50,99,73,25,99,78,6,58
25,44,76,64,65,14,78,50,94,14
25,93,20,13,45,9,78,61,28,32
25,93,20,64,65,14,12,50,35,14
90,36,90,9,84,33,16,29,12,8
90,86,90,9,43,34,16,29,19,41
25,93,76,64,45,14,12,86,94,14
25,93,76,13,65,14,12,50,35,14
25,93,76,64,65,14,12,50,35,73
31,37,75,79,52,81,88,82,10,44
56,81,63,38,37,49,95,1,42,47
64,100,50,66,73,25,99,23,99,58
58,39,11,92,19,25,66,94,79,97
25,93,20,64,56,9,78,86,28,32
25,44,20,64,45,14,78,86,35,14
17,60,91,1,52,72,65,95,54,91
8,60,77,94,79,10,95,95,13,82
25,73,76,13,56,14,78,86,94,14
7,71,11,92,19,25,86,44,47,83
90,86,50,9,43,34,16,27,12,41
25,44,76,64,65,9,78,50,28,73
45,86,50,9,43,34,16,29,19,8
7,39,11,92,19,64,86,94,16,97
25,73,76,13,56,9,3,50,28,14
25,93,20,64,56,9,12,61,94,14
90,36,90,9,43,33,16,27,19,41
7,40,50,99,68,25,99,2,99,20
7,18,11,96,19,25,86,44,16,83
25,73,76,13,45,14,3,50,35,73
58,39,11,92,19,64,91,19,47,83
57,39,11,92,19,25,86,19,47,83
25,44,76,64,45,9,3,86,28,14
63,22,74,87,59,88,61,26,32,14
45,36,61,9,43,34,16,27,19,27
57,71,11,96,19,75,91,94,79,97
25,44,20,64,45,9,3,61,35,32
56,81,63,38,43,49,36,1,32,42
92,40,50,66,68,25,99,78,99,58
45,26,61,9,84,34,16,27,19,41
58,39,11,92,19,75,66,19,47,97
25,93,20,64,56,9,3,61,35,73
42,5,66,38,70,1,37,96,2,70
17,87,91,1,52,72,65,100,46,91
58,39,11,92,19,75,66,19,79,97
90,86,90,96,84,34,16,29,19,41
73,59,12,72,97,13,5,38,75,83
42,5,66,38,53,99,98,4,2,23
57,18,92,96,19,75,91,19,47,83
53,36,50,96,84,34,16,29,12,27
33,27,32,91,25,7,8,20,68,71
16,35,30,14,44,73,3,61,49,7
58,71,92,96,19,75,91,19,79,83
57,39,11,96,19,25,91,19,16,97
57,39,11,96,19,25,66,94,79,97
25,73,76,64,45,9,12,61,28,14
25,73,76,64,45,9,78,61,28,73
25,44,76,13,45,14,3,86,28,32
45,36,50,15,43,34,16,27,12,27
25,73,20,13,56,9,12,61,35,32
90,26,61,15,43,33,16,29,19,27
42,5,66,38,70,1,98,96,2,31
31,37,75,40,53,42,88,51,24,97
57,18,11,92,19,75,91,44,16,83
57,18,11,96,19,25,86,94,47,97
58,71,11,92,19,25,86,19,79,83
58,71,92,92,19,75,91,44,79,97
25,73,76,13,45,14,78,50,35,14
55,81,63,38,37,99,36,1,32,42
90,26,90,15,43,34,16,29,12,27
90,86,61,15,43,34,16,27,12,27
53,86,61,15,84,33,16,27,19,41
7,18,11,96,19,25,86,94,47,97
57,39,11,96,19,75,86,44,79,83
25,73,76,64,56,9,12,61,28,32
25,5,20,44,11,21,76,97,6,6
75,27,32,91,25,7,79,20,68,71
42,5,66,38,70,99,37,19,2,31
55,81,63,38,1,49,95,96,32,47
7,71,11,96,19,25,66,19,16,97
25,44,20,64,56,14,3,50,28,32
45,86,90,15,84,34,16,29,19,41
36,60,77,94,79,73,95,99,13,24
53,36,50,9,84,33,16,29,19,8
7,18,11,92,19,25,66,94,16,83
90,36,90,15,43,34,16,27,19,27
36,48,77,94,79,10,95,95,13,82
7,71,11,92,19,75,86,94,16,83
58,39,11,92,19,64,66,44,47,97
25,73,20,64,65,9,12,50,35,14
25,44,76,13,56,14,3,86,94,32
25,44,76,64,45,9,12,86,94,14
12,81,63,38,43,99,95,1,42,42
57,71,92,96,19,25,66,44,47,97
25,93,20,13,45,14,78,50,94,14
61,5,66,38,53,48,37,19,2,23
8,60,5,94,48,73,95,95,13,24
45,26,61,96,84,33,16,27,19,8
57,39,92,92,19,75,66,44,16,83
25,44,76,13,45,9,12,61,35,32
36,48,77,94,79,73,95,95,55,26
8,93,66,20,33,10,90,91,38,99
7,71,92,92,19,64,86,19,47,97
4,35,30,49,44,73,16,13,49,7
53,86,90,9,84,33,16,29,19,41
53,36,61,9,43,34,16,29,19,27
25,44,76,64,65,14,12,61,28,14
17,60,56,20,52,72,65,95,40,91
25,93,76,64,56,14,78,50,94,32
25,73,20,13,65,14,78,86,28,73
90,86,90,96,43,34,16,29,12,27
90,26,90,15,43,33,16,29,12,27
8,48,77,94,48,73,95,99,13,26
57,18,92,96,19,25,91,19,47,83
25,73,20,13,45,9,78,86,94,32
25,44,20,64,65,9,3,61,28,73
90,26,90,96,84,34,16,27,19,27
45,26,61,15,84,33,16,27,12,27
25,73,76,13,56,9,12,50,35,73
25,73,20,13,65,9,3,61,35,14
7,40,50,66,88,25,99,2,93,58
50,91,18,8,78,89,33,89,85,34
55,81,63,38,1,99,95,1,32,21
53,36,50,96,43,33,16,27,19,27
42,5,66,97,70,99,98,96,2,70
25,93,20,64,45,14,3,61,28,73
25,93,76,13,65,9,12,86,28,32
7,18,92,96,19,75,66,94,16,83
58,39,11,96,19,75,91,44,47,83
25,73,20,64,56,14,78,50,35,14
64,40,50,66,68,25,99,23,93,58
25,73,20,64,65,14,12,86,94,32
17,37,75,79,52,81,88,82,10,44
25,73,20,13,65,14,78,86,35,14
7,71,11,92,19,64,66,44,47,97
61,5,66,97,70,48,98,19,2,23
25,44,20,13,65,9,78,61,28,73
87,94,30,68,21,33,33,59,10,66
90,26,50,15,84,33,16,29,19,8
42,5,66,97,53,99,98,4,2,70
18,5,66,97,53,1,98,4,2,23
7,71,92,96,19,64,91,44,47,83
25,93,20,64,56,14,78,50,94,32
61,5,66,38,53,99,37,4,2,23
25,44,20,64,65,9,12,86,35,32
45,86,61,15,43,33,16,29,19,27
7,18,11,92,19,75,91,44,16,83
7,18,92,92,19,64,91,94,16,97
17,60,62,67,52,72,65,100,40,91
25,44,76,64,45,9,78,61,35,32
17,87,91,1,52,72,34,95,46,91
25,44,20,64,45,9,3,86,94,73
7,18,92,92,19,75,91,44,79,97
45,36,61,9,43,33,16,29,12,41
73,10,90,72,76,13,5,68,75,83
90,86,90,15,84,34,16,27,12,8
57,71,92,92,19,75,66,19,79,83
7,40,50,99,88,25,99,2,93,58
45,36,90,96,43,34,16,27,12,27
25,73,20,13,45,9,3,61,94,14
25,44,76,64,45,9,78,61,28,14
57,39,92,92,19,75,86,94,47,97
25,44,20,13,56,9,78,61,94,32
57,39,92,92,19,25,66,19,47,97
53,36,61,15,43,34,16,29,12,8
7,100,50,99,68,25,99,23,93,58
53,36,50,96,84,33,16,29,19,41
42,5,66,38,53,48,37,19,2,70
57,18,11,96,19,25,86,94,16,83
17,37,75,40,52,42,88,82,24,97
7,71,11,92,19,75,91,44,79,97
25,93,76,64,56,14,12,61,94,32
58,71,92,92,19,25,86,44,79,83
7,71,92,92,19,25,91,19,79,83
7,39,11,92,19,64,91,94,79,97
31,37,75,79,79,81,88,51,10,44
25,93,76,13,65,9,3,50,28,73
17,87,91,67,52,72,65,100,54,91
56,81,63,38,43,49,95,96,32,21
57,39,11,92,19,25,86,94,47,83
25,73,20,64,56,9,12,50,28,14
25,44,76,13,65,14,12,86,94,32
7,39,11,96,19,75,66,19,16,83
25,73,76,13,65,14,78,86,28,32
53,86,61,9,43,34,16,29,12,8
45,36,61,9,84,34,16,29,12,41
90,26,50,15,84,33,16,27,19,8
58,71,92,96,19,25,86,44,47,97
25,93,20,64,45,14,3,86,94,73
58,18,11,92,19,75,86,44,16,83
58,71,92,96,19,25,91,44,16,97
58,93,66,20,33,1,90,91,38,99
57,39,11,92,19,64,66,94,47,97
25,93,76,64,45,14,12,86,28,32
8,76,66,20,33,59,90,91,38,99
7,71,11,92,19,25,66,94,79,97
25,73,76,64,65,14,78,61,35,14
12,81,63,38,1,49,36,1,42,42
73,59,12,72,97,75,5,68,75,83
25,44,20,13,56,9,78,61,94,73
50,75,18,77,78,89,92,89,85,34
25,44,76,64,56,9,78,50,94,73
57,71,92,92,19,64,86,94,16,83
64,100,50,99,88,25,99,78,6,58
25,44,20,64,65,14,78,50,28,73
31,37,75,79,53,81,88,51,10,97
36,48,5,94,48,73,95,95,13,26
57,18,11,92,19,64,66,44,16,97
45,26,50,15,84,33,16,29,19,8
58,71,92,96,19,64,66,94,47,97
25,93,20,64,65,9,12,50,94,14
25,73,20,13,56,9,78,86,35,32
8,60,77,94,48,73,95,95,13,82
57,18,11,92,19,75,91,19,79,83
25,44,76,64,56,14,78,61,28,32
64,40,50,66,88,25,99,78,6,20
25,93,20,13,45,14,3,61,94,14
45,36,61,15,84,33,16,27,19,41
25,73,20,64,56,14,78,86,94,14
45,86,90,9,84,33,16,27,12,41
36,60,77,94,79,73,95,95,13,82
25,93,76,13,45,9,12,61,94,73
92,40,50,99,73,25,99,2,6,20
25,93,20,13,65,14,12,61,28,32
25,44,20,64,45,14,12,50,35,73
90,36,61,96,84,33,16,29,12,41
57,71,11,96,19,25,91,94,79,83
53,26,90,15,43,34,16,27,19,41
7,18,11,92,19,64,91,44,16,83
45,36,50,9,43,33,16,29,12,27
25,73,76,13,56,9,12,61,94,73
45,26,61,96,43,34,16,29,12,41
58,76,66,20,33,10,25,91,38,21
25,44,20,13,56,14,12,61,28,73
25,93,76,13,56,14,12,50,94,14
73,10,90,72,76,75,5,16,75,89
25,44,20,13,56,9,78,86,28,14
25,73,20,64,45,9,12,86,28,73
25,73,76,64,45,14,12,86,28,14
8,48,77,94,79,73,95,95,55,26
8,60,77,94,48,73,95,95,13,26
25,73,20,64,56,14,3,61,28,73
25,73,20,64,56,9,3,50,28,14
53,26,90,96,84,33,16,27,19,8
57,18,11,92,19,75,66,44,47,83
7,39,92,96,19,64,91,44,79,97
58,39,92,92,19,75,86,44,47,97
57,71,92,96,19,75,91,94,47,83
57,71,11,96,19,25,91,19,47,97
42,5,66,38,70,48,98,19,2,23
61,5,66,38,53,1,37,19,2,31
12,5,85,44,48,21,76,97,6,33
25,44,76,64,45,14,78,86,35,73
57,71,11,96,19,64,66,94,47,83
58,39,11,96,19,64,91,94,16,97
8,48,5,94,79,10,95,99,55,82
25,93,76,13,45,9,3,61,94,14
90,26,61,15,84,33,16,29,19,41
57,71,92,96,19,75,86,44,47,83
92,40,50,99,73,25,99,78,6,20
90,86,50,96,43,33,16,27,19,27
58,71,11,96,19,75,66,44,16,97
73,59,12,72,97,75,5,38,75,83
25,93,76,13,45,9,3,50,35,32
45,86,50,96,43,34,16,29,19,27
25,44,76,13,65,14,78,61,28,32
25,44,20,13,45,9,12,86,94,32
53,86,61,15,43,33,16,29,19,27
31,37,75,79,52,81,88,51,24,44
56,81,63,38,37,99,36,1,32,42
25,73,20,64,65,14,3,61,94,73
45,26,90,15,43,34,16,27,12,41
7,18,92,92,19,75,91,19,47,97
7,18,92,92,19,25,66,94,47,97
58,71,11,96,19,75,86,44,47,97
16,35,30,49,90,31,3,94,49,7
17,37,75,79,52,42,88,82,24,44
31,37,75,40,53,42,88,40,24,15
25,73,20,64,65,14,3,50,28,32
25,44,20,13,65,9,78,86,35,32
42,5,66,38,53,1,37,19,2,31
25,73,20,64,56,9,12,86,28,73
57,18,92,96,19,25,66,44,79,97
53,36,90,15,84,33,16,27,12,27
58,18,11,96,19,64,86,44,47,97
73,10,7,72,76,13,5,38,75,83
7,71,11,96,19,25,91,94,47,83
53,36,61,15,43,34,16,29,19,41
57,18,92,92,19,25,91,44,16,97
17,87,62,67,52,72,57,95,40,91
25,93,20,64,45,9,78,61,28,73
7,71,11,96,19,25,91,94,79,83
7,71,92,96,19,75,91,44,16,83
36,60,5,94,23,10,95,95,55,24
90,36,50,96,84,34,16,27,19,27
18,5,66,38,70,1,98,96,2,23
25,73,20,64,65,9,78,50,28,73
58,18,92,96,19,25,91,19,16,97
8,76,10,20,33,59,25,91,38,37
90,36,90,9,84,34,16,27,12,8
12,81,63,38,1,49,95,1,32,21
61,5,66,38,70,1,37,96,2,70
58,71,92,92,19,64,86,19,16,83
31,37,75,40,53,81,88,51,10,44
90,36,50,15,84,34,16,29,12,41
50,91,18,21,78,89,39,89,89,34
57,71,92,96,19,75,66,94,47,83
4,35,30,14,44,31,16,13,49,7
25,73,20,64,65,14,3,61,28,14
12,81,63,38,37,49,36,1,42,47
7,18,11,96,19,25,91,19,16,83
17,87,91,67,52,72,34,95,46,91
58,18,92,96,19,64,86,44,79,83
35,91,18,8,78,89,33,89,36,34
55,81,63,38,37,49,95,96,42,47
58,71,11,92,19,25,91,19,47,83
45,86,61,9,84,34,16,29,19,8
45,36,50,96,84,34,16,29,19,41
25,73,76,13,56,9,3,61,35,32
55,81,63,38,37,49,95,96,32,21
90,36,61,15,43,33,16,29,12,41
25,93,76,13,56,9,12,50,94,73
73,22,12,72,76,13,5,68,75,89
57,71,92,96,19,75,86,94,16,97
92,100,50,66,68,25,99,23,93,58
57,18,11,92,19,25,86,44,79,97
25,73,76,13,56,14,12,61,94,32
36,60,5,94,79,10,95,99,13,26
18,5,66,38,70,1,37,19,2,23
42,5,66,97,53,48,37,4,2,23
92,100,50,66,73,25,99,23,6,20
57,18,92,96,19,75,86,19,47,83
53,26,61,15,84,33,16,29,19,27
25,93,20,13,56,14,3,86,35,32
25,93,20,64,45,14,3,61,35,32
25,73,76,13,45,14,3,61,35,73
8,60,77,94,48,10,95,95,55,26
25,44,20,64,45,14,12,61,94,14
53,36,61,9,43,34,16,29,12,8
25,44,76,64,65,9,78,61,35,73
7,39,11,92,19,25,66,19,79,83
12,81,63,38,43,99,36,1,32,42
90,36,50,15,43,34,16,29,19,27
53,36,90,96,84,34,16,29,19,8
53,26,90,9,84,34,16,29,12,41
25,73,20,64,65,14,78,86,28,73
25,93,20,64,56,9,78,86,94,32
25,93,20,13,45,9,3,86,94,32
25,93,76,64,65,14,12,61,28,32
58,71,11,96,19,25,91,94,47,97
58,39,92,92,19,25,91,44,16,97
7,39,11,92,19,25,91,19,16,83
56,81,63,38,43,99,95,1,42,42
25,44,20,13,45,14,3,86,35,14
61,5,66,97,53,99,98,4,2,31
45,36,90,96,84,34,16,27,12,27
45,36,50,96,84,33,16,27,12,8
99,37,75,79,53,42,88,51,24,15
75,27,32,65,25,48,8,20,68,71
25,73,20,64,56,14,3,61,94,32
53,26,61,96,84,33,16,27,12,27
55,81,63,38,37,99,95,1,32,42
90,26,90,9,43,33,16,27,19,41
63,22,83,87,59,88,60,100,36,14
53,26,90,15,84,33,16,29,19,8
75,27,32,15,33,7,8,20,68,71
25,44,20,64,56,9,12,61,28,14
8,93,66,20,33,10,25,91,38,99
25,93,76,13,65,9,3,61,94,32
7,39,11,92,19,64,86,94,79,83
58,63,10,20,33,1,25,91,38,21
25,93,20,13,56,9,12,86,35,73
25,93,20,13,56,14,12,61,28,73
7,40,50,66,88,25,99,2,6,20
36,48,5,94,23,73,95,95,55,82
73,10,7,72,97,13,5,38,11,89
25,44,76,13,65,9,12,86,35,14
25,93,20,64,56,9,12,50,94,73
25,73,20,64,56,9,3,50,35,14
25,5,20,28,48,21,98,97,6,33
57,39,11,92,19,25,86,94,79,83
7,100,50,66,73,25,99,78,99,58
25,44,76,64,45,14,78,61,94,73
17,87,62,67,52,72,65,100,54,91
25,73,20,13,65,9,12,86,94,73
25,73,20,64,56,9,12,61,28,32
73,22,7,72,97,75,5,16,11,83
58,71,11,96,19,25,91,19,79,83
45,26,50,15,84,33,16,29,12,8
58,39,92,96,19,64,66,94,79,83
58,39,92,92,19,75,91,44,79,97
90,36,90,9,43,34,16,27,12,8
50,91,18,8,78,89,39,89,36,34
45,86,61,15,43,34,16,27,12,41
58,71,11,92,19,75,91,94,79,97
25,44,76,13,65,14,3,86,35,32
7,39,11,96,19,75,91,44,47,97
7,39,11,92,19,25,66,19,47,83
45,86,61,96,84,33,16,27,12,27
25,93,20,64,56,9,78,50,28,14
7,39,92,92,19,75,86,94,16,97
58,71,11,96,19,64,66,19,79,83
58,39,92,92,19,75,86,44,16,83
8,48,77,94,23,10,95,95,55,24
7,18,92,92,19,25,86,19,16,97
73,59,7,72,76,13,5,16,75,89
56,81,63,38,37,49,36,1,32,21
58,71,11,92,19,25,91,19,79,97
25,73,76,13,65,9,78,86,28,32
57,39,92,92,19,64,86,94,16,97
4,35,30,14,90,84,16,61,49,16
53,26,90,15,43,34,16,27,12,27
57,71,92,92,19,64,91,94,47,97
25,73,20,13,45,14,78,61,35,73
58,71,92,92,19,25,86,94,16,83
25,73,20,64,45,9,12,86,35,73
17,87,91,67,52,72,34,100,54,91
57,39,92,96,19,64,66,44,47,97
25,93,76,13,56,14,12,61,94,73
64,40,50,66,88,25,99,78,99,58
90,26,61,96,43,33,16,29,19,8
58,39,11,96,19,75,86,94,79,97
18,5,66,38,53,99,37,96,2,70
53,26,50,15,43,33,16,29,19,27
25,93,20,64,56,14,12,86,28,32
8,63,66,20,33,59,90,91,38,99
90,36,90,15,84,34,16,29,12,8
25,44,76,13,65,9,78,86,94,73
25,44,20,13,45,14,3,61,28,73
25,93,20,64,45,9,12,86,35,73
58,18,11,96,19,25,91,44,16,83
25,93,76,64,45,9,78,50,35,73
4,35,30,14,44,73,3,13,49,7
25,73,20,13,65,14,78,50,28,32
25,73,20,13,65,9,3,50,28,32
7,39,92,92,19,75,91,94,79,83
36,48,77,94,79,73,95,99,13,82
58,18,11,92,19,64,86,94,79,83
25,93,20,13,65,14,12,61,94,73
57,18,11,96,19,75,86,44,16,83
45,36,50,15,43,33,16,29,12,8
58,71,92,96,19,64,86,94,16,83
58,71,92,96,19,75,86,19,16,97
58,71,92,96,19,25,66,19,79,83
7,39,11,92,19,75,91,94,79,97
45,36,50,15,84,34,16,27,12,27
25,93,76,64,45,9,78,86,28,32
25,93,76,64,56,14,78,86,28,32
7,39,11,96,19,25,91,94,47,97
53,36,50,96,84,33,16,29,19,27
7,39,92,96,19,25,91,44,16,83
25,44,76,13,56,14,12,50,35,14
25,44,20,13,45,9,3,50,35,14
57,18,11,92,19,25,86,44,79,83
7,71,11,96,19,25,86,44,16,83
7,18,11,96,19,75,66,94,16,97
57,39,92,92,19,64,66,94,47,83
25,73,20,64,65,9,78,61,28,32
25,73,76,13,65,9,78,61,28,14
57,39,92,96,19,75,86,44,16,83
87,94,26,68,21,76,33,59,75,66
7,40,50,66,68,25,99,23,99,20
31,37,75,40,53,81,88,40,24,15
45,36,90,96,43,34,16,29,12,41
58,18,92,96,19,25,91,94,16,83
25,44,76,64,45,14,78,50,94,32
25,93,76,64,65,14,3,86,94,14
53,36,50,96,43,33,16,29,12,27
73,10,7,72,97,13,5,68,11,83
90,26,61,96,84,33,16,29,12,27
25,44,20,13,65,9,78,86,94,32
36,60,5,94,23,73,95,95,13,24
45,36,61,96,43,34,16,27,19,41
25,73,20,13,56,9,3,86,94,73
17,37,75,79,52,81,88,51,24,97
25,93,20,13,45,14,12,86,28,32
18,5,66,97,53,99,98,96,2,23
25,73,76,13,45,9,12,61,35,14
45,36,61,96,84,33,16,29,19,41
58,39,92,92,19,75,91,44,79,83
53,36,50,9,84,34,16,29,12,8
53,86,61,9,43,33,16,29,19,41
56,81,63,38,1,49,36,96,32,42
53,26,61,15,84,34,16,27,19,8
57,71,11,96,19,64,66,19,79,97
25,73,76,13,65,14,3,50,94,73
58,39,11,96,19,64,91,19,16,83
25,93,76,13,45,14,78,61,28,73
25,44,20,13,65,9,12,86,35,14
53,86,90,15,84,34,16,27,19,41
25,44,20,64,65,14,3,86,94,14
64,100,50,99,88,25,99,23,93,58
90,86,50,15,84,33,16,29,12,27
58,39,92,96,19,25,66,94,79,97
25,93,20,13,65,14,78,50,35,73
57,18,11,92,19,25,91,44,47,83
57,71,11,92,19,64,86,19,79,97
25,93,20,64,65,14,3,86,28,73
25,44,76,13,65,9,3,61,28,14
57,39,92,92,19,75,66,94,47,97
4,35,30,14,90,31,96,13,49,7
53,26,90,96,43,33,16,27,12,8
8,63,10,20,33,1,90,91,38,37
7,71,11,92,19,75,86,19,79,97
7,71,11,92,19,64,86,19,79,97
25,73,20,13,45,14,12,86,35,32
35,91,18,21,78,89,92,89,89,34
7,71,92,92,19,64,91,94,16,83
45,86,90,9,43,34,16,29,12,41
87,97,9,46,17,16,78,92,40,85
25,73,20,64,65,9,3,50,94,32
35,75,18,77,78,89,39,89,36,34
25,93,20,13,45,9,12,61,35,73
7,100,50,66,68,25,99,78,6,58
92,40,50,66,73,25,99,2,6,58
7,18,92,92,19,64,91,44,47,97
25,93,76,64,45,14,78,61,28,73
25,93,20,13,45,9,3,61,35,73
53,36,50,9,43,34,16,29,12,27
63,22,91,95,59,88,60,26,36,14
58,39,92,96,19,75,86,19,79,83
53,26,50,9,43,34,16,27,19,8
17,87,56,20,52,72,34,95,46,91
57,71,11,92,19,25,66,44,47,83
25,93,76,64,56,14,3,61,35,32
53,36,90,15,84,33,16,27,12,8
25,93,20,13,65,9,12,86,94,14
58,18,11,96,19,75,91,44,47,83
7,18,11,92,19,75,91,44,47,97
53,36,61,9,84,34,16,27,12,27
58,18,11,92,19,64,66,94,16,83
25,93,20,64,45,14,12,86,35,14
25,93,20,64,65,14,78,61,35,73
95,63,10,20,33,59,90,91,38,99
31,37,75,40,53,42,88,82,24,44
18,5,66,38,70,99,98,96,2,70
64,100,50,66,73,25,99,23,6,20
36,60,77,94,48,10,95,99,55,82
58,39,92,96,19,64,66,44,79,83
7,71,11,92,19,64,66,19,16,83
57,39,92,92,19,25,91,19,79,97
58,71,11,96,19,64,86,19,16,97
90,36,50,96,43,34,16,27,19,8
73,10,90,72,97,75,5,38,75,89
45,36,50,96,84,33,16,27,12,27
25,44,76,13,45,9,12,61,28,73
7,39,11,96,19,25,66,44,16,83
25,93,20,64,45,14,78,61,28,32
25,44,20,64,56,14,78,61,28,32
90,86,61,9,84,34,16,29,19,27
25,44,76,13,65,14,78,50,35,73
45,26,50,96,43,34,16,29,12,41
58,39,11,96,19,64,66,44,79,97
45,26,61,15,84,34,16,27,19,8
25,73,76,13,56,14,78,50,35,32
90,26,61,9,84,34,16,29,12,8
25,73,76,64,45,9,12,50,94,14
64,40,50,66,73,25,99,2,6,58
7,18,92,96,19,25,91,44,79,83
25,44,76,13,45,14,78,86,35,14
57,39,92,92,19,64,91,44,16,97
7,18,92,96,19,64,86,94,79,97
25,93,76,13,45,9,12,50,94,14
7,71,92,92,19,25,86,19,47,97
57,18,92,96,19,64,86,44,16,97
57,71,92,92,19,75,66,19,47,97
25,44,20,13,45,14,12,86,94,73
25,93,20,13,56,14,3,61,94,14
36,60,77,94,48,10,95,99,55,26
18,5,66,38,70,48,98,4,2,31
73,10,7,72,97,13,5,68,11,89
25,93,76,13,65,14,3,61,28,32
25,44,76,13,45,14,12,50,94,14
16,35,30,49,44,31,16,61,49,16
58,71,92,92,19,75,86,44,79,97
33,27,32,65,33,48,79,20,68,48
61,5,66,38,53,1,98,96,2,70
57,39,92,96,19,25,66,19,79,83
7,39,92,96,19,25,91,19,79,83
58,18,92,92,19,25,91,44,47,97
25,5,85,28,48,21,98,97,6,6
45,26,61,96,84,33,16,27,12,41
64,100,50,99,73,25,99,23,99,58
50,75,18,21,78,89,39,89,36,34
63,22,74,95,59,88,67,26,36,83
25,73,20,64,45,9,12,50,28,73
7,71,92,92,19,25,91,44,16,83
25,93,20,64,65,14,78,50,35,73
57,71,11,96,19,64,86,44,47,83
25,44,20,13,45,9,3,50,28,73
7,71,11,96,19,75,66,19,79,83
25,73,20,64,65,14,3,50,35,14
58,71,11,96,19,25,66,19,79,83
53,86,90,96,84,34,16,29,12,41
57,18,92,92,19,64,86,44,79,83
57,71,11,92,19,64,91,44,47,97
31,37,75,79,79,42,88,82,10,44
45,26,61,15,84,33,16,27,12,41
8,60,77,94,23,73,95,99,55,82
7,39,92,92,19,25,91,19,16,83
90,86,90,9,43,34,16,29,19,27
58,39,11,92,19,75,91,19,16,97
8,60,5,94,23,10,95,95,55,26
25,44,20,64,65,9,12,86,35,14
92,40,50,99,73,25,99,23,93,58
45,86,50,96,43,34,16,29,12,27
25,73,20,13,45,14,78,61,94,73
7,71,92,92,19,25,86,44,47,83
7,71,92,92,19,75,86,44,47,97
17,37,75,79,53,42,88,40,24,44
53,36,90,15,43,34,16,27,12,8
25,44,20,64,65,14,12,50,28,32
25,44,76,13,45,14,12,86,94,73
25,93,20,64,65,14,12,61,94,73
4,35,30,14,44,73,16,94,49,7
57,39,92,96,19,75,91,94,16,97
45,26,61,9,84,33,16,29,12,8
53,86,61,9,84,34,16,27,19,8
25,44,76,13,65,14,3,61,28,32
25,73,20,64,45,14,12,50,28,73
25,93,76,13,65,9,3,86,94,73
92,100,50,66,88,25,99,2,99,20
50,75,18,8,78,89,92,89,89,34
25,44,76,13,45,9,78,50,35,14
45,86,61,9,43,33,16,27,19,41
57,39,92,92,19,75,91,94,16,83
7,18,11,92,19,64,66,44,47,97
16,35,30,14,90,31,3,13,49,16
7,71,92,92,19,64,66,94,79,97
57,71,92,96,19,64,86,19,16,83
53,26,61,9,84,34,16,27,12,8
90,26,90,9,43,33,16,29,12,27
25,44,76,64,65,14,12,61,94,73
8,48,5,94,23,10,95,95,13,26
57,18,11,92,19,64,91,19,16,97
7,18,92,92,19,25,86,19,47,97
90,26,90,15,43,33,16,29,12,41
61,5,66,38,70,99,37,19,2,31
61,5,66,97,53,48,37,96,2,23
25,73,20,64,56,9,78,50,94,32
25,73,76,13,65,9,3,61,35,32
53,26,50,15,43,33,16,27,12,8
25,93,20,64,65,9,3,50,28,32
25,44,20,13,65,9,78,50,94,14
63,22,74,87,59,88,60,100,36,83
25,93,76,13,45,9,12,50,94,32
25,93,76,13,56,14,3,86,35,32
53,36,50,15,43,33,16,27,19,41
25,93,20,64,56,9,3,86,94,14
25,44,76,64,56,14,78,50,28,32
53,26,90,9,43,33,16,29,12,41
25,44,20,13,65,14,12,50,94,73
17,60,91,67,52,72,34,95,46,91
58,93,10,20,33,10,90,91,38,37
57,39,11,96,19,64,66,94,79,97
7,39,11,92,19,75,91,19,16,97
8,48,77,94,79,10,95,95,55,24
58,71,11,96,19,64,86,94,16,83
7,39,11,96,19,75,91,19,16,97
7,39,92,96,19,75,91,19,47,83
25,44,76,13,45,14,12,50,28,14
92,100,50,66,73,25,99,78,93,20
25,93,76,13,56,9,12,50,35,73
25,73,20,13,45,9,3,50,28,73
61,5,66,38,70,1,98,19,2,70
25,44,76,13,65,9,12,61,94,32
45,36,61,9,84,33,16,29,19,41
16,35,30,14,90,84,3,61,49,7
90,36,61,96,84,33,16,29,12,27
53,86,50,15,84,34,16,29,19,41
12,5,20,28,11,21,98,97,6,4
45,36,90,9,84,33,16,27,12,27
7,71,92,96,19,75,86,19,16,97
7,39,11,96,19,25,66,19,79,97
25,73,76,64,65,14,3,86,28,32
7,18,11,96,19,75,91,19,16,83
58,18,11,92,19,64,86,19,79,83
8,93,66,20,33,10,90,91,38,37
58,18,11,96,19,64,86,44,79,83
12,5,13,44,43,21,76,97,6,33
57,18,92,92,19,64,86,94,79,83
25,44,76,13,56,9,12,61,94,32
7,18,92,92,19,75,91,94,79,83
57,71,11,96,19,75,91,44,47,97
53,86,50,9,84,33,16,29,12,8
7,18,92,96,19,75,91,94,79,83
57,39,92,96,19,64,91,94,47,83
45,86,61,9,84,34,16,27,19,41
45,86,90,96,84,33,16,29,19,27
53,26,50,96,43,33,16,27,19,41
57,71,92,92,19,25,86,19,16,97
57,39,92,92,19,75,86,94,79,83
25,44,20,64,45,14,3,86,35,32
57,18,92,92,19,25,86,19,16,97
25,44,76,13,65,9,78,86,94,32
90,36,50,9,43,33,16,29,12,27
57,39,92,96,19,75,91,94,16,83
25,73,20,13,45,9,12,50,94,32
53,26,50,96,43,33,16,29,12,41
36,60,5,94,23,10,95,99,55,82
90,26,61,9,84,33,16,29,12,27
75,27,32,91,33,7,79,20,68,48
57,71,11,96,19,75,66,19,47,83
25,93,76,13,45,9,12,61,28,14
25,93,20,64,45,9,3,61,94,73
58,18,92,92,19,75,66,44,47,97
58,18,92,92,19,64,91,19,79,83
92,100,50,66,68,25,99,23,99,20
45,26,50,96,43,34,16,27,19,41
58,18,92,92,19,75,86,44,16,97
25,73,76,13,65,9,78,86,94,73
58,18,11,92,19,25,91,19,79,83
42,5,66,38,53,48,98,4,2,23
7,18,92,92,19,75,91,44,79,83
7,18,11,96,19,75,91,44,79,97
25,73,76,13,56,14,78,61,35,73
25,44,76,13,45,14,12,86,94,14
73,10,7,72,76,75,5,68,11,89
25,73,76,13,45,14,78,86,35,73
25,93,76,13,65,9,12,86,94,14
58,39,92,92,19,75,91,19,79,97
58,39,92,96,19,25,91,44,47,83
25,93,76,13,56,14,3,61,35,32
57,18,11,92,19,64,66,19,79,97
16,35,30,49,44,73,3,13,49,7
25,93,76,64,65,9,12,86,94,32
7,100,50,99,73,25,99,2,6,20
57,71,11,92,19,25,86,94,47,83
58,18,11,96,19,64,91,94,47,97
90,86,90,15,84,34,16,29,12,8
25,44,76,64,45,9,12,61,28,73
25,93,76,13,65,14,12,50,94,32
57,39,92,92,19,75,66,19,47,97
58,18,92,92,19,75,86,19,47,97
7,18,11,92,19,75,86,44,79,97
25,44,76,64,56,14,78,50,28,73
57,71,92,96,19,25,66,94,79,83
25,93,76,64,56,14,3,86,35,14
17,37,75,79,52,81,88,40,10,44
58,71,11,96,19,75,91,19,79,83
25,73,20,64,56,14,78,61,94,14
25,93,76,13,45,14,12,61,94,73
7,18,11,96,19,64,91,44,16,97
61,5,66,97,53,48,98,19,2,23
12,81,63,38,43,99,36,96,32,21
57,71,11,96,19,75,91,44,79,83
31,37,75,40,53,81,88,51,24,44
25,93,76,13,45,14,78,61,94,32
7,71,92,96,19,64,66,19,16,97
57,18,92,96,19,25,91,94,79,83
25,44,76,64,56,9,3,61,35,32
53,26,61,15,43,33,16,29,12,41
25,93,76,64,45,9,12,61,35,32
61,5,66,38,53,99,37,19,2,23
45,86,90,15,43,34,16,29,12,41
53,26,90,96,84,33,16,27,12,27
58,18,11,96,19,25,86,44,47,83
53,26,90,9,84,34,16,29,12,27
58,39,92,96,19,75,66,94,47,83
25,5,85,44,11,21,76,97,6,33
25,44,76,64,56,9,78,61,94,73
58,71,92,92,19,75,91,44,79,83
8,63,10,20,33,59,90,91,38,99
12,5,85,28,43,21,98,97,6,33
25,73,20,13,65,9,12,86,94,32
53,36,61,9,43,34,16,27,19,27
25,44,76,64,56,14,12,50,35,14
17,60,91,1,52,72,65,95,40,91
25,44,20,13,65,9,78,61,35,32
45,26,61,9,84,34,16,29,19,8
25,73,76,64,45,14,78,50,28,32
57,18,11,96,19,64,66,19,16,83
57,39,11,96,19,75,66,19,16,97
53,36,61,96,84,33,16,29,19,8
33,27,32,15,25,67,79,20,68,71
12,81,63,38,1,49,36,96,42,21
90,26,90,9,43,34,16,29,12,27
25,44,20,64,65,9,3,86,28,32
7,71,11,92,19,64,66,94,16,83
58,18,11,92,19,25,66,94,79,97
58,39,11,92,19,75,91,94,16,83
7,39,11,96,19,75,66,44,79,97
37,7,38,54,25,72,95,14,22,77
25,44,76,13,65,9,3,50,28,14
57,71,11,92,19,64,86,44,79,97
7,18,92,96,19,25,86,44,47,83
45,86,50,9,43,34,16,27,12,8
57,71,92,96,19,75,91,19,47,83
8,60,77,94,48,73,95,99,55,24
57,18,92,96,19,25,86,44,47,97
25,93,76,13,65,14,78,50,35,73
25,93,20,64,45,9,12,50,28,32
90,26,61,9,43,34,16,27,19,8
61,5,66,97,70,1,98,19,2,23
12,81,63,38,37,99,36,1,42,21
25,93,76,13,56,9,78,61,35,32
25,93,20,13,56,9,78,50,28,32
90,86,50,9,84,34,16,27,12,27
45,26,90,96,84,34,16,29,12,41
42,5,66,97,53,99,98,96,2,70
25,44,20,13,56,9,78,86,94,73
58,39,11,92,19,64,86,44,79,83
25,73,76,64,65,14,3,50,94,73
87,94,30,75,21,76,33,59,10,66
25,73,20,13,65,9,3,86,94,14
57,71,92,96,19,75,66,19,16,83
90,86,61,9,43,33,16,29,19,8
25,93,76,13,45,14,78,50,35,73
35,91,18,77,78,89,33,89,89,34
18,5,66,97,70,48,98,4,2,70
55,81,63,38,1,49,95,1,42,21
16,35,30,49,44,84,3,94,49,7
7,71,92,92,19,75,86,94,16,97
7,18,92,96,19,25,91,94,47,83
45,86,50,9,43,33,16,29,12,41
25,73,76,64,45,14,3,50,35,32
25,93,76,64,65,9,3,61,94,32
25,44,20,13,56,14,12,61,94,73
45,26,90,9,43,34,16,27,19,27
69,97,71,46,39,16,100,92,40,85
17,37,75,40,53,81,88,40,24,97
42,5,66,97,70,1,37,96,2,70
57,39,11,96,19,25,86,19,16,83
25,73,20,64,65,14,3,61,35,14
12,5,13,44,48,21,76,97,6,6
25,44,20,64,45,9,12,50,94,14
90,26,90,96,43,34,16,27,19,27
58,39,92,92,19,25,91,94,79,97
25,93,20,13,65,9,78,61,35,14
57,18,11,96,19,64,91,94,47,97
50,94,18,21,78,89,33,89,89,34
57,18,92,96,19,25,86,94,79,83
25,93,76,13,65,9,12,50,94,73
73,10,12,72,76,13,5,38,75,89
92,100,50,66,68,25,99,78,99,58
58,71,92,92,19,25,66,94,47,97
45,36,61,15,84,34,16,29,19,41
18,5,66,97,70,1,37,4,2,31
45,86,50,15,84,34,16,27,19,27
57,39,92,92,19,75,66,94,16,97
92,40,50,66,73,25,99,2,93,58
90,26,50,9,43,34,16,27,19,8
25,44,76,13,45,9,3,61,94,14
92,40,50,66,88,25,99,78,93,58
90,86,90,96,84,33,16,29,19,27
7,71,11,92,19,64,66,94,16,97
73,10,90,72,97,13,5,68,75,89
57,18,11,96,19,25,91,19,79,83
25,44,76,64,45,14,3,50,35,32
58,71,11,96,19,64,66,19,16,97
25,44,76,13,45,9,78,50,94,73
25,44,76,64,65,14,3,50,35,73
58,71,11,92,19,64,66,44,47,83
90,36,61,15,43,34,16,29,12,8
58,18,92,92,19,25,91,44,16,83
25,44,20,13,56,9,12,50,94,14
58,18,92,92,19,25,86,19,79,97
7,18,11,92,19,25,66,44,47,97
58,71,11,92,19,25,86,19,47,97
58,93,66,20,33,59,25,91,38,21
90,86,90,15,43,33,16,27,12,41
45,86,50,96,43,33,16,27,19,27
25,93,20,64,56,9,78,61,94,14
45,86,50,15,43,33,16,29,12,8
25,93,20,64,56,9,3,50,94,73
25,93,20,64,45,14,12,86,94,14
17,37,75,79,53,81,88,51,10,97
58,71,92,96,19,64,66,19,47,97
7,71,92,96,19,64,66,19,79,83
25,73,20,13,65,14,12,50,35,14
50,94,18,77,78,89,39,89,85,34
25,44,20,13,65,9,12,50,94,14
53,36,50,9,84,34,16,29,19,41
58,18,11,96,19,64,86,94,47,83
25,44,20,13,65,14,78,50,35,32
7,40,50,99,68,25,99,2,6,20
25,44,76,64,56,14,12,61,28,32
42,5,66,97,53,99,98,19,2,70
25,93,76,13,56,9,3,50,28,32
25,93,20,64,65,14,78,50,28,32
57,71,92,92,19,64,66,44,79,97
18,5,66,38,70,99,37,19,2,31
53,86,90,15,43,33,16,29,12,8
25,44,76,13,45,9,12,86,94,73
53,26,50,96,43,34,16,27,19,41
73,10,7,72,97,13,5,38,75,89
25,73,20,13,56,9,12,61,94,73
25,93,76,13,56,14,12,86,28,14
57,39,11,96,19,25,66,44,47,83
25,44,76,13,56,9,3,50,28,73
7,39,11,96,19,75,66,44,16,97
25,93,76,13,65,9,12,50,94,14
17,87,62,67,52,72,57,95,46,91
25,73,76,13,65,9,3,86,28,32
58,18,11,92,19,64,91,94,79,83
90,86,50,9,43,34,16,29,12,8
8,48,5,94,48,73,95,95,13,82
53,36,61,9,43,33,16,29,19,8
61,5,66,38,70,99,98,4,2,70
53,26,61,96,84,34,16,27,12,27
58,39,11,96,19,75,91,44,16,83
56,81,63,38,37,49,36,96,42,21
45,26,90,9,84,34,16,29,19,8
36,60,77,94,79,73,95,99,55,82
25,93,76,64,56,14,12,86,94,32
25,44,20,13,56,9,3,50,35,73
25,73,20,13,56,9,3,50,28,73
25,93,76,13,56,9,12,86,94,73
53,26,90,15,84,34,16,29,19,8
90,36,50,9,43,34,16,29,12,8
90,86,61,15,84,34,16,27,19,8
7,18,92,92,19,64,66,19,16,97
57,18,92,96,19,64,86,94,79,97
87,97,3,46,17,95,41,92,40,85
25,73,20,64,56,9,12,86,35,14
53,36,61,15,84,34,16,29,19,41
4,35,30,49,90,31,96,13,49,16
92,100,50,99,68,25,99,78,99,20
35,91,18,8,78,89,92,89,85,34
95,93,66,20,33,59,90,91,38,37
57,39,92,92,19,64,66,94,79,97
25,44,20,64,45,14,12,86,35,32
8,48,5,94,48,10,95,95,55,26
17,60,62,20,52,72,65,95,46,91
45,36,90,15,43,34,16,27,12,27
25,73,20,13,45,14,12,86,28,14
7,39,11,96,19,25,66,19,47,83
7,71,11,96,19,25,91,19,47,83
17,37,75,79,53,81,88,82,24,15
25,44,76,13,45,9,12,50,28,73
58,71,92,92,19,75,66,44,47,83
53,86,50,15,43,34,16,27,19,41
58,71,92,96,19,75,86,94,16,83
25,44,76,64,45,14,78,86,35,32
57,39,92,92,19,64,86,19,16,83
25,93,76,13,45,14,12,61,28,14
7,39,11,96,19,75,66,19,47,83
53,86,90,15,43,33,16,27,19,41
25,73,20,64,56,14,3,50,94,14
58,71,92,96,19,25,86,94,16,83
12,81,63,38,1,99,95,96,42,21
36,48,77,94,48,10,95,95,55,26
57,18,11,96,19,75,66,94,79,97
25,44,20,64,65,9,12,50,28,14
90,26,61,9,84,34,16,27,19,8
25,44,20,64,45,9,12,61,35,14
58,71,92,92,19,25,86,94,16,97
17,60,91,67,52,72,34,95,54,91
58,93,66,20,33,59,90,91,38,37
45,26,61,15,84,33,16,27,19,8
7,39,92,92,19,75,66,44,79,83
8,48,77,94,23,10,95,99,13,24
45,36,90,9,43,34,16,27,19,27
57,71,92,92,19,25,91,44,16,83
25,93,76,64,45,9,12,61,28,14
25,93,20,13,56,9,78,61,28,14
7,71,11,96,19,75,91,44,79,83
25,73,76,64,65,9,3,61,94,14
90,36,61,9,84,34,16,29,12,8
25,44,76,13,65,14,78,86,28,14
58,18,11,96,19,64,86,19,16,97
90,36,50,96,43,33,16,27,12,41
25,44,76,64,65,9,3,61,94,14
90,36,61,15,84,33,16,27,19,27
8,48,5,94,48,10,95,95,13,24
42,5,66,38,70,48,37,96,2,70
25,93,76,64,65,9,3,86,28,32
25,44,20,64,65,14,3,61,28,73
45,36,50,15,84,33,16,27,12,41
18,5,66,97,70,1,98,4,2,23
45,26,90,15,43,34,16,29,19,8
17,87,91,20,52,72,57,95,40,91
25,93,20,64,45,14,3,50,35,14
17,87,62,20,52,72,65,95,46,91
25,93,76,13,65,9,78,86,28,32
25,93,20,64,56,14,78,61,35,73
7,71,11,96,19,25,91,19,79,97
7,39,92,92,19,25,66,44,16,97
7,39,92,92,19,64,66,94,16,97
45,36,50,96,84,34,16,27,19,41
90,86,90,15,43,34,16,29,19,8
58,71,92,92,19,64,91,94,47,83
64,40,50,66,88,25,99,2,93,58
57,39,11,92,19,75,91,19,79,83
25,73,20,13,65,9,78,61,35,32
99,37,75,79,79,42,88,51,10,44
90,26,90,9,43,33,16,27,12,41
58,93,66,20,33,1,90,91,38,37
25,44,20,13,45,14,78,50,28,32
90,86,90,9,43,33,16,29,12,41
92,40,50,66,73,25,99,23,93,20
25,93,76,13,65,14,78,86,28,14
7,71,11,96,19,75,86,44,16,97
25,44,20,13,65,9,3,61,28,14
58,39,92,92,19,75,86,94,47,83
25,93,20,13,56,9,3,86,28,73
58,39,11,96,19,25,91,44,16,83
7,71,92,92,19,64,86,44,79,97
53,26,50,9,43,34,16,29,12,27
25,44,76,64,45,9,78,50,28,73
63,22,91,87,59,88,67,26,32,83
53,36,50,96,84,34,16,27,12,41
7,71,92,96,19,75,91,19,79,97
7,18,11,96,19,64,91,44,79,97
25,73,76,13,56,14,12,86,35,73
57,18,92,96,19,64,91,94,47,83
4,35,30,49,90,73,3,61,49,16
7,18,92,92,19,25,86,94,79,83
25,44,76,13,56,14,3,61,94,73
35,91,18,8,78,89,39,89,36,34
99,37,75,79,53,81,88,82,24,44
90,26,90,96,84,34,16,29,12,8
55,81,63,38,43,99,95,1,42,42
57,39,11,96,19,64,86,94,79,97
45,36,90,15,84,33,16,27,12,41
25,93,20,64,45,9,12,61,35,73
57,71,92,92,19,64,66,19,47,97
18,5,66,97,70,48,37,96,2,31
25,44,76,64,45,14,3,61,35,73
7,39,11,92,19,75,66,44,47,97
58,39,11,96,19,64,91,94,47,83
25,93,76,64,56,14,78,86,94,73
25,73,20,64,45,9,3,61,28,14
58,18,92,92,19,25,91,19,47,97
53,36,90,96,43,33,16,27,19,27
18,5,66,97,70,1,37,19,2,31
25,93,76,64,45,9,12,86,94,14
53,26,90,15,43,34,16,27,12,8
25,93,76,64,56,14,3,50,94,14
7,71,11,96,19,64,86,44,16,97
7,100,50,66,68,25,99,23,93,58
31,37,75,40,53,42,88,51,24,15
12,5,20,44,48,21,98,97,6,4
45,36,61,96,43,34,16,29,19,8
92,100,50,99,88,25,99,78,99,58
57,18,11,96,19,64,86,44,16,97
58,71,92,92,19,75,66,44,47,97
45,36,61,15,43,33,16,29,12,41
90,86,50,15,43,33,16,27,19,8
45,26,61,9,43,33,16,27,19,27
12,5,20,28,48,21,98,97,6,4
25,44,20,13,65,14,78,61,94,73
63,22,74,95,59,88,60,26,36,14
56,81,63,38,37,99,36,96,42,47
25,44,20,64,45,14,12,50,94,14
58,39,92,92,19,75,91,19,16,97
25,93,20,13,45,14,3,61,28,14
57,18,11,92,19,25,66,44,16,83
58,71,11,92,19,75,86,44,47,83
57,18,92,92,19,75,86,94,16,83
53,36,61,15,43,33,16,27,19,8
25,73,76,64,56,14,3,86,35,32
25,93,20,64,45,9,3,50,94,73
25,73,20,64,45,9,3,61,28,73
90,26,90,96,43,33,16,27,19,41
25,44,76,13,65,14,78,86,94,14
90,26,90,96,43,34,16,27,19,8
73,10,7,72,97,75,5,16,11,89
25,93,20,64,56,9,12,61,28,32
90,36,90,15,43,34,16,29,12,27
64,40,50,66,73,25,99,23,99,58
45,36,50,15,84,33,16,29,12,8
57,39,11,96,19,25,66,44,16,83
73,10,12,72,97,13,5,38,75,89
56,81,63,38,43,99,95,96,42,42
16,35,30,49,44,73,16,94,49,7
90,86,90,15,84,33,16,27,12,41
45,26,90,96,84,33,16,29,12,27
8,48,5,94,48,10,95,99,13,24
45,86,90,9,84,33,16,27,19,27
25,73,76,13,65,14,3,50,35,32
4,35,30,14,44,31,3,61,49,16
25,93,20,13,45,9,78,50,94,14
45,86,61,96,43,33,16,27,12,27
58,18,92,96,19,25,86,44,79,97
7,71,92,96,19,25,91,44,79,83
90,86,61,15,84,34,16,29,19,41
25,44,76,13,56,14,3,50,35,14
73,10,12,72,97,75,5,38,11,83
25,73,20,13,45,14,12,86,35,73
53,36,50,9,84,34,16,27,12,8
7,18,11,92,19,25,66,19,79,83
8,60,77,94,48,73,95,99,55,26
25,44,76,13,56,14,12,50,94,32
57,39,11,92,19,75,86,19,47,83
7,71,11,92,19,25,86,94,16,97
7,39,92,92,19,75,86,19,16,97
58,39,92,96,19,75,91,94,79,83
25,73,20,13,45,14,78,61,28,32
57,39,92,92,19,64,66,19,47,97
25,73,76,13,56,9,78,61,35,14
25,5,13,44,48,21,98,97,6,6
57,18,92,92,19,75,66,19,47,83
25,44,20,13,65,14,3,86,28,32
25,93,20,13,45,14,12,50,35,32
58,63,10,20,33,10,90,91,38,21
7,39,11,92,19,25,91,44,47,97
53,36,50,96,43,34,16,27,19,41
57,71,92,96,19,25,66,19,16,83
58,76,10,20,33,1,25,91,38,21
58,39,92,92,19,64,91,44,47,97
64,100,50,66,88,25,99,2,99,58
7,18,92,96,19,25,66,94,47,83
25,73,76,64,65,14,78,50,94,14
7,39,11,96,19,64,86,44,47,97
25,44,20,13,45,14,12,61,28,32
45,26,90,9,84,33,16,29,12,27
75,27,32,91,25,7,8,20,68,71
7,39,92,92,19,75,66,19,47,97
58,39,11,96,19,25,91,94,79,83
25,93,76,64,65,14,78,50,94,73
25,93,76,13,56,14,3,86,94,73
25,44,76,13,56,9,78,50,35,73
75,27,32,15,25,7,79,20,68,48
7,71,92,92,19,25,91,94,47,83
58,18,92,92,19,75,91,44,47,83
57,39,92,92,19,64,91,19,47,83
57,39,11,96,19,25,91,19,79,97
7,71,11,96,19,25,86,94,79,97
58,93,10,20,33,59,90,91,38,99
53,36,90,9,84,33,16,29,19,41
58,18,92,96,19,25,91,44,47,83
31,37,75,40,52,42,88,40,24,97
58,39,92,96,19,64,91,94,79,83
53,26,50,9,84,34,16,27,12,8
25,44,76,13,45,14,3,86,28,73
58,39,11,96,19,25,86,94,47,97
53,26,90,9,43,34,16,29,12,27
58,39,11,92,19,75,91,19,79,83
25,73,20,64,56,14,78,86,94,73
36,48,5,94,23,73,95,99,55,82
45,36,90,15,84,34,16,27,12,27
75,27,32,65,33,7,79,20,68,48
53,36,61,9,43,34,16,29,12,27
92,100,50,66,73,25,99,78,99,58
7,71,11,92,19,75,91,44,16,83
45,36,61,9,43,33,16,29,19,8
25,93,20,13,65,14,12,61,35,32
57,39,92,92,19,64,86,19,16,97
53,86,61,96,84,33,16,29,12,41
90,26,61,15,84,34,16,29,19,41
90,36,50,9,43,34,16,27,12,41
25,44,20,13,65,14,3,86,35,73
73,10,12,72,76,13,5,16,75,89
25,44,76,13,56,14,78,86,35,14
45,86,50,96,43,33,16,27,12,41
25,93,76,13,45,14,12,86,28,73
7,18,92,96,19,75,91,94,47,97
4,35,30,14,44,31,3,94,49,7
25,44,20,64,45,9,12,86,35,73
57,18,11,92,19,64,86,44,47,83
25,93,20,64,45,14,78,50,35,14
4,35,30,14,90,31,16,13,49,7
57,71,92,92,19,25,91,94,47,97
31,37,75,79,53,42,88,82,10,15
4,35,30,14,44,31,16,61,49,7
53,86,61,15,84,34,16,29,19,27
25,73,20,64,65,9,3,61,94,14
25,73,76,64,45,9,3,86,28,14
42,5,66,38,53,48,37,4,2,70
25,73,76,64,45,14,12,50,28,32
25,44,20,64,56,9,78,86,28,32
25,73,20,13,45,14,12,61,35,14
25,73,76,64,65,9,3,86,28,14
99,37,75,40,53,81,88,40,24,15
53,36,50,15,43,34,16,29,19,27
99,37,75,79,79,81,88,40,10,97
45,86,50,9,43,33,16,29,19,27
58,18,11,96,19,25,86,44,79,97
90,86,50,96,84,34,16,29,12,41
53,26,90,96,43,33,16,27,19,8
25,93,20,13,45,14,12,61,35,14
4,35,30,14,44,73,16,61,49,16
58,71,11,96,19,25,66,19,16,83
58,39,11,92,19,75,86,44,79,83
63,22,83,95,59,88,61,26,36,83
25,44,20,13,65,9,12,86,94,14
58,39,92,96,19,75,91,94,47,83
25,73,76,13,56,14,78,86,35,14
72,49,27,37,35,43,79,84,95,53
61,5,66,97,53,1,98,4,2,70
57,18,11,96,19,25,66,19,79,97
90,26,90,9,43,34,16,29,12,41
7,71,92,96,19,75,91,19,16,97
45,26,90,9,84,33,16,27,12,8
25,93,20,13,56,9,12,86,94,73
90,86,61,9,43,33,16,27,12,27
57,39,92,96,19,25,66,94,16,83
53,26,50,9,43,34,16,29,19,27
45,36,50,15,43,33,16,27,19,8
25,44,76,64,65,14,3,86,94,73
58,18,11,96,19,25,86,94,47,97
17,37,75,79,79,42,88,82,10,44
16,35,30,49,90,31,16,61,49,7
69,97,9,46,17,95,100,92,40,85
25,44,76,13,65,14,3,86,94,14
57,71,92,96,19,25,86,19,79,83
58,39,92,96,19,64,91,19,79,83
7,18,11,96,19,75,66,19,16,97
25,73,20,13,45,14,78,86,94,73
25,44,20,13,56,14,78,61,35,73
25,44,76,13,65,14,78,86,35,32
4,35,30,49,44,84,96,13,49,16
7,71,92,96,19,75,66,44,79,83
25,44,20,64,56,9,12,50,94,32
45,26,61,96,43,34,16,27,12,8
45,86,90,15,84,33,16,27,12,8
90,86,50,9,84,33,16,29,12,41
25,44,20,64,56,9,78,50,94,14
7,39,92,92,19,64,91,44,47,83
57,18,11,92,19,75,86,44,79,83
25,73,76,13,65,14,12,86,28,14
58,71,11,92,19,25,91,44,47,97
55,81,63,38,37,49,36,1,42,47
7,18,11,96,19,25,91,44,16,83
99,37,75,79,79,42,88,51,24,44
45,36,50,15,84,34,16,29,19,8
8,93,10,20,33,1,90,91,38,37
25,44,76,13,45,9,78,61,35,73
25,44,20,13,45,14,3,86,28,73
25,44,20,13,56,14,12,86,28,14
25,44,76,13,45,9,3,86,28,14
90,36,61,96,84,34,16,27,12,8
25,93,76,13,45,14,12,86,28,14
18,5,66,38,53,48,98,19,2,23
61,5,66,97,53,48,98,4,2,70
25,73,76,13,56,9,78,61,94,14
45,26,50,96,43,33,16,29,19,27
25,44,20,13,65,14,12,50,94,14
7,39,11,96,19,75,86,44,16,97
57,18,11,92,19,25,86,44,47,83
31,37,75,79,53,42,88,40,24,44
17,60,91,20,52,72,57,95,40,91
25,93,20,13,56,9,3,61,28,14
25,93,20,64,56,9,78,86,94,14
4,35,30,14,90,31,3,13,49,16
17,94,30,75,21,33,33,59,10,66
17,87,62,20,52,72,57,95,40,91
25,73,20,64,56,9,3,61,94,73
17,37,75,40,53,81,88,51,10,15
12,81,63,38,1,99,36,96,42,21
45,26,50,15,43,34,16,27,12,8
18,5,66,38,70,99,37,19,2,70
17,37,75,79,79,42,88,40,10,97
90,26,90,9,84,34,16,29,19,8
7,18,11,96,19,64,91,44,16,83
25,73,76,64,45,14,3,50,94,73
7,18,11,92,19,25,86,19,16,83
25,44,20,64,45,14,3,61,28,32
12,81,63,38,1,99,95,96,32,42
63,22,74,87,59,88,60,26,36,14
58,39,92,96,19,25,66,44,16,83
8,48,77,94,79,10,95,99,13,26
42,5,66,38,70,48,37,4,2,23
53,26,90,9,84,33,16,27,19,41
53,26,50,15,84,33,16,29,12,41
90,36,50,15,43,33,16,27,19,27
12,81,63,38,1,49,36,1,42,21
53,86,61,9,84,33,16,29,19,41
31,37,75,79,79,42,88,82,24,15
7,71,92,92,19,25,66,94,47,83
45,36,61,96,43,33,16,29,19,41
57,71,11,92,19,64,66,94,47,97
75,27,32,65,25,7,79,20,68,48
7,71,11,92,19,75,66,19,79,97
57,71,92,96,19,64,91,94,47,97
4,35,30,14,90,84,16,94,49,16
95,93,10,20,33,59,25,91,38,37
25,93,76,64,56,9,3,61,28,14
7,100,50,66,68,25,99,2,99,58
8,48,77,94,48,73,95,99,55,24
36,60,5,94,23,10,95,95,13,24
57,39,11,96,19,25,91,19,47,83
7,71,92,92,19,64,91,44,47,83
17,94,26,68,21,33,33,59,10,66
53,36,90,9,43,34,16,27,12,27
7,71,92,96,19,64,91,19,79,83
45,36,50,9,43,33,16,27,19,8
55,81,63,38,1,99,95,1,42,21
53,26,90,15,43,33,16,27,19,8
57,71,11,92,19,25,86,19,47,97
53,86,90,15,84,34,16,29,19,8
90,36,61,96,43,34,16,29,19,8
57,71,92,96,19,75,86,19,79,83
25,93,76,64,56,14,3,61,28,14
55,81,63,38,43,99,95,96,42,42
25,73,76,64,56,9,3,50,28,14
53,86,90,9,43,33,16,29,12,8
7,39,11,92,19,25,86,94,16,97
25,93,20,13,45,9,78,86,94,32
57,39,92,96,19,75,66,44,47,83
45,36,90,15,43,33,16,27,12,27
58,39,92,92,19,64,86,19,16,97
8,76,10,20,33,1,25,91,38,21
7,39,92,92,19,25,86,19,79,83
25,73,20,13,56,9,12,86,94,73
53,86,50,96,84,33,16,29,19,27
45,26,50,15,84,34,16,29,19,8
61,5,66,38,53,1,37,96,2,31
45,36,61,96,43,33,16,29,12,41
56,81,63,38,1,99,95,1,42,47
53,36,50,96,43,34,16,27,19,27
53,36,61,9,84,33,16,27,12,41
45,86,50,9,43,34,16,29,19,41
45,36,61,96,84,33,16,29,12,8
53,26,61,15,43,33,16,27,19,8
58,93,66,20,33,59,90,91,38,99
25,73,20,13,65,14,3,61,28,73
25,93,20,64,56,9,3,86,94,73
45,36,50,9,43,34,16,29,19,8
25,44,20,64,45,9,3,50,28,32
7,39,11,92,19,25,91,19,79,83
57,39,92,96,19,64,66,44,16,97
55,81,63,38,37,99,95,96,42,21
58,39,11,92,19,64,66,19,47,97
57,39,11,96,19,25,91,44,16,83
4,35,30,14,44,73,16,61,49,7
25,93,20,13,65,14,3,50,28,32
57,71,92,92,19,25,91,94,47,83
58,18,92,96,19,75,66,19,16,83
58,39,92,96,19,25,66,19,47,83
99,37,75,79,53,42,88,82,24,97
7,39,11,96,19,75,66,19,47,97
12,5,85,44,43,21,98,97,6,4
25,73,20,13,45,14,78,61,28,14
57,18,11,96,19,25,66,44,79,83
7,18,92,92,19,75,91,94,16,97
45,86,61,9,84,34,16,29,12,27
57,18,11,96,19,75,66,19,79,83
16,35,30,14,90,31,16,13,49,7
57,39,11,92,19,64,86,44,16,83
58,71,11,92,19,64,91,94,47,83
45,26,50,15,84,34,16,29,19,41
25,93,76,13,65,14,3,50,28,14
17,60,62,20,52,72,57,100,40,91
7,39,11,92,19,75,66,44,79,97
45,36,90,96,43,33,16,27,19,27
25,44,76,64,56,9,12,61,35,14
25,44,20,64,45,9,12,50,35,14
57,39,92,96,19,64,86,19,47,83
53,26,61,9,43,33,16,27,19,8
18,5,66,38,70,48,37,96,2,23
57,18,11,96,19,64,91,94,79,83
53,36,61,96,43,33,16,27,12,8
58,39,92,92,19,75,66,19,16,97
18,5,66,97,53,48,98,19,2,70
73,10,12,72,76,13,5,16,11,89
7,71,92,96,19,75,66,19,16,97
33,27,32,65,33,7,79,20,68,71
18,5,66,97,53,48,37,19,2,31
4,35,30,49,90,31,16,61,49,7
25,73,20,64,45,9,78,61,35,14
56,81,63,38,37,99,36,96,42,21
64,40,50,99,88,25,99,23,99,20
58,39,92,92,19,64,91,94,47,83
57,39,11,96,19,75,86,19,79,83
4,35,30,14,90,31,16,94,49,7
25,44,76,13,65,14,12,86,94,14
7,18,92,96,19,64,86,19,16,97
58,18,11,92,19,75,91,94,47,83
69,97,71,46,39,16,41,92,40,85
53,36,50,96,84,33,16,27,12,8
90,86,61,9,43,33,16,29,12,8
25,93,76,13,56,9,3,50,28,73
50,94,18,77,78,89,39,89,89,34
7,39,11,92,19,64,91,44,79,97
25,73,20,64,65,14,12,50,94,32
53,26,61,96,43,33,16,29,12,41
25,73,20,64,56,14,12,86,28,32
25,93,76,64,65,14,3,50,28,14
31,37,75,79,53,81,88,82,24,44
55,81,63,38,1,99,36,1,42,21
31,37,75,79,52,42,88,82,24,44
7,39,11,96,19,75,91,94,16,97
73,10,12,72,76,75,5,38,75,83
57,71,92,92,19,25,91,44,47,83
31,37,75,40,79,81,88,82,24,44
90,26,61,9,84,34,16,27,19,41
57,18,11,96,19,75,91,94,47,97
25,73,76,13,56,9,78,50,28,73
99,37,75,40,52,42,88,51,24,97
25,44,76,64,56,9,78,61,94,14
58,18,11,92,19,64,86,19,16,83
8,76,10,20,33,59,25,91,38,21
18,5,66,38,53,99,98,19,2,31
25,44,20,13,45,14,78,50,28,14
61,5,66,38,53,1,37,96,2,23
25,44,76,64,56,9,3,86,28,32
53,36,90,96,84,34,16,27,19,27
42,5,66,97,70,48,37,4,2,31
25,93,76,64,56,9,3,50,28,14
53,36,50,9,84,34,16,27,19,41
25,93,20,64,45,9,78,86,28,14
57,18,92,96,19,25,66,19,16,97
58,39,92,92,19,25,86,19,79,83
58,71,11,92,19,75,86,19,16,83
99,37,75,79,53,81,88,40,10,15
4,35,30,14,44,84,16,94,49,16
25,44,20,13,56,9,12,61,28,32
25,44,76,13,45,9,3,86,28,32
25,44,20,13,56,9,78,86,94,32
73,22,90,72,76,13,5,38,11,89
99,37,75,40,79,81,88,40,10,44
58,18,92,92,19,75,91,44,16,97
25,44,20,13,56,14,3,61,94,73
17,87,91,1,52,72,65,100,54,91
4,35,30,14,90,73,16,61,49,7
25,73,76,13,65,14,3,86,94,14
25,93,20,64,65,14,12,61,94,32
73,10,12,72,97,13,5,38,11,83
35,75,18,77,78,89,92,89,85,34
58,39,11,96,19,25,86,94,79,83
58,71,11,92,19,75,86,94,16,83
25,93,76,13,45,14,78,61,35,14
58,39,11,92,19,75,86,44,16,83
99,37,75,40,79,42,88,51,24,44
45,36,90,9,84,34,16,27,12,8
58,93,66,20,33,59,90,91,38,21
25,44,20,64,65,14,12,61,28,73
58,39,92,92,19,25,91,19,79,83
25,44,20,64,65,14,12,50,94,14
25,44,20,13,65,9,78,61,35,14
53,36,50,9,43,33,16,27,19,8
25,93,76,13,56,9,3,61,35,73
45,26,90,15,84,34,16,29,12,8
45,26,90,9,43,33,16,27,19,8
25,73,20,13,45,14,3,86,28,32
73,10,12,72,97,75,5,16,75,83
58,39,92,92,19,75,66,19,47,97
25,44,76,64,56,14,12,86,35,73
45,86,50,96,43,33,16,29,19,8
55,81,63,38,37,99,36,96,42,42
17,60,62,1,52,72,57,95,54,91
58,18,92,96,19,25,66,19,47,97
45,26,50,9,84,34,16,29,12,41
53,86,50,15,84,33,16,29,19,8
25,44,20,64,65,14,78,50,28,32
25,73,20,13,56,9,12,86,28,14
25,5,13,44,11,21,76,97,6,33
7,100,50,99,68,25,99,2,99,58
53,36,90,96,43,34,16,27,12,8
55,81,63,38,1,99,95,96,32,47
53,86,50,96,43,34,16,29,12,27
25,44,20,13,65,9,12,61,28,14
25,73,76,13,45,9,3,86,28,32
25,44,20,64,56,9,12,61,94,14
92,100,50,66,68,25,99,23,6,20
53,26,61,15,84,34,16,29,19,41
45,26,61,15,84,34,16,29,12,8
7,71,92,92,19,25,66,44,79,83
7,71,11,96,19,64,66,44,79,83
25,44,76,13,45,14,3,61,28,14
25,93,20,13,45,9,12,86,35,32
7,18,92,96,19,75,66,44,16,83
53,86,50,9,43,34,16,27,19,8
45,86,61,9,84,34,16,29,12,8
25,93,20,64,45,9,3,61,28,73
18,5,66,97,53,48,98,96,2,31
90,86,50,15,43,34,16,27,19,41
7,18,92,96,19,75,66,44,16,97
58,71,92,96,19,75,66,94,47,83
53,86,50,96,84,34,16,27,12,41
57,18,92,96,19,64,91,94,16,97
8,48,5,94,23,10,95,95,13,82
25,93,20,13,56,14,78,86,28,32
57,39,11,92,19,25,66,19,16,83
90,86,50,96,43,34,16,27,12,27
25,73,76,64,56,9,3,61,28,73
7,39,11,96,19,25,91,44,79,83
90,26,61,96,43,34,16,29,19,8
25,73,76,13,65,9,78,50,35,14
25,73,20,13,65,14,12,86,28,14
58,39,11,92,19,25,91,19,47,83
57,39,92,96,19,64,91,19,47,97
25,93,20,13,65,9,12,61,35,73
25,73,20,13,56,14,12,86,35,14
58,18,92,96,19,75,66,19,47,83
45,26,61,9,43,33,16,29,19,27
57,39,92,96,19,64,66,19,16,97
61,5,66,38,53,1,37,19,2,70
7,40,50,99,68,25,99,78,99,20
25,93,76,13,45,14,78,86,35,73
25,93,76,13,65,9,3,61,28,73
7,71,92,92,19,75,66,19,47,97
25,73,76,13,56,9,3,61,94,32
25,93,76,13,45,14,12,86,35,32
8,48,5,94,48,10,95,95,55,82
45,26,50,9,84,34,16,27,19,41
25,44,76,13,65,9,3,86,28,32
90,86,61,96,84,34,16,29,12,27
7,18,92,92,19,75,86,19,79,83
17,87,62,1,52,72,57,95,54,91
25,44,20,64,45,9,3,50,35,14
58,71,11,92,19,25,86,44,16,83
90,86,50,9,84,33,16,29,12,8
57,18,11,96,19,64,86,94,47,83
25,93,76,64,45,9,78,50,94,32
25,73,76,13,56,9,3,61,94,14
90,86,61,96,43,33,16,29,19,8
45,36,90,96,84,34,16,27,19,27
25,44,20,13,45,14,78,86,35,32
57,18,11,96,19,64,66,19,79,97
53,26,61,9,43,33,16,29,12,41
57,71,11,96,19,25,66,44,79,97
53,36,90,9,43,34,16,27,19,8
73,22,90,72,76,75,5,16,75,83
56,81,63,38,1,49,36,96,42,47
25,73,76,13,65,14,12,50,94,14
53,86,90,9,43,34,16,29,19,41
17,87,62,67,52,72,34,95,40,91
25,93,20,64,65,9,12,50,28,14
25,44,20,64,45,14,12,61,94,32
7,71,92,96,19,64,91,19,47,97
25,44,20,64,65,14,12,86,35,73
16,35,30,49,44,84,96,61,49,7
58,71,92,92,19,64,91,94,16,83
90,86,61,15,84,34,16,29,19,27
45,86,61,9,84,34,16,27,12,8
45,26,61,15,43,34,16,29,12,41
25,93,76,13,45,14,3,61,28,14
25,93,20,64,65,9,3,50,28,14
58,18,11,96,19,75,86,44,16,97
45,26,90,96,43,33,16,29,12,8
25,73,76,64,65,14,78,50,35,32
4,35,30,49,44,73,96,61,49,16
36,48,5,94,23,73,95,95,55,24
90,36,50,15,43,33,16,29,19,41
99,37,75,40,52,81,88,51,24,97
57,71,11,96,19,75,86,94,16,83
45,86,50,15,43,34,16,29,19,41
25,73,20,13,56,14,3,50,35,14
57,18,11,96,19,64,91,44,79,97
57,18,92,96,19,25,86,19,47,97
53,86,50,96,43,33,16,27,19,27
25,93,20,64,45,14,12,50,94,73
57,71,92,92,19,25,86,44,16,97
25,93,76,13,65,9,78,61,94,14
12,81,63,38,43,49,95,1,42,42
58,71,11,92,19,75,66,19,16,97
25,44,20,64,65,9,78,61,35,14
73,59,7,72,97,75,5,68,75,83
90,26,90,15,43,34,16,27,19,27
57,18,92,96,19,75,91,94,16,83
90,86,90,9,43,33,16,29,19,8
25,44,20,13,56,14,78,86,35,32
45,36,61,96,84,34,16,27,19,27
45,86,50,15,43,34,16,27,12,8
61,5,66,97,53,48,98,19,2,70
56,81,63,38,37,99,36,1,42,21
57,18,92,92,19,64,91,94,79,83
25,73,76,13,56,14,3,86,35,32
16,35,30,49,90,31,96,61,49,16
45,86,50,15,84,34,16,27,12,27
57,18,11,96,19,75,86,94,79,83
17,37,75,79,52,81,88,51,10,15
58,39,92,92,19,75,86,19,79,97
25,44,20,64,56,9,78,61,35,73
53,36,50,9,84,33,16,29,19,27
8,48,5,94,79,73,95,99,55,24
58,39,11,96,19,64,91,44,47,97
57,39,92,96,19,25,91,19,79,97
25,73,20,13,56,9,12,50,35,32
36,60,5,94,23,73,95,95,55,24
53,26,50,96,43,33,16,27,12,41
73,10,90,72,76,75,5,38,75,89
90,86,61,96,43,34,16,29,12,41
7,39,92,92,19,25,91,19,47,83
7,39,11,92,19,25,91,19,47,83
12,5,85,28,43,21,76,97,6,33
25,73,76,64,56,14,3,50,28,14
57,39,92,92,19,64,86,19,79,97
61,5,66,97,70,1,98,19,2,70
45,26,50,15,84,34,16,27,12,8
18,5,66,97,70,1,98,19,2,31
25,73,76,64,56,9,78,86,28,73
58,18,92,96,19,25,86,44,16,97
25,73,20,64,45,9,12,50,35,32
58,18,11,92,19,75,86,19,16,83
25,73,76,64,45,14,78,61,28,73
57,71,11,96,19,64,91,44,47,97
58,71,11,96,19,25,91,44,79,97
7,71,11,92,19,64,86,94,47,83
16,35,30,14,44,84,96,13,49,7
90,36,50,9,43,33,16,27,19,41
25,93,20,13,56,14,78,50,28,32
53,86,90,15,84,34,16,29,19,27
25,73,20,64,45,9,78,50,28,32
45,36,50,96,43,34,16,29,12,8
64,40,50,66,73,25,99,23,93,20
8,93,66,20,33,1,25,91,38,21
25,93,20,64,45,9,12,86,35,32
25,44,76,13,45,14,78,61,35,14
90,26,50,9,84,33,16,27,19,27
17,37,75,40,52,81,88,40,10,15
25,73,76,13,56,9,12,61,28,32
7,71,92,96,19,64,86,19,79,83
58,71,11,92,19,25,66,19,16,83
45,36,50,96,84,33,16,29,19,41
25,44,20,13,56,14,12,86,94,32
12,81,63,38,1,99,95,96,32,21
57,71,92,96,19,25,86,19,16,97
16,35,30,49,90,31,96,94,49,7
25,93,76,64,56,14,12,86,94,73
53,86,90,15,84,34,16,27,19,8
58,18,11,92,19,25,86,44,47,83
57,18,92,96,19,64,66,19,16,97
25,44,76,13,56,9,12,50,35,73
45,26,61,96,84,33,16,29,12,27
7,39,92,96,19,25,66,44,79,83
18,5,66,38,70,1,37,96,2,31
53,36,61,96,84,33,16,27,12,8
25,93,76,13,45,9,3,61,94,73
25,93,20,64,56,14,12,86,94,73
25,44,20,64,45,9,78,61,28,32
25,44,20,64,56,14,78,61,94,32
58,39,11,96,19,25,91,19,79,83
53,26,90,15,43,34,16,29,19,27
61,5,66,38,53,99,98,96,2,23
25,44,20,13,65,14,3,86,94,14
55,81,63,38,43,49,95,96,42,42
17,37,75,79,52,81,88,40,10,97
25,44,20,64,56,9,3,50,94,73
7,71,92,92,19,75,66,94,47,97
25,73,76,64,45,9,12,86,94,73
25,93,20,64,56,9,12,61,35,32
45,36,61,9,84,33,16,27,19,27
45,26,61,9,84,34,16,29,19,27
99,37,75,79,52,81,88,51,24,44
57,39,92,92,19,25,66,44,47,97
55,81,63,38,1,49,95,96,42,47
7,18,92,96,19,75,86,44,79,97
45,86,61,15,43,34,16,27,12,8
17,37,75,79,79,42,88,82,24,15
7,39,11,92,19,64,91,94,47,97
25,73,20,13,45,9,3,50,35,32
31,37,75,79,53,42,88,40,24,97
17,37,75,40,53,42,88,51,24,15
12,81,63,38,1,99,36,1,42,47
53,86,61,15,43,34,16,29,19,41
55,81,63,38,43,99,36,96,42,21
57,18,92,92,19,64,66,94,79,97
58,18,92,96,19,64,66,44,47,97
17,87,91,20,52,72,34,100,40,91
57,39,92,92,19,25,91,94,47,97
25,73,76,13,56,14,12,61,94,14
25,44,20,64,65,14,78,86,28,14
25,93,20,64,56,14,3,61,28,32
57,71,11,96,19,25,66,19,47,83
36,48,5,94,79,73,95,95,55,26
57,39,92,96,19,25,66,44,79,97
58,71,11,96,19,64,86,94,79,97
25,73,20,64,45,14,78,61,35,73
53,86,61,9,43,34,16,27,12,41
90,86,90,96,43,34,16,27,12,8
25,93,76,13,56,9,3,61,28,14
99,37,75,79,53,42,88,82,10,44
25,5,13,44,11,21,76,97,6,4
57,39,92,96,19,25,91,44,79,83
58,39,92,96,19,25,91,19,47,97
7,71,92,92,19,64,86,19,16,83
92,40,50,99,73,25,99,2,93,20
53,36,50,96,84,34,16,29,19,8
25,44,76,13,56,14,3,50,28,32
57,18,11,92,19,25,91,44,16,83
25,93,20,13,65,9,3,50,28,14
25,44,20,13,56,14,3,61,28,73
57,39,11,96,19,75,91,94,16,83
7,71,11,92,19,25,66,19,47,83
25,93,76,13,56,9,12,50,94,32
25,73,76,64,45,14,78,86,94,32
25,44,76,13,65,14,3,86,28,14
57,18,11,96,19,75,86,19,16,83
18,5,66,38,53,1,37,96,2,31
90,26,50,96,84,33,16,29,12,8
25,73,76,13,56,14,78,50,35,73
90,36,61,15,43,33,16,27,19,8
58,71,92,96,19,64,86,19,79,83
53,86,90,96,84,33,16,29,12,41
25,73,76,64,56,14,3,50,94,14
90,86,61,96,43,33,16,27,12,41
25,73,76,13,65,14,12,50,35,14
25,73,76,64,65,9,78,61,35,73
61,5,66,97,53,99,37,19,2,70
73,10,7,72,76,75,5,68,11,83
53,86,50,96,84,34,16,27,19,27
58,39,11,96,19,75,86,94,16,97
7,71,11,92,19,75,91,44,47,83
25,44,76,13,45,9,3,86,94,73
90,26,90,15,84,33,16,27,12,41
7,40,50,99,73,25,99,78,93,20
58,18,11,92,19,25,66,19,16,83
53,26,90,96,43,33,16,27,19,41
92,100,50,99,68,25,99,78,93,58
25,73,20,64,65,9,78,50,28,32
45,36,61,9,43,33,16,27,12,41
7,39,92,92,19,75,66,94,16,83
73,10,90,72,76,75,5,38,11,83
53,36,61,15,43,33,16,29,19,41
25,93,20,64,65,9,3,61,28,32
45,86,90,96,43,34,16,29,19,41
25,73,76,64,65,14,12,86,35,73
50,91,18,8,78,89,39,89,85,34
58,39,11,92,19,64,66,94,47,97
8,63,66,20,33,10,25,91,38,21
25,73,76,64,56,9,78,61,35,14
58,39,11,92,19,75,91,44,79,83
58,39,92,96,19,64,86,44,16,97
25,93,76,64,56,9,12,61,94,32
64,100,50,99,73,25,99,78,6,20
57,71,11,96,19,75,86,94,79,97
7,71,92,96,19,25,66,44,47,83
58,71,11,96,19,25,66,94,79,83
25,73,20,64,56,14,3,61,35,14
25,93,20,64,45,9,78,61,35,73
25,44,76,64,56,14,3,61,35,73
7,71,92,96,19,25,66,94,79,83
25,44,76,64,45,14,12,86,94,14
25,93,20,64,45,9,12,86,28,14
64,40,50,99,73,25,99,23,99,20
25,73,76,64,65,9,3,50,28,14
4,35,30,14,44,73,96,94,49,16
45,36,61,96,43,33,16,27,19,27
4,35,30,14,90,73,96,94,49,16
90,86,90,9,43,33,16,27,19,8
57,39,11,92,19,75,91,94,16,97
25,93,20,13,56,14,12,50,35,73
25,93,76,64,45,14,3,86,94,32
25,73,20,64,65,9,78,86,94,32
25,73,76,13,45,9,12,61,35,32
8,48,77,94,23,10,95,99,13,82
45,26,90,9,43,34,16,29,12,41
7,39,92,92,19,64,91,94,79,97
57,18,11,92,19,25,91,19,16,97
25,44,20,64,56,14,3,61,35,14
25,73,20,64,65,9,12,86,94,32
7,18,11,92,19,25,91,94,16,83
58,39,92,92,19,75,86,44,16,97
57,71,92,92,19,64,91,44,79,97
90,26,90,96,84,33,16,27,19,41
36,60,77,94,48,73,95,95,13,26
57,18,11,96,19,25,91,44,16,97
25,44,20,64,45,14,78,86,35,73
53,86,50,9,43,33,16,29,12,41
25,73,20,64,65,14,3,86,28,14
57,18,11,92,19,25,66,19,47,97
25,93,76,64,45,14,12,86,35,73
25,93,76,13,65,9,3,86,28,73
58,39,11,96,19,25,66,19,16,83
90,86,90,15,84,33,16,29,19,8
25,44,20,13,56,9,78,50,28,32
25,44,20,13,65,9,3,50,35,14
53,36,61,9,84,33,16,29,12,8
90,36,90,96,84,33,16,27,12,41
7,39,11,92,19,75,91,19,16,83
25,73,20,13,45,14,78,61,94,14
57,71,11,96,19,25,91,19,79,83
25,73,20,64,56,9,78,61,94,14
53,86,50,15,43,34,16,29,12,27
53,36,90,9,84,34,16,29,12,41
53,26,90,96,84,34,16,29,19,41
57,39,92,96,19,25,66,19,79,97
57,18,11,92,19,25,91,94,79,97
58,39,11,96,19,25,66,94,16,83
17,37,75,79,53,42,88,82,10,15
25,93,20,13,65,14,3,50,94,32
25,44,76,13,65,9,78,50,28,73
25,73,20,13,65,14,12,61,35,73
25,44,20,64,45,14,12,61,35,73
58,18,92,96,19,25,86,94,16,83
25,93,20,64,56,14,78,61,35,32
45,26,50,96,43,33,16,27,12,8
64,100,50,66,68,25,99,23,6,58
57,18,92,96,19,25,91,19,47,97
25,73,76,13,56,14,78,50,94,14
64,40,50,66,68,25,99,2,99,58
53,36,61,9,84,33,16,27,19,41
25,73,76,64,65,9,78,86,94,14
18,5,66,97,70,48,98,96,2,31
8,60,5,94,79,10,95,99,13,26
58,18,92,92,19,75,86,94,47,83
87,97,3,46,17,95,100,92,40,85
99,37,75,79,52,81,88,51,10,97
92,40,50,66,88,25,99,2,99,58
57,39,11,96,19,64,66,19,47,97
90,36,90,96,43,33,16,27,19,8
58,39,11,96,19,75,66,44,47,97
25,44,20,64,65,9,12,50,35,14
45,36,61,15,43,34,16,29,12,8
7,18,11,96,19,75,86,94,79,83
75,27,32,91,33,7,8,20,68,71
57,18,11,96,19,64,91,19,16,83
7,18,11,96,19,64,86,19,79,83
25,44,76,13,56,9,78,50,94,73
58,18,11,92,19,75,91,19,47,97
57,18,11,96,19,64,91,19,79,83
25,44,20,64,56,9,3,86,28,14
18,5,66,38,70,48,37,19,2,23
7,39,92,92,19,75,66,94,79,83
58,39,11,96,19,64,86,94,79,83
73,10,12,72,97,13,5,38,75,83
25,93,76,64,45,9,78,86,28,14
25,93,20,64,65,9,78,86,35,73
90,36,61,96,43,33,16,29,12,8
58,71,92,92,19,75,86,94,47,97
58,18,11,92,19,75,66,19,79,97
7,18,11,96,19,25,91,19,47,83
45,26,61,15,84,34,16,29,12,27
25,73,76,13,56,9,12,61,94,14
16,35,30,14,44,84,3,61,49,7
7,71,11,92,19,64,91,44,16,97
53,26,50,9,84,34,16,27,19,8
45,36,61,15,43,34,16,27,12,8
31,37,75,79,52,42,88,40,10,15
31,37,75,40,79,42,88,40,24,97
25,44,20,64,65,14,3,86,94,32
25,44,20,13,65,9,12,61,94,32
57,18,11,92,19,75,86,44,47,97
90,36,90,9,43,33,16,29,19,27
57,39,92,96,19,75,86,19,16,83
90,26,61,96,43,34,16,27,12,41
25,73,20,64,45,14,12,50,94,32
90,36,61,9,43,33,16,27,19,41
90,86,61,96,43,34,16,27,12,8
25,73,20,64,65,9,12,86,35,14
58,18,11,96,19,64,86,94,16,97
92,100,50,99,73,25,99,23,93,20
25,93,20,64,56,14,12,61,28,73
7,39,92,92,19,75,66,44,47,97
53,26,50,96,84,33,16,27,12,27
73,10,7,72,76,13,5,16,75,83
25,93,20,64,56,14,12,50,28,32
25,93,20,13,56,9,78,50,28,73
45,26,50,96,84,33,16,29,19,27
25,73,20,64,56,9,78,50,28,32
25,44,20,13,45,14,12,86,35,73
73,22,90,72,76,13,5,16,11,89
53,36,61,96,43,34,16,29,19,8
25,73,20,64,65,14,78,86,28,14
25,93,20,64,56,9,3,61,28,73
90,86,50,9,84,34,16,27,19,27
58,18,11,92,19,64,91,44,16,97
25,93,76,13,56,14,78,86,35,32
25,73,20,13,56,14,12,61,94,14
58,18,92,92,19,25,86,94,16,97
25,44,76,64,65,14,12,86,35,32
25,73,20,13,65,14,78,61,35,14
25,93,76,64,45,14,3,61,28,32
25,93,76,13,65,14,3,61,35,73
25,5,85,44,43,21,76,97,6,4
64,40,50,99,68,25,99,23,99,58
36,60,77,94,23,73,95,95,55,24
25,5,13,28,11,21,76,97,6,33
58,18,92,96,19,75,66,19,79,97
25,93,76,64,65,9,78,86,35,14
7,39,11,96,19,25,91,44,47,97
31,37,75,40,79,42,88,51,24,15
58,18,11,96,19,64,86,19,47,83
57,39,11,92,19,25,91,19,47,83
17,87,62,20,52,72,34,95,40,91
57,71,11,92,19,75,86,44,79,83
25,44,20,13,56,9,78,86,28,73
45,26,90,15,43,34,16,27,19,8
8,60,5,94,79,10,95,99,13,24
45,36,50,96,43,34,16,27,12,8
7,71,92,96,19,75,91,94,79,97
58,39,92,92,19,64,91,44,16,97
53,26,50,96,43,34,16,29,19,41
90,26,90,9,84,34,16,29,12,41
45,86,90,15,43,33,16,29,19,8
58,71,92,96,19,75,66,94,16,83
61,5,66,38,70,48,37,96,2,70
42,5,66,38,70,99,98,19,2,70
53,86,50,96,43,33,16,27,12,41
17,60,56,67,52,72,65,100,54,91
18,5,66,97,53,99,37,4,2,70
25,73,76,13,56,9,78,50,35,32
45,36,50,15,43,33,16,27,12,8
7,18,92,92,19,25,66,94,47,83
73,22,7,72,76,75,5,16,75,83
45,36,61,15,43,33,16,29,12,8
90,86,90,9,43,33,16,27,12,27
25,73,76,64,45,14,12,50,35,14
90,26,61,15,43,33,16,29,19,41
58,18,11,92,19,75,66,44,79,97
25,93,76,13,65,9,3,50,28,32
58,39,11,92,19,25,91,94,79,97
25,44,76,64,56,14,78,50,35,73
90,26,61,96,84,34,16,29,19,8
25,93,76,13,56,14,3,61,28,14
53,26,61,9,43,34,16,27,19,8
53,86,61,96,43,34,16,27,12,27
7,39,11,96,19,64,91,19,47,83
58,63,10,20,33,1,25,91,38,99
45,36,61,15,84,33,16,27,12,41
53,86,61,96,43,33,16,27,12,41
45,36,50,15,84,33,16,27,19,8
25,44,76,64,65,9,78,86,35,14
25,44,20,13,65,14,3,50,28,14
25,73,76,13,45,9,78,86,94,73
90,86,61,96,43,33,16,29,19,27
7,18,92,96,19,25,86,44,79,97
45,86,61,9,84,34,16,29,19,41
90,36,61,15,84,34,16,27,19,27
64,100,50,66,68,25,99,23,99,58
25,44,76,64,56,9,12,61,94,14
53,86,90,96,84,33,16,29,12,27
58,39,92,96,19,75,86,19,47,83
87,97,3,46,17,16,41,92,40,85
58,18,11,96,19,64,86,19,79,83
58,18,92,92,19,64,91,19,16,97
61,5,66,38,53,48,37,96,2,70
25,93,76,13,45,9,78,86,94,32
31,37,75,79,53,42,88,51,10,44
57,39,92,92,19,75,66,44,79,97
73,10,12,72,97,13,5,68,11,83
90,86,61,9,84,34,16,29,12,8
58,18,11,92,19,75,86,94,47,97
53,86,61,9,43,34,16,29,12,41
25,93,20,64,45,14,12,61,35,14
25,93,76,64,56,14,12,50,35,73
7,40,50,66,73,25,99,78,6,20
58,93,66,20,33,59,25,91,38,99
53,86,90,96,43,34,16,27,19,41
45,36,90,15,43,33,16,29,19,41
57,39,92,96,19,25,91,44,79,97
73,10,12,72,97,13,5,16,75,83
42,5,66,97,70,48,98,96,2,70
90,86,50,15,43,33,16,27,19,27
25,73,20,64,45,14,3,86,94,32
57,18,11,92,19,25,86,19,79,97
25,44,20,64,65,9,78,50,94,32
95,76,10,20,33,59,25,91,38,99
25,93,76,13,56,9,78,50,94,32
25,73,76,13,45,14,12,86,94,14
25,73,76,13,56,14,12,50,28,73
25,73,76,13,56,9,78,61,35,73
25,93,20,64,56,14,3,50,94,14
45,36,50,9,43,34,16,27,12,27
87,97,71,46,39,16,100,92,40,85
90,36,50,15,43,34,16,29,12,8
7,71,92,96,19,64,86,44,47,97
25,73,76,64,56,9,78,61,28,14
25,93,76,13,56,9,3,86,35,14
55,81,63,38,1,99,95,1,32,47
58,76,10,20,33,1,25,91,38,99
25,93,76,13,45,14,12,61,28,73
57,71,11,96,19,64,91,44,79,97
57,71,11,96,19,25,91,94,16,83
25,93,76,13,45,14,78,86,94,73
25,73,20,64,45,9,3,61,94,32
90,36,90,15,84,33,16,29,12,27
90,26,50,9,84,34,16,29,12,8
45,86,61,9,43,33,16,27,12,27
8,48,5,94,79,10,95,99,55,24
25,93,20,64,56,9,78,61,28,32
25,93,76,13,65,9,78,50,94,14
57,39,11,92,19,64,66,44,79,83
90,26,61,9,43,33,16,27,12,41
53,26,90,9,43,33,16,29,12,27
7,18,92,92,19,64,91,44,16,97
7,18,11,96,19,25,66,44,47,83
75,27,32,91,25,48,79,20,68,48
25,93,20,64,45,9,78,50,94,73
25,93,20,64,45,14,78,86,94,73
57,39,92,96,19,25,86,44,79,83
42,5,66,97,70,99,37,96,2,31
90,86,90,9,84,34,16,29,19,41
7,18,11,92,19,64,91,19,47,83
53,36,50,15,84,34,16,29,12,27
25,44,20,64,45,14,3,61,28,73
18,5,66,38,70,1,37,19,2,70
90,26,50,15,43,33,16,29,19,41
12,5,20,44,48,21,98,97,6,6
12,81,63,38,43,49,36,1,42,42
7,71,92,92,19,75,86,19,16,97
25,5,20,44,48,21,76,97,6,6
45,86,50,96,43,33,16,29,12,27
25,93,76,13,56,9,3,86,94,14
45,36,61,15,43,33,16,27,19,27
45,86,90,9,84,33,16,27,12,8
25,73,76,64,65,9,12,50,35,14
57,18,92,92,19,25,66,94,47,97
90,26,61,96,43,33,16,27,19,41
58,39,11,96,19,25,86,19,79,83
57,71,11,96,19,25,91,19,47,83
7,39,92,96,19,75,91,44,47,83
25,93,76,13,45,9,78,86,94,73
25,44,76,13,65,9,12,50,28,32
73,10,12,72,97,75,5,16,11,83
25,93,20,13,45,14,3,50,35,73
90,26,50,15,84,33,16,29,12,27
25,44,20,13,45,14,3,86,94,14
7,18,11,96,19,75,66,94,16,83
73,59,90,72,76,13,5,16,11,83
73,22,12,72,97,13,5,38,11,89
73,22,12,72,97,75,5,16,11,89
92,40,50,99,88,25,99,2,6,58
25,73,76,13,65,14,3,50,28,32
90,26,90,15,84,34,16,27,19,41
17,37,75,40,79,81,88,40,24,97
64,100,50,66,88,25,99,2,6,58
73,22,7,72,76,75,5,38,75,89
57,71,11,96,19,64,86,19,16,83
99,37,75,79,52,81,88,51,10,44
58,18,11,96,19,64,86,94,47,97
57,71,11,96,19,25,86,44,79,83
73,59,7,72,76,75,5,38,11,83
25,73,20,64,45,9,12,86,35,14
25,73,20,64,65,9,78,86,94,14
25,73,20,64,45,9,78,50,35,14
99,37,75,40,79,81,88,51,10,44
33,27,32,65,25,7,79,20,68,48
58,71,92,92,19,75,91,19,47,83
58,39,11,96,19,25,86,19,79,97
45,26,61,9,43,33,16,27,12,27
56,81,63,38,1,49,36,1,42,21
7,18,92,92,19,25,91,44,47,83
90,86,50,9,43,34,16,29,12,27
45,86,50,9,43,34,16,29,19,27
90,26,90,15,84,33,16,27,19,27
73,22,90,72,97,13,5,68,75,83
25,44,76,13,56,14,78,50,28,14
7,39,92,96,19,25,66,44,16,97
25,44,76,64,56,14,12,86,35,32
90,36,61,96,43,33,16,27,12,41
25,73,20,64,65,9,3,61,94,32
7,39,11,96,19,75,86,94,16,83
45,86,61,9,84,33,16,27,19,41
57,39,92,92,19,25,91,19,47,97
7,71,92,92,19,25,66,94,79,83
58,39,11,92,19,64,91,94,79,97
8,48,5,94,79,73,95,95,55,82
90,26,50,96,43,34,16,29,19,41
7,18,92,96,19,75,66,19,47,83
25,44,76,13,45,14,12,50,94,73
12,5,20,44,43,21,98,97,6,6
45,26,50,96,43,33,16,29,19,41
8,60,77,94,79,73,95,95,55,26
25,93,20,13,56,9,12,50,35,14
63,22,91,95,59,88,61,100,32,83
7,100,50,99,68,25,99,2,93,58
25,73,76,64,45,9,12,86,94,14
42,5,66,97,70,1,98,19,2,23
8,48,77,94,79,73,95,95,13,24
90,36,90,9,84,33,16,27,12,27
36,48,77,94,48,10,95,95,13,82
25,93,76,64,56,9,78,86,35,73
7,100,50,99,73,25,99,23,6,58
58,39,92,92,19,75,91,94,79,83
57,71,92,92,19,64,86,19,47,97
57,39,92,92,19,25,66,19,79,83
7,39,11,92,19,75,66,19,16,97
25,73,20,64,65,14,12,50,94,73
31,37,75,40,52,42,88,40,10,97
45,36,50,96,43,33,16,29,12,8
95,93,66,20,33,10,90,91,38,99
57,39,92,96,19,25,66,44,16,83
53,36,90,15,84,34,16,27,19,41
92,40,50,99,88,25,99,23,99,20
4,35,30,49,44,31,3,94,49,7
25,93,20,13,56,9,12,50,28,14
25,44,20,13,65,9,12,61,28,73
7,39,11,92,19,64,86,19,16,83
25,93,20,13,65,14,3,50,28,73
7,18,92,96,19,64,66,44,79,97
25,73,76,64,56,14,3,50,94,32
57,18,92,92,19,64,91,94,47,83
25,93,76,64,45,14,12,50,94,14
58,71,92,92,19,64,66,94,16,83
25,93,20,64,45,14,12,61,94,32
55,81,63,38,43,49,95,96,42,21
57,18,11,92,19,25,66,44,79,83
45,26,50,9,84,33,16,29,19,8
7,18,92,96,19,75,91,44,16,83
45,36,61,96,43,34,16,29,12,41
25,73,20,13,65,9,78,50,35,14
12,81,63,38,43,49,95,96,32,47
57,39,11,92,19,64,91,19,79,83
25,93,20,64,45,9,12,50,94,32
7,39,11,92,19,64,66,94,47,83
31,37,75,79,79,81,88,40,24,15
57,39,11,96,19,25,66,19,16,97
90,26,50,9,84,34,16,27,12,27
17,60,56,20,52,72,65,100,54,91
25,73,20,64,45,9,3,50,94,32
90,36,50,96,43,34,16,29,12,41
25,93,76,13,56,9,12,61,35,14
25,93,76,13,65,9,78,61,94,32
90,36,90,9,84,34,16,29,19,27
25,44,76,13,65,14,12,86,28,14
64,40,50,99,73,25,99,23,6,20
25,73,76,13,45,14,3,86,28,14
25,44,20,64,56,14,3,86,94,73
25,44,20,13,65,9,12,61,94,14
45,36,50,15,84,33,16,29,19,27
12,81,63,38,43,49,36,1,42,21
25,93,20,13,45,9,12,50,94,14
16,35,30,14,90,31,96,13,49,7
25,93,20,64,45,14,12,86,94,32
25,73,20,64,45,14,78,86,28,14
7,71,92,92,19,64,91,19,47,83
17,37,75,40,52,81,88,40,24,97
53,26,50,96,84,34,16,29,12,27
25,93,20,13,65,14,12,50,94,32
25,73,20,64,56,9,12,61,35,73
90,86,50,96,84,33,16,29,19,27
7,71,11,92,19,64,86,19,16,97
58,18,92,96,19,75,86,44,79,97
90,26,90,96,43,33,16,27,12,27
25,44,20,64,45,9,78,50,94,14
73,10,7,72,76,75,5,68,75,83
7,39,11,92,19,25,91,19,47,97
92,40,50,99,68,25,99,2,99,20
53,86,50,9,84,33,16,27,12,41
90,36,61,9,84,33,16,29,19,8
75,27,32,91,25,67,8,20,68,71
64,100,50,66,73,25,99,78,99,20
25,93,76,13,56,14,78,50,94,14
45,36,90,96,43,33,16,29,12,41
58,71,11,92,19,25,91,94,79,97
25,93,20,13,56,9,78,86,35,73
58,71,11,92,19,64,91,44,47,83
7,18,92,92,19,25,66,44,47,97
56,81,63,38,1,99,36,1,42,21
73,59,90,72,76,75,5,38,75,83
58,18,11,92,19,64,91,44,47,83
53,26,61,9,43,33,16,29,19,8
25,44,76,64,45,14,3,86,28,14
25,44,76,64,56,14,12,50,94,14
45,26,50,9,43,33,16,27,12,8
31,37,75,79,79,42,88,51,10,44
25,73,76,13,45,14,3,86,94,32
58,39,92,92,19,75,86,19,16,83
58,39,11,92,19,25,91,44,16,97
25,73,76,13,65,14,78,50,35,73
58,18,92,96,19,75,66,44,79,83
53,26,61,9,84,33,16,29,19,27
95,93,10,20,33,10,25,91,38,21
25,93,20,64,65,9,12,50,94,73
25,44,76,13,65,9,3,61,94,32
17,60,62,1,52,72,34,100,46,91
7,39,11,92,19,75,91,44,79,97
56,81,63,38,43,49,95,96,42,21
25,44,20,13,56,14,3,61,35,73
57,18,11,92,19,64,86,19,16,97
4,35,30,49,44,84,3,13,49,16
25,44,76,64,45,14,3,86,35,14
17,37,75,40,79,42,88,40,10,15
25,93,76,13,65,9,12,61,28,14
25,44,20,64,56,14,12,50,35,73
58,18,11,96,19,75,91,19,47,83
7,39,92,96,19,64,86,19,79,83
7,18,92,96,19,75,66,44,79,83
58,71,92,96,19,25,66,44,16,97
58,18,92,92,19,64,91,94,47,83
57,71,11,96,19,64,86,44,79,97
55,81,63,38,37,99,95,1,42,21
73,10,90,72,76,75,5,68,75,89
90,36,50,15,43,33,16,29,19,27
55,81,63,38,37,49,95,96,42,21
25,44,76,13,45,9,3,61,94,32
56,81,63,38,37,99,36,1,42,42
7,39,92,92,19,25,66,19,47,83
58,39,11,96,19,75,66,94,79,97
7,18,11,92,19,75,91,94,16,83
7,71,11,96,19,25,91,94,16,83
25,93,20,13,56,9,3,86,35,32
42,5,66,97,53,1,98,96,2,23
25,73,76,64,45,9,3,86,35,73
57,39,92,96,19,75,86,19,47,83
25,44,20,13,45,14,12,86,35,32
99,37,75,40,52,81,88,40,24,15
45,36,50,9,84,34,16,27,19,8
58,18,92,96,19,64,86,44,16,83
58,18,92,96,19,64,66,94,47,83
73,59,90,72,97,75,5,16,75,89
25,44,76,64,65,14,12,50,28,73
25,73,20,13,45,9,12,86,94,73
7,18,92,92,19,75,86,44,47,97
58,18,92,92,19,25,66,19,16,83
25,93,20,64,45,14,78,86,28,14
25,44,76,13,45,9,78,61,94,14
25,44,76,64,65,14,3,86,35,32
58,71,92,92,19,75,66,19,79,97
25,93,76,13,45,14,12,50,94,32
57,18,92,96,19,64,66,44,16,83
25,44,20,13,45,14,3,86,28,14
58,18,92,96,19,64,86,19,16,83
57,71,11,96,19,75,86,19,79,97
12,81,63,38,43,49,36,96,32,42
25,44,20,64,65,14,3,50,94,73
45,86,61,9,84,34,16,27,19,27
45,26,90,9,84,34,16,27,12,8
25,44,20,13,65,9,78,61,35,73
58,18,92,96,19,64,66,19,16,83
92,40,50,66,88,25,99,23,93,20
45,26,50,15,84,34,16,29,12,41
25,44,76,13,56,14,78,50,28,32
7,18,92,92,19,64,86,19,79,83
25,44,20,64,56,9,12,61,35,73
7,71,92,92,19,25,66,44,79,97
58,39,92,96,19,25,91,19,47,83
7,18,92,92,19,75,86,94,47,83
25,93,76,64,45,9,12,61,28,32
58,39,92,92,19,64,86,44,16,97
7,39,11,96,19,25,66,44,79,83
7,18,11,92,19,75,66,44,79,83
53,36,61,9,43,33,16,27,19,41
17,60,62,1,52,72,65,95,54,91
25,73,20,13,45,9,3,50,94,14
73,59,7,72,97,75,5,68,75,89
92,40,50,66,73,25,99,78,99,20
58,18,11,96,19,25,86,19,79,83
57,39,11,96,19,64,66,44,47,83
45,86,61,15,84,34,16,29,12,27
90,26,90,96,84,34,16,29,19,41
25,73,20,64,56,9,78,61,28,73
25,93,76,64,65,14,3,61,94,73
53,36,61,9,84,34,16,27,19,41
25,73,20,13,45,14,78,86,28,14
45,26,50,15,43,33,16,29,12,27
90,86,61,9,43,33,16,27,19,8
57,71,11,92,19,25,91,94,79,83
25,44,20,13,65,14,78,61,35,32
25,44,20,13,45,14,12,61,94,32
87,94,86,68,21,76,33,59,75,66
25,73,20,64,45,14,78,50,94,32
25,73,76,13,45,14,78,86,94,73
45,26,90,15,84,33,16,29,19,8
17,87,62,67,52,72,34,95,54,91
25,93,76,13,65,14,12,86,28,14
25,93,20,13,65,14,12,61,28,73
90,36,50,15,84,33,16,27,12,27
57,18,11,96,19,75,91,94,79,97
92,100,50,99,68,25,99,23,6,20
45,26,61,9,43,33,16,27,12,41
57,71,92,96,19,64,91,19,16,97
25,93,76,64,65,9,3,61,28,14
57,39,11,92,19,64,66,94,79,83
58,18,11,96,19,25,66,19,47,97
45,86,90,15,84,33,16,27,12,41
25,73,76,13,65,9,78,86,28,73
25,44,20,13,56,9,3,50,28,73
31,37,75,40,53,42,88,40,10,44
7,39,92,92,19,75,86,94,47,97
57,71,11,92,19,64,66,44,16,83
25,44,76,13,65,9,3,86,35,73
25,93,20,64,65,9,78,61,35,14
53,86,61,96,43,34,16,29,19,8
25,73,20,13,65,14,12,61,35,32
53,36,90,15,43,34,16,27,19,41
53,86,61,15,84,34,16,29,19,8
25,93,20,64,45,9,12,61,28,73
90,36,90,15,84,34,16,29,12,27
25,93,20,64,56,9,78,50,35,73
25,73,20,64,65,9,12,61,94,14
17,87,91,20,52,72,57,100,46,91
25,73,76,13,65,9,78,86,94,32
25,44,20,64,56,14,12,86,94,32
25,44,76,64,45,14,3,50,35,73
25,73,76,13,65,14,12,61,94,73
42,5,66,97,53,1,98,96,2,31
90,86,61,9,43,34,16,27,12,41
7,71,92,96,19,64,66,94,79,83
45,26,90,96,43,33,16,27,19,27
7,71,92,96,19,25,91,44,16,83
25,73,20,64,45,9,78,61,35,73
7,71,92,92,19,25,66,19,47,83
25,73,20,13,56,14,3,86,35,14
17,60,56,1,52,72,34,100,54,91
25,73,76,64,56,9,78,50,28,14
56,81,63,38,1,99,95,96,32,21
17,87,56,67,52,72,65,95,54,91
73,22,12,72,97,13,5,16,11,89
7,71,11,92,19,64,86,94,16,97
25,73,76,64,65,9,78,50,35,32
53,26,90,15,84,34,16,29,12,8
58,71,92,92,19,25,91,44,79,97
73,22,12,72,76,13,5,16,75,83
25,73,76,64,45,14,3,50,28,14
45,86,90,96,43,33,16,29,12,41
45,36,61,96,43,33,16,27,19,41
25,44,20,64,56,14,78,61,94,73
31,37,75,40,52,81,88,40,10,44
7,100,50,66,73,25,99,78,99,20
45,26,90,9,84,33,16,27,12,41
42,5,66,38,70,99,98,19,2,23
57,71,11,92,19,75,91,44,16,83
58,71,11,92,19,75,91,44,47,97
69,97,71,46,39,95,41,92,40,85
25,44,20,64,65,9,12,61,35,32
4,35,30,49,90,73,3,94,49,16
90,26,90,15,84,33,16,29,19,41
90,86,61,9,84,34,16,29,19,8
58,39,92,96,19,75,66,19,79,83
25,73,20,64,56,9,3,86,94,73
58,71,92,92,19,25,91,94,79,83
4,35,30,49,90,31,16,13,49,7
53,26,90,9,43,34,16,27,19,27
73,10,90,72,76,75,5,38,11,89
58,18,92,96,19,25,91,19,47,83
25,44,20,64,45,14,12,50,35,14
50,94,18,8,78,89,39,89,85,34
17,37,75,79,53,42,88,51,10,15
25,44,20,64,45,9,78,50,28,73
25,93,76,64,56,14,3,86,94,73
58,18,11,96,19,25,86,44,79,83
17,37,75,79,53,42,88,40,10,44
8,93,66,20,33,1,90,91,38,99
7,39,11,92,19,75,86,44,79,83
45,86,90,9,43,33,16,29,19,8
12,81,63,38,1,99,95,1,32,21
57,39,92,92,19,75,86,19,47,83
25,73,76,64,65,14,12,50,28,32
45,86,61,96,84,33,16,29,19,41
7,71,11,96,19,75,66,44,16,97
25,93,20,64,45,14,3,61,94,73
57,71,11,96,19,25,86,94,47,83
25,73,20,64,56,14,3,86,94,14
7,39,11,96,19,75,66,19,16,97
7,18,92,96,19,64,86,19,47,83
45,26,50,96,43,33,16,29,12,8
36,60,5,94,23,73,95,99,55,24
25,93,76,64,65,14,12,50,28,73
45,26,50,9,84,33,16,27,19,27
25,73,20,13,65,14,78,86,28,14
25,73,20,13,65,14,78,86,94,32
25,73,20,13,56,9,12,86,35,14
25,44,76,13,65,9,12,50,35,73
45,36,61,96,43,34,16,27,19,8
31,37,75,40,53,81,88,51,24,15
57,71,92,96,19,75,86,19,47,97
57,39,11,96,19,75,91,44,79,97
53,36,90,96,84,33,16,27,19,41
25,93,20,64,56,9,78,86,28,73
7,18,11,96,19,75,91,19,47,97
63,22,74,95,59,88,67,26,32,83
45,26,90,96,84,34,16,29,19,8
25,93,76,64,65,9,3,61,35,73
90,86,61,15,84,33,16,27,19,41
57,39,11,96,19,64,86,94,47,97
58,39,11,92,19,25,86,19,79,97
42,5,66,97,70,1,37,4,2,31
7,39,11,96,19,64,86,19,79,97
25,73,76,13,45,14,12,50,94,32
7,18,11,96,19,64,66,44,47,97
58,71,92,92,19,64,66,19,47,83
57,18,92,92,19,64,91,44,47,83
25,73,20,64,65,9,12,61,28,14
90,86,90,9,43,34,16,27,19,8
17,60,56,1,52,72,34,95,54,91
25,44,76,64,65,9,3,86,94,73
25,44,76,64,45,14,12,86,94,32
25,44,20,13,56,14,3,50,94,14
25,44,20,13,56,14,3,86,28,32
58,18,11,96,19,64,66,94,16,83
92,40,50,99,88,25,99,78,99,20
58,71,11,96,19,75,91,19,16,83
31,37,75,79,52,81,88,82,24,97
25,44,20,13,56,14,78,61,94,73
87,94,30,68,21,33,33,59,75,66
58,71,92,96,19,64,91,19,16,83
8,60,5,94,23,10,95,99,55,24
63,22,91,95,59,88,61,26,36,83
58,71,11,96,19,64,91,44,79,97
53,36,90,15,84,33,16,27,19,27
18,5,66,38,53,99,37,19,2,23
7,71,92,92,19,64,66,19,47,83
25,93,76,13,65,14,3,50,35,32
12,81,63,38,43,49,36,1,32,47
57,71,92,92,19,75,91,44,79,97
90,26,90,9,84,34,16,27,12,27
99,37,75,40,52,42,88,40,24,15
25,44,20,13,56,14,12,86,35,14
25,93,76,13,65,14,3,61,94,32
57,71,92,92,19,64,86,44,16,97
90,86,50,96,84,33,16,29,19,8
25,73,76,13,65,9,12,61,35,14
25,44,20,13,45,9,12,86,35,14
25,93,20,64,56,14,3,50,94,32
25,44,20,64,56,14,12,86,35,73
7,71,11,92,19,75,66,94,16,97
57,39,92,92,19,64,66,19,79,97
50,94,18,77,78,89,33,89,89,34
25,93,76,13,65,14,3,61,28,14
53,26,50,9,43,34,16,27,12,41
90,26,61,96,84,33,16,27,19,27
56,81,63,38,43,99,36,1,32,47
45,36,50,9,84,33,16,27,19,41
58,39,92,96,19,25,66,94,16,83
57,39,11,96,19,25,66,19,16,83
53,26,61,9,84,33,16,27,12,8
25,93,20,13,65,9,3,61,94,73
8,60,77,94,79,10,95,95,55,82
7,18,11,96,19,75,91,94,79,83
58,18,11,96,19,25,86,94,16,97
63,22,83,95,59,88,60,100,36,83
31,37,75,40,79,42,88,82,10,44
90,36,61,15,84,34,16,27,12,41
57,18,11,92,19,25,66,44,16,97
25,44,76,64,56,9,12,86,94,14
25,44,76,64,56,9,78,86,94,14
25,44,76,64,65,9,12,61,94,14
90,86,90,96,84,34,16,27,19,8
7,18,92,92,19,25,86,19,79,83
25,73,20,13,45,14,12,50,28,73
7,18,92,92,19,75,91,19,16,97
7,18,92,96,19,64,66,19,47,97
12,81,63,38,43,99,95,96,32,21
25,93,76,13,45,14,78,50,35,32
25,44,20,13,45,14,78,50,94,73
45,36,50,9,84,33,16,29,12,27
45,86,90,9,84,33,16,29,19,27
25,93,20,13,45,9,12,86,28,32
90,26,50,9,84,34,16,27,19,8
58,71,11,96,19,25,91,19,47,83
58,39,92,96,19,64,91,19,16,97
57,71,92,96,19,75,66,19,79,83
25,73,76,64,45,14,78,61,35,14
92,40,50,66,68,25,99,23,6,20
45,36,90,96,43,34,16,27,19,41
58,39,92,96,19,64,86,19,47,83
45,36,90,96,84,34,16,29,19,27
50,91,18,21,78,89,33,89,85,34
53,36,61,15,84,33,16,27,12,41
25,73,20,64,45,9,3,61,28,32
25,73,20,13,45,9,3,86,35,32
25,44,76,64,45,9,78,61,94,32
7,71,11,96,19,25,66,94,47,83
55,81,63,38,43,99,95,1,32,42
25,73,20,13,45,9,3,86,28,14
12,5,20,28,11,21,76,97,6,6
25,93,76,13,56,14,12,50,28,73
99,37,75,79,79,42,88,40,10,97
57,39,92,96,19,25,66,19,47,97
53,86,90,96,84,33,16,27,12,8
90,26,61,96,84,33,16,27,19,8
57,39,11,92,19,75,86,94,16,97
25,44,76,13,56,14,3,50,28,73
17,37,75,40,52,81,88,51,24,44
25,93,76,13,45,14,3,61,94,14
58,39,11,92,19,64,86,44,79,97
16,35,30,14,90,73,3,13,49,16
25,44,76,64,65,14,3,50,28,14
57,18,92,92,19,25,86,19,47,83
7,71,92,96,19,25,91,44,47,83
8,48,5,94,48,73,95,95,13,24
57,18,11,96,19,75,86,19,16,97
73,22,7,72,97,13,5,16,11,83
53,36,61,15,84,33,16,29,19,8
25,93,76,64,45,9,78,50,94,14
73,10,12,72,97,75,5,16,11,89
58,39,11,92,19,64,91,19,47,97
25,44,76,64,45,9,12,86,28,73
58,71,11,92,19,75,91,19,47,97
90,36,90,9,84,34,16,27,19,41
55,81,63,38,1,99,36,1,32,42
45,36,61,96,84,33,16,27,19,8
25,73,76,13,65,14,12,61,94,14
36,60,77,94,79,10,95,99,13,24
25,44,20,64,45,9,78,50,94,32
57,18,92,96,19,75,91,44,16,97
58,39,92,96,19,75,86,19,79,97
45,86,61,9,84,33,16,27,19,8
64,100,50,66,73,25,99,2,6,20
90,36,90,15,43,34,16,29,19,8
7,40,50,66,68,25,99,78,93,58
7,71,11,96,19,75,86,94,47,97
99,37,75,79,79,81,88,82,24,15
45,36,61,9,43,34,16,27,12,27
25,73,76,13,45,9,78,86,35,32
7,71,11,96,19,75,91,19,16,83
7,18,11,96,19,25,86,19,47,97
31,37,75,40,52,81,88,40,24,15
25,73,20,13,56,14,12,50,35,14
25,44,76,64,56,14,78,61,35,14
57,71,11,96,19,64,66,44,79,83
7,71,11,92,19,25,86,19,79,83
58,71,92,96,19,64,66,44,79,97
50,91,18,21,78,89,39,89,36,34
25,73,20,13,65,14,78,50,94,32
45,36,50,96,43,33,16,27,12,8
25,73,76,64,65,9,3,61,35,14
75,27,32,65,33,67,79,20,68,71
12,5,85,44,48,21,76,97,6,6
25,73,76,64,65,9,78,50,94,32
53,86,90,9,43,34,16,27,12,41
25,44,20,64,65,14,78,50,94,14
25,93,20,64,56,9,12,86,94,32
57,18,11,96,19,25,86,19,47,97
53,86,61,9,43,33,16,27,19,27
7,18,11,96,19,64,91,94,16,97
45,86,61,96,43,33,16,29,19,41
90,86,61,15,43,34,16,29,19,27
7,18,11,92,19,25,86,94,16,97
7,18,11,96,19,25,66,44,79,83
55,81,63,38,43,49,36,96,42,42
53,26,90,9,43,34,16,27,12,8
35,94,18,8,78,89,39,89,85,34
61,5,66,38,70,99,37,4,2,23
25,44,20,64,65,14,78,61,94,32
58,39,11,92,19,64,86,19,47,83
57,18,92,92,19,25,86,94,79,83
7,100,50,99,68,25,99,78,93,58
25,93,76,64,56,14,12,86,28,73
25,44,76,64,65,9,78,86,35,32
90,26,61,9,84,33,16,29,19,8
53,26,61,9,84,34,16,27,12,41
25,73,20,64,56,14,3,50,94,32
90,26,90,9,84,33,16,27,12,27
57,18,92,92,19,75,86,94,47,97
25,93,20,64,65,14,78,50,35,14
55,81,63,38,37,49,36,96,32,47
57,39,11,92,19,25,86,44,16,83
12,5,85,28,48,21,76,97,6,33
57,71,11,96,19,25,66,44,16,83
25,44,76,13,45,14,12,50,28,73
7,18,11,92,19,75,66,19,79,97
53,26,90,15,84,34,16,29,19,27
58,18,92,92,19,25,86,19,16,83
58,18,92,92,19,75,66,44,16,83
25,44,76,13,65,9,3,86,28,73
17,37,75,40,52,42,88,40,10,15
58,71,11,92,19,25,86,94,79,97
25,73,76,64,65,14,78,86,28,14
42,5,66,97,53,99,37,96,2,31
53,86,90,9,84,34,16,27,12,8
7,39,92,96,19,25,91,19,47,83
25,44,20,13,56,9,12,86,94,73
25,44,76,13,45,9,12,50,28,32
12,81,63,38,43,99,95,96,32,42
58,18,92,96,19,64,66,44,79,97
25,73,20,13,45,9,78,50,35,73
25,44,20,64,45,9,78,50,35,14
12,81,63,38,37,99,36,1,32,42
7,71,92,96,19,64,91,94,79,83
53,86,61,9,84,34,16,27,12,8
99,37,75,79,53,42,88,51,10,44
25,73,20,64,45,9,12,86,28,14
25,44,76,64,65,14,12,86,28,32
25,93,76,64,56,14,3,86,94,32
25,93,20,13,56,14,3,86,28,14
90,86,90,9,43,34,16,29,12,41
90,86,50,96,43,33,16,27,12,41
7,18,11,96,19,25,66,94,79,83
90,36,50,9,84,33,16,27,19,41
61,5,66,38,53,99,98,19,2,31
4,35,30,49,90,84,3,13,49,7
4,35,30,49,44,31,3,61,49,7
25,93,76,13,56,9,12,50,28,73
12,5,13,44,11,21,98,97,6,33
53,26,50,15,84,33,16,27,12,41
53,26,50,96,84,34,16,29,12,41
25,73,76,13,45,9,78,61,35,14
25,93,76,64,45,14,12,86,94,32
18,5,66,38,70,48,98,4,2,70
25,73,20,13,56,9,78,50,28,14
25,44,76,13,56,14,3,86,94,73
25,44,20,64,56,14,12,50,28,32
45,26,61,15,84,34,16,27,19,27
7,100,50,99,73,25,99,23,93,20
25,93,20,13,56,14,12,50,28,73
8,76,10,20,33,59,25,91,38,99
7,18,92,96,19,64,91,94,16,97
25,73,76,13,56,14,3,50,94,73
53,86,50,9,84,34,16,29,19,8
25,73,20,13,45,9,12,61,94,14
7,39,11,96,19,75,91,44,16,83
57,39,11,92,19,75,66,44,79,83
25,44,20,13,56,9,78,50,94,32
7,39,11,92,19,64,86,19,47,83
57,71,92,96,19,25,66,94,16,83
90,26,61,9,84,33,16,27,12,8
17,60,56,67,52,72,34,100,54,91
25,73,20,64,56,14,12,61,28,32
75,27,32,15,33,67,8,20,68,48
87,97,3,46,17,16,78,92,40,85
45,26,61,96,43,34,16,29,19,27
25,73,20,13,65,14,3,86,94,73
25,44,20,13,45,9,78,50,94,14
90,36,61,15,43,34,16,29,19,27
90,86,61,9,84,34,16,29,12,41
18,5,66,97,70,1,98,19,2,23
45,36,50,9,43,34,16,27,19,27
25,73,20,64,56,14,78,61,35,14
58,71,11,96,19,64,66,94,47,83
35,94,18,21,78,89,33,89,85,34
90,26,61,96,43,33,16,27,12,8
25,44,20,13,56,9,78,50,28,14
25,93,76,13,65,14,12,50,28,32
25,73,20,13,56,14,3,86,35,73
58,71,92,92,19,75,91,44,16,97
7,18,11,96,19,75,86,19,16,83
7,39,92,92,19,75,66,44,16,83
57,39,92,92,19,64,91,44,79,97
73,22,7,72,97,75,5,68,11,83
25,73,20,64,56,14,12,61,35,14
57,71,92,96,19,75,91,94,79,83
25,73,76,13,56,9,3,50,35,14
53,86,61,15,43,34,16,27,12,8
45,36,61,15,43,34,16,29,19,41
90,86,90,9,84,33,16,27,19,8
58,39,92,92,19,64,91,94,79,97
25,73,20,64,45,9,3,50,35,32
53,26,90,96,43,34,16,29,19,8
58,71,92,96,19,25,66,94,79,97
45,36,90,9,84,34,16,27,19,41
25,93,20,64,56,9,78,50,28,73
25,93,76,13,45,14,3,61,94,73
7,39,11,96,19,25,66,94,79,83
25,73,20,64,45,14,12,61,28,73
25,93,76,13,65,14,78,61,35,32
90,36,50,15,43,34,16,27,19,27
16,35,30,14,44,31,3,13,49,7
45,36,61,15,84,33,16,27,19,27
55,81,63,38,1,99,36,1,32,21
92,100,50,99,73,25,99,23,99,58
17,60,56,1,52,72,57,95,46,91
25,93,76,13,45,14,3,86,94,73
25,44,76,13,65,9,78,86,28,32
45,26,50,96,84,33,16,29,12,27
25,93,76,64,45,9,78,86,94,14
7,39,92,96,19,75,86,94,79,83
7,39,92,92,19,75,91,44,79,83
57,39,92,96,19,75,66,44,79,97
25,44,20,13,56,14,12,50,35,14
45,36,90,96,43,33,16,27,19,41
25,73,76,13,56,9,3,50,28,73
25,73,20,13,65,14,78,86,94,73
16,35,30,14,44,31,96,13,49,7
25,93,76,13,65,14,12,61,35,14
57,18,11,92,19,75,86,44,47,83
45,26,61,15,43,34,16,29,12,27
53,36,90,96,84,33,16,27,19,8
73,22,12,72,97,75,5,68,11,89
42,5,66,97,53,1,98,4,2,70
25,93,20,13,65,9,78,86,28,14
58,71,11,92,19,75,66,19,16,83
92,100,50,99,73,25,99,78,99,20
57,71,11,96,19,25,86,19,79,97
18,5,66,38,53,99,98,19,2,70
57,71,11,92,19,64,91,44,79,97
45,36,61,9,84,33,16,27,12,41
58,71,11,96,19,25,86,44,47,83
57,71,11,92,19,64,86,19,79,83
31,37,75,40,52,81,88,82,24,15
7,39,92,92,19,64,86,94,79,83
25,93,20,64,45,9,12,61,94,14
53,36,90,9,84,34,16,27,12,27
58,93,10,20,33,1,25,91,38,37
25,93,76,13,56,14,3,86,35,73
53,36,90,15,84,33,16,27,19,41
25,73,20,13,56,14,3,50,94,14
90,36,90,96,84,33,16,29,12,41
7,71,11,96,19,64,66,44,79,97
57,39,92,96,19,25,86,44,16,83
63,22,83,87,59,88,61,26,36,83
58,39,11,96,19,75,91,19,47,97
55,81,63,38,1,49,36,1,32,21
45,26,90,15,43,33,16,27,12,8
25,44,20,13,45,9,78,61,28,73
25,73,76,13,45,9,3,61,35,32
99,37,75,79,79,42,88,51,10,97
58,39,92,96,19,75,91,44,16,83
25,44,76,13,65,9,78,50,94,32
8,93,10,20,33,1,90,91,38,99
90,26,90,15,43,34,16,29,12,41
57,18,11,96,19,75,66,19,47,83
25,73,20,13,56,9,3,86,35,73
57,71,11,96,19,64,86,19,79,97
25,73,76,13,56,9,78,50,35,73
53,86,50,15,84,34,16,27,12,8
25,93,76,13,56,9,78,61,35,73
45,36,61,15,84,34,16,29,19,8
7,18,11,96,19,75,66,19,47,83
57,71,92,92,19,25,86,44,16,83
36,48,5,94,48,73,95,99,13,24
25,73,20,64,45,14,3,50,35,32
90,36,90,9,84,34,16,27,19,8
63,22,91,95,59,88,67,100,32,83
36,60,77,94,48,10,95,99,13,24
90,86,90,15,43,34,16,29,12,27
57,71,92,92,19,64,86,19,47,83
45,26,90,15,43,33,16,27,12,41
55,81,63,38,37,49,36,1,32,47
90,86,90,96,84,34,16,29,12,8
90,86,61,15,43,33,16,29,12,8
58,39,11,92,19,75,86,44,16,97
42,5,66,38,53,1,37,19,2,23
95,63,10,20,33,1,90,91,38,37
58,71,11,96,19,64,91,94,16,83
57,71,92,96,19,75,91,19,79,97
16,35,30,14,90,31,96,94,49,7
57,18,92,92,19,75,91,94,47,83
58,18,92,96,19,75,91,94,47,83
18,5,66,97,53,99,98,4,2,31
16,35,30,14,90,73,3,61,49,16
25,73,20,64,65,14,3,86,35,14
36,48,77,94,79,73,95,95,55,82
25,44,20,13,65,14,3,86,94,32
25,73,20,13,45,14,3,61,28,73
7,39,92,92,19,64,86,94,16,97
25,93,76,13,65,14,78,86,94,73
58,71,11,96,19,64,91,19,79,83
25,44,76,13,56,14,78,50,94,32
90,26,61,15,84,33,16,29,19,8
8,60,77,94,23,73,95,95,13,26
90,86,50,96,43,33,16,29,19,41
25,44,20,13,56,14,12,61,94,32
16,35,30,14,44,84,96,61,49,7
42,5,66,38,53,1,37,96,2,31
57,71,11,96,19,64,86,94,16,97
58,71,92,96,19,75,86,19,79,97
95,93,10,20,33,10,90,91,38,99
25,73,20,64,45,14,78,86,35,32
57,18,11,92,19,75,91,94,79,97
7,18,11,96,19,25,66,19,79,97
50,91,18,77,78,89,33,89,36,34
90,36,61,15,43,34,16,29,19,8
73,22,90,72,76,13,5,68,75,83
58,71,92,96,19,25,91,19,47,83
25,44,20,64,45,14,78,50,35,32
7,40,50,66,68,25,99,2,99,58
25,93,76,64,65,9,3,86,28,73
25,93,20,13,65,14,3,50,35,32
57,18,11,92,19,25,86,44,16,97
25,44,20,64,45,14,3,50,94,14
50,91,18,77,78,89,39,89,36,34
58,76,10,20,33,10,25,91,38,37
25,73,20,13,45,14,12,86,35,14
58,76,10,20,33,1,90,91,38,99
25,73,20,13,65,9,3,61,28,14
90,26,50,9,84,34,16,29,19,41
50,94,18,21,78,89,39,89,89,34
57,39,11,96,19,64,86,94,16,83
58,18,92,92,19,64,86,44,16,97
45,36,90,15,43,34,16,29,12,41
25,73,20,64,56,14,78,61,28,73
17,37,75,79,52,42,88,40,10,15
25,44,76,13,45,14,3,61,35,73
4,35,30,14,90,31,96,61,49,7
7,100,50,99,68,25,99,78,99,20
64,100,50,66,68,25,99,2,99,58
64,40,50,99,68,25,99,78,93,20
53,86,61,96,43,34,16,27,19,8
25,44,20,64,65,14,12,50,35,32
7,18,11,96,19,64,66,44,16,97
7,71,11,92,19,25,86,94,47,97
7,71,92,92,19,25,91,94,79,97
53,26,90,9,43,34,16,29,19,41
45,36,90,15,84,34,16,27,19,8
58,18,11,92,19,75,86,19,47,97
53,86,50,15,84,33,16,29,12,27
7,18,11,92,19,25,66,94,79,97
25,73,76,64,56,9,78,61,94,73
25,93,20,13,56,9,12,61,94,73
99,37,75,79,52,42,88,40,10,44
53,86,90,15,43,33,16,27,12,27
25,73,20,13,45,9,12,50,35,73
58,71,92,92,19,25,66,44,79,97
25,44,20,64,65,9,12,61,28,73
25,73,76,13,45,14,3,50,28,14
7,71,11,96,19,75,66,19,47,83
25,93,20,64,56,9,78,50,94,73
90,26,50,96,43,34,16,29,12,8
25,44,76,64,45,9,3,50,35,32
73,59,90,72,76,13,5,38,75,89
53,86,50,96,43,34,16,27,19,27
25,93,20,64,65,14,12,61,28,32
58,71,11,96,19,64,66,19,47,97
7,40,50,66,88,25,99,23,93,20
7,39,92,92,19,25,86,94,16,83
25,73,20,64,56,14,78,61,28,14
17,60,62,20,52,72,65,95,40,91
53,26,61,96,84,33,16,27,19,41
58,71,92,92,19,64,91,94,79,83
25,93,20,64,45,14,78,50,35,73
58,18,92,92,19,75,66,94,16,97
25,73,76,13,56,14,12,61,28,32
53,26,50,15,43,34,16,27,19,8
57,71,92,96,19,64,91,44,47,83
25,44,20,64,56,9,12,86,28,14
45,36,90,9,43,34,16,27,19,41
8,93,66,20,33,1,25,91,38,37
90,26,90,15,84,34,16,27,19,8
17,87,62,20,52,72,57,95,54,91
25,44,76,13,45,9,12,86,28,73
63,22,91,87,59,88,60,26,32,83
57,39,92,96,19,75,91,44,16,83
17,60,56,1,52,72,65,100,54,91
61,5,66,38,70,99,98,19,2,31
4,35,30,49,90,31,16,13,49,16
25,93,20,64,65,9,78,61,28,14
25,73,76,64,56,14,3,50,94,73
7,39,92,92,19,25,66,44,16,83
7,40,50,99,68,25,99,2,99,58
18,5,66,38,53,48,37,4,2,70
45,86,50,96,43,34,16,29,19,8
45,26,90,96,43,33,16,29,12,27
25,44,20,13,65,9,12,61,35,32
17,37,75,40,53,42,88,51,10,97
25,73,76,13,65,9,12,50,35,32
4,35,30,49,44,73,16,61,49,7
25,93,20,13,65,14,78,86,35,73
25,44,20,64,65,9,12,61,94,14
53,36,50,9,43,33,16,29,19,41
25,73,76,64,56,14,12,86,94,14
45,26,61,9,43,34,16,29,12,27
7,71,92,92,19,64,86,94,16,97
73,22,7,72,97,13,5,38,11,83
53,26,61,15,43,34,16,29,12,27
25,73,20,13,56,14,78,50,94,14
17,37,75,79,53,42,88,51,24,97
57,71,11,96,19,25,66,94,16,83
25,73,76,13,45,9,12,61,35,73
7,39,92,92,19,64,86,19,47,97
25,73,20,13,56,9,78,86,94,73
7,39,92,92,19,64,66,94,79,97
17,37,75,40,52,81,88,51,10,15
63,22,83,95,59,88,67,26,32,83
16,35,30,14,90,73,16,61,49,16
18,5,66,97,70,99,37,96,2,23
58,39,11,96,19,64,91,19,47,97
7,18,92,96,19,64,66,44,47,97
90,86,90,96,43,34,16,29,19,8
57,71,92,92,19,25,91,19,16,97
25,73,76,64,56,14,78,86,35,14
25,44,20,64,65,9,78,50,94,73
25,73,76,13,56,14,3,61,28,14
7,71,11,96,19,75,66,94,79,97
90,26,90,96,84,33,16,27,12,27
31,37,75,79,52,42,88,82,24,97
7,39,11,92,19,64,91,19,16,97
42,5,66,97,53,1,98,96,2,70
25,44,20,64,56,14,12,86,28,14
25,93,76,64,45,14,12,61,28,14
25,73,20,64,65,14,12,86,35,14
90,86,61,15,43,34,16,27,19,27
25,73,20,13,45,14,3,86,35,14
57,71,92,96,19,64,91,19,47,97
90,86,90,9,43,33,16,29,19,41
90,26,90,9,84,33,16,29,19,27
58,76,66,20,33,59,25,91,38,21
61,5,66,97,70,99,37,4,2,70
45,26,50,9,84,33,16,27,19,8
7,18,92,96,19,64,66,94,47,83
7,71,92,96,19,64,66,94,16,83
58,39,92,96,19,25,66,44,79,83
58,39,11,96,19,64,91,94,16,83
90,26,61,9,43,34,16,29,12,8
25,44,20,13,65,9,12,86,35,32
25,73,76,64,56,9,12,86,28,32
25,44,76,13,56,14,12,50,28,14
58,39,11,92,19,75,86,44,47,83
53,26,90,9,43,33,16,27,19,27
25,93,76,13,45,14,12,61,28,32
25,44,20,13,56,14,12,86,35,73
57,18,11,92,19,25,66,94,47,83
58,71,92,96,19,75,91,19,16,97
7,39,92,96,19,75,91,94,47,97
58,39,92,96,19,75,86,19,47,97
57,18,92,96,19,25,91,19,16,97
4,35,30,49,90,73,96,13,49,7
31,37,75,79,52,42,88,82,10,44
7,39,11,92,19,64,91,94,16,97
25,73,76,64,65,14,12,61,94,73
25,5,85,28,48,21,76,97,6,33
45,26,90,9,43,33,16,29,12,8
90,86,90,15,43,34,16,27,12,8
73,22,90,72,76,13,5,68,11,83
25,5,85,44,11,21,98,97,6,4
25,93,20,64,56,14,3,86,28,73
69,97,3,46,17,16,41,92,40,85
53,36,90,9,43,33,16,27,12,27
12,5,20,44,48,21,98,97,6,33
36,60,5,94,79,73,95,99,13,82
58,71,92,92,19,25,66,44,16,83
25,44,76,13,45,9,78,86,94,14
57,18,92,92,19,64,66,44,47,83
53,86,61,96,43,34,16,27,19,27
53,86,61,9,43,33,16,29,19,27
25,93,20,64,56,14,3,61,35,73
25,73,76,13,45,9,12,50,28,32
25,44,76,64,45,9,3,50,35,14
58,39,92,96,19,75,91,44,16,97
25,93,20,64,56,14,78,50,94,73
7,71,92,96,19,75,66,44,16,97
25,44,20,13,45,14,12,86,28,14
25,73,20,13,56,14,78,50,94,32
25,44,76,64,56,14,78,61,28,14
45,36,50,9,84,34,16,27,12,41
90,26,50,96,84,33,16,29,12,27
25,44,20,64,65,9,3,86,28,14
25,44,20,13,56,9,3,50,94,14
57,18,11,96,19,75,66,19,79,97
7,39,11,92,19,64,91,19,79,97
7,39,92,96,19,75,86,19,47,97
53,86,90,96,43,33,16,29,19,41
58,39,11,96,19,64,86,44,16,83
25,73,76,13,56,9,78,61,28,73
90,36,61,15,43,33,16,27,12,41
61,5,66,97,53,99,37,4,2,70
53,26,61,96,84,33,16,27,19,27
58,18,11,96,19,75,91,19,79,97
8,63,10,20,33,10,90,91,38,99
99,37,75,40,79,81,88,40,10,97
58,71,11,92,19,25,66,19,47,97
7,18,11,92,19,75,91,44,79,83
53,36,90,9,43,34,16,29,12,8
90,26,90,96,43,33,16,29,19,41
50,75,18,77,78,89,33,89,89,34
25,73,76,13,65,14,3,86,94,32
57,71,11,96,19,64,91,19,79,97
45,86,61,15,84,33,16,27,12,8
25,73,20,64,45,14,3,61,94,32
53,26,50,15,84,33,16,29,19,8
25,73,20,13,65,9,3,61,35,73
53,36,50,15,84,33,16,29,12,27
36,60,5,94,48,10,95,95,13,26
7,39,92,92,19,75,91,44,16,83
25,93,20,64,65,9,78,86,94,73
57,39,92,96,19,25,86,19,79,83
17,60,62,20,52,72,57,100,54,91
25,44,20,13,56,14,3,61,28,32
25,93,76,13,45,9,78,61,28,32
25,73,76,13,65,9,12,50,35,14
90,36,61,96,84,34,16,29,12,41
7,18,92,96,19,64,66,19,79,97
25,44,76,64,56,14,3,86,28,32
16,35,30,49,90,84,16,94,49,16
7,39,11,96,19,64,91,44,16,97
58,18,92,92,19,64,91,44,79,97
61,5,66,38,53,1,37,96,2,70
25,73,20,64,56,9,12,50,28,73
36,48,5,94,23,10,95,99,55,26
25,44,76,13,56,14,78,61,28,14
12,5,85,28,48,21,98,97,6,33
90,36,61,96,43,34,16,27,19,27
35,75,18,77,78,89,33,89,89,34
58,71,11,96,19,64,86,94,16,97
58,39,11,92,19,75,86,19,47,83
58,18,11,96,19,64,91,19,16,83
53,86,61,96,43,34,16,29,19,41
25,44,20,13,56,9,12,61,94,14
50,75,18,77,78,89,33,89,85,34
25,5,13,28,11,21,98,97,6,4
53,86,61,96,84,33,16,29,12,8
99,37,75,40,52,42,88,51,24,44
18,5,66,97,70,48,37,19,2,23
25,73,76,64,45,14,78,61,94,73
58,71,11,92,19,25,91,44,79,97
57,18,92,96,19,75,66,44,47,97
90,26,90,9,84,33,16,27,19,41
53,36,90,9,43,33,16,29,19,41
25,73,20,13,56,9,12,61,94,32
17,87,56,67,52,72,34,95,46,91
25,73,76,13,56,9,78,50,28,14
45,86,61,96,84,33,16,27,19,41
90,36,61,9,84,33,16,29,19,41
25,93,76,13,65,14,78,86,35,32
25,93,20,13,56,9,3,61,35,14
90,36,90,9,84,33,16,29,19,41
25,73,20,64,56,9,78,50,94,14
92,100,50,66,68,25,99,2,99,20
58,39,92,92,19,75,86,44,79,97
57,39,92,92,19,64,91,19,79,83
7,18,11,92,19,25,66,94,16,97
58,39,92,96,19,75,91,94,47,97
7,39,11,92,19,25,66,44,16,83
57,18,92,92,19,64,66,19,47,97
16,35,30,49,90,31,16,13,49,7
57,39,92,96,19,64,91,44,16,97
25,73,76,64,56,14,78,50,35,32
55,81,63,38,1,99,95,96,42,47
99,37,75,79,53,42,88,82,24,44
25,93,20,13,56,14,12,86,28,73
7,18,92,92,19,64,86,44,47,83
57,71,92,96,19,64,91,44,79,97
25,44,76,13,45,9,12,86,35,32
92,100,50,66,88,25,99,23,6,58
45,36,50,96,43,33,16,29,19,41
53,86,50,9,84,33,16,27,12,8
58,71,11,96,19,75,66,94,47,97
53,26,50,15,84,34,16,29,12,41
18,5,66,97,70,1,98,96,2,23
12,81,63,38,43,99,36,96,32,47
45,26,50,15,43,34,16,29,19,8
33,27,32,15,33,48,79,20,68,48
57,71,92,96,19,75,91,44,16,97
58,18,11,96,19,75,66,94,47,83
7,18,11,92,19,25,66,44,16,83
25,93,20,64,45,14,3,86,94,32
61,5,66,38,70,99,37,96,2,70
25,93,76,64,45,14,78,50,35,32
25,73,20,13,45,9,3,86,35,73
57,18,92,96,19,75,91,94,79,97
25,93,76,13,45,9,12,61,28,73
58,18,92,96,19,25,66,44,79,97
25,44,76,13,45,14,12,61,94,32
25,44,20,64,45,9,12,86,94,73
99,37,75,40,79,42,88,82,10,97
53,86,50,96,84,34,16,29,19,41
25,44,20,13,65,9,3,86,28,32
99,37,75,79,53,42,88,40,24,15
25,44,76,13,56,14,78,61,94,73
57,18,11,92,19,75,91,19,47,83
57,71,92,92,19,25,66,94,79,97
25,73,20,13,56,14,12,86,28,14
25,93,20,13,45,14,3,50,28,14
58,76,10,20,33,1,25,91,38,37
57,71,11,92,19,64,86,44,79,83
58,18,11,96,19,64,66,44,16,97
73,22,12,72,76,75,5,68,75,83
25,73,20,64,65,9,3,50,35,14
55,81,63,38,37,99,95,96,32,21
18,5,66,38,53,1,37,19,2,70
90,36,50,96,43,34,16,29,12,8
45,26,61,9,84,33,16,27,19,8
57,39,92,96,19,25,86,44,47,97
25,44,76,13,56,9,78,61,35,14
58,18,11,92,19,25,86,94,47,97
56,81,63,38,1,99,36,96,42,47
25,44,20,64,56,9,3,61,28,73
61,5,66,97,53,1,98,19,2,31
25,73,20,64,56,14,12,86,28,14
25,93,76,13,45,14,78,86,28,14
25,73,76,64,45,9,78,61,35,14
25,44,76,13,65,9,3,61,35,32
58,93,66,20,33,1,25,91,38,99
45,86,61,15,43,33,16,27,19,41
25,93,20,13,56,9,78,50,94,32
58,39,92,96,19,25,66,44,47,97
33,27,32,65,25,67,79,20,68,48
58,71,92,96,19,75,91,44,79,83
53,36,61,9,43,34,16,27,12,27
58,39,11,96,19,64,86,94,47,83
25,73,20,13,56,9,12,86,28,73
25,73,76,13,45,9,12,50,28,14
25,44,20,13,45,14,78,50,94,14
45,86,90,9,84,34,16,29,19,8
53,26,90,15,43,34,16,29,12,41
25,73,76,13,56,14,3,61,94,32
7,100,50,99,68,25,99,78,6,58
7,18,11,96,19,25,66,94,16,97
4,35,30,49,44,31,96,61,49,16
53,36,50,15,84,33,16,27,19,27
25,44,20,64,65,14,3,50,28,14
16,35,30,14,44,84,3,13,49,16
90,26,90,9,84,33,16,29,19,41
25,5,20,28,11,21,76,97,6,6
7,100,50,99,88,25,99,78,93,58
53,36,50,96,84,33,16,29,19,8
90,36,61,15,84,33,16,29,19,41
90,36,90,15,43,33,16,29,12,27
25,44,76,64,56,9,3,86,94,32
7,71,11,96,19,64,91,19,79,97
7,71,92,92,19,25,86,94,79,83
90,86,90,15,43,34,16,29,19,27
25,73,20,13,65,14,12,61,94,32
17,37,75,79,79,81,88,51,24,97
45,26,90,9,84,34,16,29,12,27
57,18,11,96,19,64,86,19,16,83
61,5,66,97,70,1,37,96,2,70
25,44,20,13,65,14,78,61,35,73
25,93,20,13,45,9,3,86,94,73
58,18,92,96,19,64,66,94,79,83
57,39,11,92,19,25,86,19,16,83
69,97,9,46,39,95,78,92,40,85
53,86,90,15,84,33,16,27,12,27
25,93,20,13,65,14,78,50,28,73
57,39,92,96,19,75,66,44,79,83
57,18,11,96,19,25,91,94,47,83
57,71,92,96,19,75,66,44,16,97
53,86,90,9,84,34,16,29,12,8
25,93,76,64,65,9,3,50,35,73
42,5,66,38,53,99,37,4,2,31
45,86,50,9,43,34,16,29,12,8
36,60,77,94,79,10,95,99,13,26
7,39,92,92,19,25,86,44,16,97
25,73,20,64,65,9,12,61,35,32
7,71,11,92,19,75,91,94,79,83
90,36,50,96,84,33,16,27,12,8
25,73,76,64,45,14,12,86,35,32
90,36,90,96,84,33,16,27,19,8
25,73,20,13,65,14,12,61,28,14
58,71,92,96,19,64,91,44,79,97
7,18,11,92,19,64,86,19,79,83
25,44,76,64,45,9,78,61,94,14
92,40,50,66,88,25,99,23,93,58
57,71,11,96,19,64,66,44,79,97
25,93,76,64,56,14,78,50,28,32
25,44,20,13,65,9,78,61,94,14
8,60,5,94,23,73,95,99,13,82
57,18,92,96,19,75,91,44,79,97
25,93,20,13,45,9,12,61,94,32
53,36,50,9,43,33,16,29,19,8
64,100,50,99,73,25,99,2,99,20
25,44,76,13,65,14,3,61,94,32
25,44,20,64,65,14,78,86,35,73
25,73,20,64,65,9,3,50,35,32
25,93,76,64,56,14,12,61,35,14
53,36,61,9,84,33,16,29,19,41
25,73,20,13,45,14,3,86,28,73
7,18,92,96,19,25,66,94,79,83
25,93,76,13,65,9,3,86,28,32
25,73,76,13,65,14,12,86,28,73
57,18,11,96,19,25,66,44,16,97
90,26,50,15,43,33,16,29,19,27
25,73,76,13,45,14,3,61,94,73
55,81,63,38,43,49,36,96,42,47
12,5,85,28,48,21,76,97,6,6
7,39,11,92,19,64,66,94,79,83
58,18,11,96,19,75,91,44,16,83
7,71,11,96,19,75,86,94,79,83
58,18,11,96,19,25,91,44,79,97
57,39,11,96,19,75,91,19,47,97
25,44,20,13,45,9,12,61,28,14
25,44,20,13,45,9,3,61,35,32
90,86,90,9,43,33,16,29,12,27
73,59,7,72,76,75,5,68,11,83
17,37,75,79,52,42,88,51,10,44
45,26,61,9,43,34,16,27,12,8
25,44,20,13,65,14,78,61,28,14
57,39,11,96,19,75,91,44,16,97
90,36,50,96,43,34,16,29,19,41
58,18,92,96,19,25,91,94,16,97
99,37,75,40,52,81,88,40,10,97
7,100,50,66,73,25,99,23,6,58
31,37,75,79,79,42,88,40,10,97
25,73,20,64,45,9,78,61,28,73
58,71,92,96,19,25,91,19,16,83
58,39,11,96,19,25,66,19,47,83
7,18,92,92,19,25,86,44,79,97
7,18,11,92,19,75,66,44,47,97
25,73,20,13,65,14,78,61,94,73
25,93,20,13,45,9,3,86,35,14
7,39,11,96,19,75,66,44,47,83
45,26,61,15,84,33,16,29,12,41
25,73,76,64,56,9,3,86,94,32
90,26,61,96,84,33,16,29,19,41
25,44,76,64,65,9,3,61,35,14
90,86,50,96,43,33,16,27,19,41
53,36,50,96,84,34,16,29,12,8
7,71,11,92,19,25,91,19,47,97
7,71,92,92,19,75,86,19,47,83
53,36,50,96,43,34,16,29,12,27
7,18,92,96,19,75,91,19,16,97
58,71,11,92,19,25,86,44,47,83
7,18,92,96,19,25,91,44,47,97
58,39,92,96,19,64,91,19,16,83
57,18,11,92,19,25,86,19,16,97
17,60,91,67,52,72,65,100,46,91
36,60,77,94,23,10,95,99,55,24
8,60,5,94,79,10,95,95,13,26
25,93,20,64,65,14,12,50,28,14
12,81,63,38,43,49,95,1,32,21
58,18,11,92,19,25,86,94,47,83
16,35,30,49,90,84,16,94,49,7
7,18,11,92,19,75,66,94,79,83
57,71,11,92,19,75,86,44,16,97
90,86,61,96,43,34,16,27,12,27
58,18,92,92,19,75,86,94,79,83
57,18,92,92,19,75,86,19,16,97
58,18,11,92,19,64,91,19,79,83
25,93,76,13,65,14,78,50,35,32
53,26,90,96,84,34,16,29,12,8
53,86,90,15,43,34,16,29,12,41
73,10,7,72,76,75,5,38,11,83
45,86,61,9,84,33,16,29,19,27
90,86,61,15,84,33,16,29,19,8
25,73,20,13,65,9,3,50,35,14
58,18,92,96,19,75,91,94,79,97
87,97,71,46,39,95,100,92,40,85
25,73,20,13,65,9,12,50,28,32
58,18,92,96,19,75,91,19,47,97
57,39,11,92,19,75,86,44,47,83
25,93,20,13,45,9,12,86,35,73
25,93,20,64,56,9,12,86,94,14
58,18,92,92,19,25,66,44,16,97
25,73,76,64,56,9,3,86,35,73
12,5,85,28,11,21,98,97,6,33
25,73,76,64,45,14,78,86,28,32
7,40,50,99,73,25,99,2,6,20
7,71,11,96,19,75,91,94,79,83
53,36,61,15,84,33,16,27,12,27
90,86,50,96,43,34,16,29,12,8
57,39,11,92,19,64,91,94,16,83
36,60,77,94,79,73,95,95,13,24
7,39,11,92,19,75,86,44,16,97
25,73,76,64,65,9,78,61,35,14
57,71,92,96,19,25,66,19,47,83
7,39,11,92,19,75,66,94,79,83
25,73,76,64,65,14,3,61,28,73
7,39,92,92,19,25,66,19,16,97
53,86,61,9,43,33,16,29,12,41
25,44,20,13,45,14,12,50,28,14
45,36,90,9,43,34,16,29,19,8
58,39,11,92,19,25,91,19,79,83
7,71,11,92,19,64,66,19,79,97
73,59,90,72,76,75,5,16,11,89
58,39,92,92,19,25,66,44,79,97
31,37,75,79,52,42,88,82,10,15
7,39,11,96,19,64,91,19,79,97
90,26,50,15,43,33,16,27,19,8
57,39,11,92,19,25,66,94,47,83
25,93,76,13,56,14,12,86,94,32
90,26,50,96,43,33,16,29,12,27
7,39,92,92,19,25,66,94,16,97
90,36,61,96,43,34,16,29,12,8
18,5,66,38,53,48,37,19,2,23
90,86,50,96,84,34,16,27,12,41
25,5,13,44,48,21,98,97,6,33
95,93,66,20,33,59,90,91,38,21
58,39,11,92,19,75,86,44,47,97
25,44,20,64,65,14,78,61,94,14
25,44,76,64,56,14,78,50,35,14
25,93,76,64,45,9,12,50,28,14
53,26,50,9,43,34,16,29,19,8
37,7,38,54,30,72,95,14,22,77
64,40,50,99,68,25,99,78,99,20
57,71,92,92,19,64,66,94,16,83
25,73,76,64,65,9,78,50,94,14
45,36,50,9,84,34,16,29,12,41
25,73,76,13,65,9,3,61,35,14
42,5,66,97,70,99,37,4,2,31
7,39,11,96,19,25,86,19,79,97
58,39,92,96,19,64,66,94,47,83
53,86,50,9,84,33,16,29,12,41
25,73,20,64,56,14,12,50,28,14
25,73,20,13,56,14,78,50,28,14
25,73,76,13,56,14,3,86,94,14
56,81,63,38,1,49,36,96,32,21
36,48,77,94,48,73,95,95,55,24
8,48,77,94,23,73,95,95,55,26
90,26,50,9,43,33,16,29,12,8
25,93,20,64,45,9,12,86,94,14
45,26,50,96,43,34,16,27,12,27
75,27,32,91,25,7,79,20,68,48
25,44,76,13,45,14,3,61,94,73
7,39,92,92,19,64,66,44,79,97
25,93,20,13,65,9,78,50,35,73
25,44,20,64,45,14,3,61,35,32
57,18,11,96,19,25,91,44,79,83
90,36,50,15,43,34,16,27,12,41
61,5,66,97,53,99,98,96,2,23
12,5,13,28,43,21,98,97,6,4
90,86,50,9,43,33,16,27,19,27
25,44,20,13,56,14,12,61,35,73
25,73,20,13,65,9,3,50,94,32
53,36,61,15,43,33,16,27,12,41
7,40,50,99,68,25,99,2,93,20
73,59,90,72,97,13,5,38,75,83
92,100,50,99,88,25,99,23,6,58
25,93,20,13,56,9,3,61,94,32
53,26,90,9,43,33,16,27,12,41
17,60,91,1,52,72,57,95,46,91
25,73,76,13,45,14,78,50,28,14
58,71,92,92,19,75,91,19,79,97
8,60,77,94,79,10,95,99,13,82
12,81,63,38,43,49,36,96,42,47
57,18,92,92,19,64,91,94,79,97
25,93,20,13,65,9,3,50,94,73
25,73,20,13,45,9,3,61,94,73
7,39,11,92,19,25,86,19,79,83
7,71,11,92,19,25,86,19,47,97
53,26,50,9,43,33,16,27,12,8
61,5,66,97,53,48,37,4,2,70
25,44,20,64,56,14,3,86,28,73
57,71,92,96,19,75,91,19,16,83
25,44,76,64,56,14,12,86,28,14
25,44,20,64,56,14,78,86,94,73
58,18,11,92,19,75,86,44,79,97
7,71,92,96,19,75,86,94,16,97
7,18,11,96,19,75,86,94,16,83
53,86,61,15,43,34,16,27,19,8
57,18,92,96,19,64,66,94,79,83
25,44,76,64,56,14,78,86,94,32
53,26,90,15,43,33,16,27,19,27
7,71,92,92,19,75,66,44,79,97
25,93,76,13,56,9,3,61,94,73
16,35,30,49,44,73,96,61,49,7
25,93,76,64,45,14,12,61,35,14
53,86,90,15,84,33,16,29,19,41
53,26,90,96,43,33,16,29,19,8
57,39,92,96,19,64,91,19,79,97
7,100,50,66,68,25,99,2,93,20
58,71,92,96,19,25,86,94,16,97
7,18,92,96,19,64,91,44,79,97
25,93,76,13,45,9,3,61,35,73
90,36,61,96,84,34,16,27,19,8
12,5,13,44,43,21,98,97,6,33
8,60,5,94,48,73,95,95,13,82
53,86,50,96,43,33,16,29,12,41
99,37,75,79,53,81,88,40,10,97
25,44,20,13,45,9,3,61,28,32
58,39,11,96,19,64,91,19,47,83
53,26,61,9,84,34,16,29,12,41
25,5,13,28,48,21,76,97,6,33
12,5,85,44,48,21,76,97,6,4
17,37,75,79,79,81,88,40,10,44
58,39,92,92,19,64,66,19,47,83
58,71,92,92,19,25,86,44,16,83
45,36,61,96,43,33,16,27,12,8
25,93,20,64,65,9,3,61,28,73
25,93,20,13,65,14,12,50,94,73
58,71,92,96,19,25,91,94,16,97
57,39,11,96,19,25,86,19,79,83
25,93,76,13,65,14,3,50,28,32
45,36,90,9,43,34,16,27,12,41
4,35,30,49,90,84,3,94,49,16
45,26,50,9,84,34,16,29,19,41
7,18,92,92,19,75,66,94,16,97
25,93,20,13,65,14,78,50,94,73
58,18,11,96,19,25,91,44,79,83
7,71,11,92,19,64,91,94,16,97
58,71,92,92,19,64,86,94,47,97
25,93,20,13,65,14,3,50,94,73
57,18,11,96,19,64,91,19,16,97
25,73,76,13,56,14,3,86,94,73
53,26,50,9,43,34,16,27,19,27
90,86,61,9,84,33,16,27,19,27
57,71,11,96,19,75,91,19,16,97
17,60,56,20,52,72,34,95,46,91
7,18,11,92,19,75,91,19,47,97
53,26,61,15,84,33,16,29,12,8
73,59,7,72,76,13,5,38,11,83
53,86,90,9,84,34,16,29,12,41
53,36,90,9,84,33,16,29,12,8
25,73,20,64,56,9,3,50,94,32
25,44,76,64,45,14,3,61,94,14
45,26,50,96,84,33,16,29,12,41
90,26,50,9,84,34,16,29,19,8
90,86,61,15,84,34,16,27,12,41
57,71,11,96,19,64,66,19,47,83
90,86,90,15,43,33,16,27,19,8
87,94,26,68,21,76,33,59,10,66
57,39,92,92,19,25,91,44,79,83
25,73,76,64,56,14,78,86,35,32
58,39,11,96,19,25,91,94,47,83
50,94,18,8,78,89,33,89,36,34
25,5,13,44,43,21,98,97,6,4
45,86,61,96,43,34,16,29,19,8
18,5,66,38,70,48,37,96,2,31
25,44,76,13,56,14,3,61,35,32
36,48,5,94,79,10,95,99,55,26
25,44,76,64,56,9,12,86,28,32
53,86,61,9,84,34,16,29,19,27
58,39,11,92,19,64,91,44,47,83
25,93,76,64,45,14,78,61,94,14
25,73,20,64,65,9,12,50,28,14
45,86,61,9,84,33,16,29,19,41
25,44,76,64,45,9,78,50,35,32
31,37,75,40,79,42,88,40,24,44
99,37,75,40,52,81,88,51,10,97
61,5,66,38,70,48,98,19,2,23
58,18,92,96,19,75,86,94,16,83
25,73,76,64,65,14,12,86,94,73
12,81,63,38,37,99,36,1,32,47
36,48,5,94,48,73,95,99,55,82
17,37,75,40,79,81,88,82,10,44
25,73,76,13,65,14,78,50,94,73
7,39,92,96,19,25,86,19,79,97
31,37,75,79,52,81,88,82,24,44
61,5,66,97,70,1,98,4,2,23
16,35,30,49,44,31,96,61,49,7
90,26,61,96,84,34,16,29,12,8
99,37,75,40,79,81,88,82,24,97
58,39,11,96,19,75,66,44,79,97
63,22,74,87,59,88,61,100,36,83
25,44,76,13,56,9,12,61,28,32
42,5,66,38,53,48,98,19,2,70
25,93,20,13,56,9,12,50,28,73
53,86,90,96,84,34,16,29,19,27
7,39,11,96,19,25,86,44,79,83
58,18,11,96,19,75,66,19,16,83
90,26,61,96,43,34,16,27,19,8
25,73,20,64,56,9,12,86,94,73
31,37,75,79,52,42,88,51,10,97
64,40,50,99,73,25,99,23,6,58
25,73,20,64,45,9,3,50,28,73
90,26,90,15,43,34,16,29,19,8
25,73,76,64,56,14,3,86,94,73
57,39,11,92,19,64,66,94,47,83
90,86,50,15,84,34,16,29,12,8
7,39,11,92,19,25,86,94,16,83
25,44,76,64,56,14,3,61,35,14
7,39,92,96,19,75,91,19,79,83
45,36,50,9,43,33,16,27,12,8
58,18,92,96,19,75,91,44,16,97
73,22,12,72,97,13,5,38,75,83
58,39,11,96,19,25,86,19,16,83
57,39,92,92,19,25,66,94,79,97
25,73,76,13,65,9,12,86,94,73
58,39,92,92,19,75,66,19,47,83
7,39,11,92,19,75,91,44,79,83
56,81,63,38,1,49,36,1,32,42
8,60,77,94,48,10,95,95,55,24
31,37,75,40,79,81,88,82,10,15
25,93,20,64,56,14,3,50,35,14
12,81,63,38,37,99,95,1,32,21
58,18,11,92,19,75,66,19,16,97
56,81,63,38,1,49,36,1,32,47
45,26,50,9,43,33,16,29,12,8
25,44,20,13,45,9,78,61,94,73
45,26,90,96,43,34,16,27,19,41
36,48,77,94,48,10,95,95,13,24
90,36,61,15,43,34,16,27,12,27
64,100,50,66,73,25,99,23,99,20
57,39,92,96,19,25,86,94,47,83
7,18,11,92,19,64,66,44,79,83
25,44,20,13,56,9,78,86,28,32
57,71,11,92,19,64,86,19,47,83
25,73,76,64,56,9,78,86,94,14
25,73,76,13,56,14,12,50,35,73
25,73,76,13,56,9,78,61,94,32
45,36,61,15,84,33,16,29,12,41
25,73,76,13,45,9,78,50,94,32
90,36,50,15,43,33,16,27,12,27
58,71,11,96,19,25,66,94,16,83
45,36,61,15,43,33,16,27,19,41
57,18,92,92,19,64,91,94,16,97
4,35,30,14,44,31,16,94,49,16
7,71,92,96,19,25,86,19,16,83
25,44,76,13,56,9,78,86,35,32
50,91,18,21,78,89,92,89,89,34
57,18,92,96,19,64,91,44,16,83
73,22,12,72,76,13,5,38,11,83
25,44,76,64,45,14,12,50,35,14
25,93,20,13,65,9,78,86,28,32
58,71,11,96,19,75,66,19,79,83
58,39,11,92,19,25,86,94,79,97
42,5,66,97,53,48,37,19,2,23
31,37,75,40,52,81,88,82,24,44
7,18,11,96,19,75,91,44,47,97
36,48,5,94,23,10,95,99,13,24
25,44,76,13,65,14,12,50,94,32
58,39,92,96,19,25,86,94,16,83
25,73,76,64,65,9,3,50,35,32
17,60,56,20,52,72,57,95,40,91
90,26,61,15,84,33,16,27,12,27
57,71,92,92,19,64,66,44,47,83
25,73,76,64,56,14,3,50,28,32
45,86,90,9,43,33,16,29,12,27
12,81,63,38,37,99,36,1,42,47
25,44,76,64,65,14,78,61,94,32
53,86,61,15,84,34,16,27,19,41
57,39,11,92,19,75,86,19,79,97
7,39,11,96,19,64,66,19,47,97
57,39,92,96,19,64,86,94,16,83
25,73,20,13,45,9,12,61,35,14
17,37,75,79,53,42,88,40,10,15
53,36,50,15,84,33,16,27,12,41
25,44,76,64,56,9,78,50,28,32
17,37,75,40,53,81,88,82,24,15
25,44,76,64,65,9,78,50,94,14
53,26,90,9,84,34,16,27,19,8
63,22,74,87,59,88,60,26,32,14
25,44,76,13,45,14,78,86,94,32
12,5,13,28,11,21,76,97,6,33
57,71,92,96,19,64,86,19,16,97
58,39,11,92,19,75,86,19,47,97
25,93,20,13,56,9,78,86,94,32
25,44,76,64,56,9,78,86,28,73
17,60,91,20,52,72,65,95,54,91
58,39,11,92,19,64,66,19,79,83
58,71,11,92,19,75,66,94,16,83
31,37,75,40,52,42,88,51,10,44
8,60,5,94,23,73,95,99,55,24
25,73,20,13,65,14,78,61,35,73
7,71,92,92,19,75,66,44,47,97
18,5,66,38,53,48,98,96,2,70
7,39,11,96,19,25,91,94,16,97
25,93,20,13,45,9,78,86,28,73
17,37,75,40,52,81,88,82,10,44
57,71,11,92,19,75,66,44,16,83
90,86,61,9,43,33,16,29,19,27
25,44,20,13,45,9,3,61,94,32
25,44,76,64,56,14,3,50,35,73
99,37,75,40,79,81,88,40,24,44
57,39,11,92,19,25,66,44,47,83
25,44,76,64,65,9,3,61,94,73
25,44,76,64,65,14,3,61,28,32
53,26,90,96,84,34,16,29,12,41
7,71,11,92,19,64,91,19,47,97
25,93,76,64,65,9,3,50,28,32
53,86,50,9,84,34,16,29,12,8
25,73,76,13,65,14,78,50,35,14
57,71,92,96,19,25,66,44,16,83
25,5,13,28,11,21,76,97,6,4
7,18,92,92,19,75,86,94,16,83
63,22,83,95,59,88,60,26,32,83
90,86,90,96,84,34,16,27,12,8
58,71,11,92,19,64,86,19,47,83
25,93,76,13,56,9,12,86,94,14
25,44,76,13,45,14,78,86,28,73
57,18,92,96,19,75,66,94,79,83
58,71,11,96,19,75,66,44,47,97
7,39,11,96,19,25,91,44,16,97
58,18,11,96,19,75,66,19,47,97
25,93,20,64,56,9,78,50,35,32
17,60,56,1,52,72,34,95,46,91
25,93,76,13,45,9,12,86,35,32
17,60,62,1,52,72,34,95,40,91
45,26,50,9,43,34,16,27,19,27
56,81,63,38,1,49,95,96,42,21
53,26,61,9,43,33,16,27,19,41
16,35,30,49,90,31,3,61,49,7
7,39,11,92,19,75,66,94,47,83
25,44,20,13,65,9,78,50,28,73
7,40,50,99,68,25,99,2,93,58
4,35,30,14,44,84,96,61,49,16
7,18,11,96,19,25,91,94,16,83
7,39,92,92,19,64,91,19,47,83
58,39,92,92,19,25,86,44,79,97
7,39,11,92,19,64,91,19,47,83
25,44,76,64,45,9,3,50,94,32
57,39,92,96,19,25,86,94,79,83
7,39,92,96,19,25,91,94,79,83
25,44,76,64,45,14,12,50,35,32
53,36,50,96,84,34,16,27,12,8
53,36,50,96,43,34,16,27,12,41
25,93,76,13,65,9,78,61,35,73
42,5,66,97,70,1,37,19,2,31
92,40,50,99,88,25,99,23,99,58
7,39,92,96,19,25,66,19,16,83
42,5,66,97,53,99,98,96,2,31
25,93,76,13,65,9,12,86,35,32
92,40,50,99,68,25,99,78,93,20
58,71,11,92,19,75,91,94,16,97
36,60,5,94,79,10,95,99,55,24
7,71,92,96,19,75,86,19,79,97
25,93,76,64,45,14,3,50,35,32
35,94,18,8,78,89,92,89,36,34
25,44,20,13,65,9,78,50,94,32
17,87,56,1,52,72,65,100,40,91
25,73,76,13,65,14,3,61,28,73
48,7,38,54,30,72,95,14,22,77
25,93,20,13,56,14,78,50,35,32
25,73,76,13,45,14,78,50,94,32
25,93,20,64,65,9,3,86,94,14
25,73,76,64,65,9,3,61,28,73
58,18,92,96,19,64,91,94,79,83
25,44,20,64,56,14,3,86,35,73
7,71,11,92,19,75,86,19,47,97
58,18,92,92,19,64,86,19,79,97
25,44,76,64,45,14,12,61,35,73
25,44,76,64,45,14,3,50,28,32
25,93,76,13,56,9,3,61,35,32
17,87,62,67,52,72,57,100,54,91
53,36,61,96,43,34,16,27,19,41
7,71,11,92,19,64,86,44,47,97
25,93,20,13,45,14,12,86,94,73
25,93,76,64,65,9,12,50,94,14
25,73,20,64,45,9,78,86,35,32
53,36,90,96,84,33,16,29,19,41
45,36,61,15,84,33,16,29,12,27
25,73,76,13,65,9,12,61,28,73
25,93,76,64,65,14,78,86,94,32
57,71,92,92,19,64,86,94,79,97
25,44,76,13,56,14,78,50,94,73
57,71,92,96,19,64,91,19,79,97
57,71,11,92,19,25,86,94,16,97
50,91,18,8,78,89,92,89,85,34
58,18,92,92,19,25,91,44,47,83
53,86,90,96,84,34,16,29,12,8
7,71,92,96,19,25,66,94,79,97
45,36,61,15,43,33,16,29,19,27
25,44,20,13,45,14,3,86,94,32
57,71,92,92,19,25,66,94,79,83
7,18,92,96,19,25,91,19,47,97
31,37,75,40,53,81,88,40,24,44
63,22,83,95,59,88,67,100,36,14
7,40,50,66,68,25,99,2,93,58
25,73,20,13,45,14,3,86,35,73
58,71,11,96,19,25,86,19,79,83
12,81,63,38,37,99,36,96,42,47
90,26,50,96,84,34,16,29,12,27
7,18,92,96,19,25,66,19,47,97
25,93,20,64,65,9,12,50,94,32
53,86,90,9,43,33,16,27,12,41
64,40,50,66,88,25,99,2,99,20
33,27,32,91,25,67,79,20,68,71
87,97,71,46,17,95,41,92,40,85
25,73,76,13,56,14,12,86,94,32
25,73,76,13,56,9,3,61,28,14
45,36,61,96,43,34,16,29,19,41
64,100,50,99,73,25,99,2,6,58
87,97,3,46,39,16,100,92,40,85
25,73,20,13,56,14,78,50,94,73
25,93,20,64,65,9,78,86,94,14
7,18,11,92,19,75,86,94,79,83
58,71,92,92,19,75,66,94,79,83
57,18,11,96,19,75,91,19,47,83
25,93,76,13,45,9,12,61,28,32
58,71,92,92,19,75,91,94,47,97
58,18,92,92,19,75,91,19,79,97
53,36,61,9,43,34,16,29,12,41
99,37,75,79,53,42,88,82,10,97
7,71,11,96,19,25,66,19,79,83
45,36,90,15,43,33,16,27,19,27
61,5,66,38,70,1,37,19,2,23
90,36,90,9,84,34,16,29,12,8
90,86,50,15,43,34,16,27,19,8
53,86,50,96,43,33,16,27,12,27
73,10,90,72,97,13,5,38,11,89
7,39,11,92,19,75,91,44,47,97
35,94,18,77,78,89,92,89,36,34
25,73,76,13,65,9,78,61,94,32
31,37,75,40,52,81,88,51,24,44
31,37,75,79,53,81,88,40,10,44
57,18,11,92,19,64,86,94,79,83
25,73,76,13,45,14,78,50,28,73
57,39,92,92,19,25,66,19,47,83
25,73,20,64,56,9,3,61,28,73
53,26,61,9,84,34,16,29,12,27
57,18,92,92,19,75,66,44,79,97
61,5,66,97,70,1,37,19,2,23
53,86,61,96,43,33,16,27,19,41
99,37,75,79,53,81,88,51,24,97
58,39,11,92,19,25,66,94,47,83
25,73,76,64,56,14,78,86,94,14
7,39,11,92,19,75,91,94,79,83
7,39,92,96,19,64,86,44,79,83
25,93,20,64,45,14,3,61,35,14
45,36,61,96,84,34,16,27,12,41
25,73,20,13,56,9,12,50,94,32
92,40,50,99,73,25,99,2,99,20
45,36,61,9,84,34,16,29,12,8
25,73,20,13,56,9,3,61,94,32
45,86,50,96,84,34,16,27,12,41
25,73,20,64,56,14,12,61,94,32
57,71,92,92,19,64,91,19,79,83
57,71,92,96,19,64,91,94,79,97
57,18,11,96,19,64,91,44,79,83
25,73,76,64,65,14,78,61,28,32
95,63,66,20,33,10,90,91,38,21
25,44,20,64,45,9,12,86,28,73
25,93,76,64,56,9,78,50,94,14
53,26,50,96,43,33,16,27,19,27
25,44,20,64,56,9,3,50,28,32
61,5,66,97,70,99,98,96,2,23
90,36,90,15,84,33,16,29,19,41
25,73,76,13,65,14,78,50,94,14
61,5,66,97,53,48,98,96,2,70
16,35,30,49,44,73,96,94,49,16
25,93,20,64,45,9,78,61,28,32
12,81,63,38,37,49,36,96,42,47
25,93,76,64,65,9,78,61,35,73
25,44,20,13,45,9,3,86,94,14
58,39,11,96,19,25,66,44,47,83
4,35,30,14,44,84,3,61,49,7
57,39,11,92,19,75,66,94,79,83
25,93,20,13,45,14,78,86,28,14
90,36,61,9,43,34,16,29,19,8
42,5,66,38,70,1,98,19,2,31
7,71,11,96,19,25,66,94,79,83
45,36,61,9,84,34,16,29,19,41
7,18,92,92,19,64,66,44,47,97
53,86,50,15,43,33,16,29,12,41
25,73,20,64,56,14,3,50,35,32
25,44,76,13,45,9,3,50,35,73
57,71,92,92,19,64,86,44,47,83
53,26,50,15,43,34,16,27,12,41
58,18,92,92,19,75,91,94,79,83
7,18,92,92,19,25,86,19,16,83
57,71,11,92,19,75,66,44,16,97
25,73,76,13,56,14,78,61,28,73
7,39,92,96,19,64,86,94,47,97
45,36,50,9,84,34,16,27,12,27
25,44,76,64,45,14,3,86,28,32
25,93,76,64,56,9,3,86,35,32
25,73,20,13,45,14,78,61,28,73
53,36,90,9,43,34,16,27,12,41
90,86,50,96,43,33,16,27,12,8
25,93,20,13,45,14,78,86,94,32
58,18,11,92,19,75,86,94,79,97
73,22,90,72,97,75,5,16,11,89
53,86,61,96,84,34,16,27,19,41
31,37,75,79,52,81,88,40,10,44
31,37,75,40,52,42,88,82,24,97
25,73,76,64,45,14,78,50,94,73
58,18,92,96,19,64,66,19,79,97
25,44,76,64,56,9,78,50,94,32
73,22,7,72,97,13,5,38,75,83
18,5,66,97,53,1,98,19,2,31
25,93,20,64,45,14,78,50,94,32
53,86,90,9,84,33,16,29,12,27
90,86,61,15,43,33,16,27,19,41
90,36,90,15,84,34,16,29,19,41
57,18,11,96,19,64,91,44,47,83
58,39,92,92,19,64,91,94,16,97
25,93,76,64,45,14,3,50,35,73
17,37,75,40,52,42,88,82,10,15
58,71,92,96,19,25,91,94,79,83
58,71,92,92,19,75,66,44,79,83
25,93,76,64,56,9,3,61,35,14
25,73,76,13,45,9,78,86,28,14
64,100,50,66,68,25,99,23,93,58
8,60,5,94,48,10,95,95,55,24
7,39,11,96,19,64,66,44,16,83
57,71,11,92,19,25,66,44,79,97
25,73,76,64,65,14,3,86,28,14
36,48,5,94,48,10,95,99,13,26
25,73,76,13,45,9,3,61,28,14
57,71,92,92,19,25,91,44,79,83
25,44,20,64,45,14,12,50,28,14
45,26,90,15,84,34,16,29,19,8
57,39,92,96,19,64,66,94,79,83
4,35,30,49,44,73,3,13,49,16
61,5,66,38,53,99,37,4,2,70
58,39,92,92,19,64,86,94,47,97
12,81,63,38,43,99,36,1,42,42
25,73,76,13,56,9,3,86,35,14
58,71,92,96,19,64,86,44,16,83
25,73,76,13,65,9,3,61,94,73
25,73,76,13,45,9,3,50,94,73
57,71,11,92,19,25,86,94,47,97
17,60,56,67,52,72,65,100,46,91
25,93,76,64,45,9,12,50,94,14
57,71,11,96,19,25,66,44,47,83
90,36,61,15,84,33,16,27,12,41
17,60,62,67,52,72,65,95,46,91
45,26,90,9,43,33,16,27,12,41
45,26,90,9,84,33,16,29,19,8
25,44,76,13,65,9,12,86,35,32
61,5,66,38,53,99,98,4,2,31
87,97,71,46,39,16,78,92,40,85
58,18,92,92,19,25,91,44,79,83
7,18,11,92,19,64,86,94,47,97
7,18,11,92,19,64,91,94,79,97
25,44,76,13,65,9,3,61,94,14
25,44,20,64,65,9,78,86,35,73
7,71,92,92,19,25,86,44,79,97
95,76,66,20,33,10,90,91,38,21
57,39,92,96,19,75,91,44,47,97
25,73,76,64,45,14,12,86,35,73
7,39,92,96,19,64,66,44,47,97
90,86,61,15,43,34,16,27,12,41
25,93,20,13,65,9,12,50,35,73
7,71,92,92,19,25,86,19,16,83
56,81,63,38,37,49,36,1,32,47
58,71,11,92,19,64,86,19,16,97
25,73,76,64,56,14,78,61,35,32
7,100,50,99,68,25,99,2,99,20
53,86,90,9,84,33,16,29,19,8
7,71,11,96,19,75,86,19,16,97
25,93,76,64,65,9,12,86,94,14
53,36,50,96,84,33,16,27,19,27
57,39,92,92,19,25,86,19,47,97
25,73,20,64,45,14,78,50,35,32
25,73,20,13,56,9,3,50,94,14
25,73,20,13,45,14,12,86,28,32
7,18,11,96,19,75,86,19,47,97
45,36,90,15,43,33,16,29,19,8
90,36,90,9,84,34,16,29,19,8
25,93,76,64,56,14,78,61,94,14
7,39,11,96,19,64,66,19,16,97
61,5,66,97,53,1,37,19,2,70
37,7,38,54,25,72,16,14,22,77
63,22,91,95,59,88,61,26,32,83
25,73,20,64,56,14,78,61,35,32
25,73,20,64,65,14,12,50,35,32
25,44,20,13,56,9,12,50,35,73
90,26,50,9,84,33,16,29,12,8
58,71,11,92,19,75,66,94,79,83
7,39,11,96,19,75,86,44,16,83
25,44,76,13,45,14,3,50,35,32
25,73,76,13,45,14,12,61,28,73
36,48,5,94,23,73,95,99,13,82
57,39,11,96,19,25,66,94,79,83
53,36,50,9,43,34,16,29,19,8
90,86,90,15,84,34,16,27,19,8
4,35,30,49,44,73,96,13,49,7
25,93,20,13,65,9,3,50,94,32
7,18,11,96,19,25,86,44,79,97
55,81,63,38,1,99,95,1,42,42
25,44,20,64,45,9,12,61,35,32
25,93,20,13,45,14,78,61,94,32
57,18,92,96,19,75,66,94,16,83
12,81,63,38,1,49,95,1,42,21
45,36,50,9,84,34,16,27,19,27
73,10,12,72,76,75,5,68,11,89
57,71,92,92,19,75,86,19,79,97
58,71,92,96,19,64,66,19,16,83
53,86,90,15,43,34,16,27,19,8
42,5,66,38,53,48,98,4,2,70
95,93,66,20,33,59,25,91,38,99
36,60,5,94,23,10,95,95,55,26
16,35,30,49,90,84,16,61,49,7
58,71,11,92,19,64,66,44,79,97
57,18,92,92,19,25,86,94,79,97
57,39,11,96,19,64,91,94,47,83
95,63,66,20,33,1,90,91,38,21
57,18,11,96,19,75,91,19,79,97
25,44,76,13,56,9,78,61,35,32
53,26,50,15,84,34,16,29,19,41
53,36,90,96,43,34,16,27,12,27
25,44,76,13,56,9,12,86,35,73
57,39,92,96,19,64,91,94,47,97
58,18,92,96,19,25,91,19,47,97
25,44,76,13,56,9,12,86,94,73
57,39,11,96,19,25,91,94,79,97
57,39,92,96,19,75,91,19,47,83
53,86,50,96,43,34,16,29,19,27
53,86,90,15,43,33,16,29,19,27
56,81,63,38,1,99,95,96,32,47
53,86,90,96,43,33,16,27,12,41
25,44,20,13,65,9,3,61,94,14
45,86,90,15,84,34,16,27,12,41
57,71,92,96,19,25,86,94,47,83
73,10,7,72,97,13,5,16,75,83
99,37,75,79,79,81,88,40,10,15
95,93,66,20,33,1,25,91,38,99
25,93,20,64,45,9,12,50,35,14
7,71,92,92,19,75,86,19,47,97
53,86,61,15,43,34,16,27,19,41
25,93,20,13,65,9,78,50,94,32
58,18,92,96,19,64,86,94,47,83
50,75,18,77,78,89,33,89,36,34
57,39,11,96,19,25,91,19,79,83
73,59,12,72,97,13,5,16,75,83
90,26,50,9,43,34,16,29,12,27
35,94,18,8,78,89,33,89,85,34
25,73,20,13,65,9,12,86,94,14
58,71,11,92,19,64,86,44,79,83
25,44,20,64,45,14,3,61,35,14
58,71,11,92,19,64,66,44,16,83
45,86,90,15,43,34,16,27,19,8
25,44,76,13,45,14,12,86,28,14
25,73,20,64,65,9,3,61,35,32
18,5,66,38,70,1,98,96,2,31
53,36,61,9,84,33,16,27,12,8
7,71,11,96,19,25,66,44,47,97
57,71,92,92,19,75,91,94,16,83
25,44,76,13,56,14,12,86,28,14
25,73,76,64,56,14,78,61,28,14
73,10,7,72,76,13,5,16,11,89
45,86,50,9,43,33,16,29,12,8
17,37,75,40,79,42,88,51,24,97
61,5,66,38,70,1,98,96,2,23
25,93,20,64,65,14,3,61,35,73
57,71,92,92,19,25,66,94,47,97
8,60,77,94,48,10,95,99,55,26
61,5,66,38,53,48,98,19,2,70
7,71,92,92,19,75,91,19,79,83
58,18,11,96,19,64,91,19,47,83
25,73,20,64,45,14,3,86,35,14
25,44,20,64,65,9,3,50,28,73
58,71,11,96,19,64,66,44,79,97
7,100,50,99,73,25,99,78,6,58
25,93,76,13,56,14,12,86,35,73
58,71,11,92,19,25,86,44,79,83
4,35,30,14,90,31,96,94,49,7
57,18,92,92,19,25,66,19,16,97
17,37,75,79,52,42,88,51,10,97
58,18,11,96,19,75,91,94,79,97
25,73,20,13,56,9,12,50,28,14
53,86,50,15,43,34,16,29,12,8
57,71,11,92,19,64,86,44,16,83
7,39,11,92,19,25,86,19,16,97
25,73,76,13,45,9,78,61,35,32
25,73,20,13,56,14,78,61,28,14
25,93,76,13,65,9,12,86,28,73
25,93,76,64,45,14,78,50,35,14
57,39,11,96,19,25,86,19,47,97
45,36,90,9,84,34,16,27,12,27
57,71,92,96,19,64,86,94,16,97
53,26,90,96,43,33,16,29,12,41
50,75,18,77,78,89,39,89,36,34
45,26,90,15,43,33,16,29,12,41
57,39,92,96,19,64,91,44,79,97
17,87,62,1,52,72,65,100,40,91
53,26,90,96,84,33,16,27,12,41
7,71,11,92,19,25,66,94,16,83
18,5,66,38,70,99,37,96,2,23
25,93,20,13,65,9,3,50,28,73
25,73,20,64,65,9,78,50,35,32
45,86,61,96,84,34,16,29,12,27
90,86,61,9,84,34,16,27,19,41
53,86,50,15,84,33,16,29,19,27
25,73,76,64,45,14,78,86,35,32
8,60,5,94,79,73,95,99,13,24
61,5,66,97,53,99,37,4,2,31
57,18,11,96,19,25,66,94,47,97
7,40,50,66,68,25,99,2,6,20
25,73,76,64,45,9,12,61,35,14
35,94,18,21,78,89,39,89,85,34
64,40,50,66,73,25,99,2,93,58
25,93,20,64,65,14,3,61,94,32
58,39,92,92,19,25,91,19,79,97
45,26,90,9,43,34,16,27,12,8
8,48,5,94,48,10,95,95,13,26
63,22,91,95,59,88,60,26,36,83
7,71,11,96,19,64,91,94,16,97
17,60,91,67,52,72,34,100,46,91
25,44,76,64,56,9,78,50,28,73
25,44,20,13,65,14,3,86,28,14
57,18,11,96,19,25,66,19,16,97
64,100,50,99,73,25,99,23,99,20
57,18,92,96,19,64,91,44,79,83
25,73,20,13,45,14,78,86,35,14
7,40,50,66,73,25,99,2,6,58
57,71,11,92,19,75,91,19,16,83
58,39,11,92,19,75,91,44,47,83
25,73,76,64,45,14,78,61,94,14
58,18,92,96,19,64,91,19,47,83
25,44,20,64,65,9,3,50,35,14
90,86,50,9,84,33,16,29,19,27
25,93,76,64,65,14,78,61,94,73
25,93,20,64,45,9,12,86,94,73
57,39,11,92,19,25,91,44,47,97
25,73,20,13,65,14,3,50,28,14
53,36,50,96,43,34,16,29,19,41
61,5,66,97,53,48,37,96,2,31
58,18,11,92,19,25,91,19,16,83
61,5,66,97,70,1,98,96,2,31
72,49,27,37,35,43,79,84,95,73
7,71,92,96,19,75,86,19,47,97
7,100,50,99,68,25,99,2,93,20
7,40,50,66,88,25,99,2,99,20
57,39,11,92,19,25,66,94,79,83
57,39,92,96,19,75,66,94,47,83
45,86,61,96,43,34,16,27,12,27
25,73,76,64,45,9,78,61,35,32
7,39,11,96,19,25,91,44,47,83
12,5,13,28,43,21,98,97,6,6
57,18,11,92,19,25,86,94,79,97
42,5,66,38,53,48,98,4,2,31
25,44,76,13,45,9,78,61,28,73
36,60,5,94,23,10,95,99,13,82
63,22,74,95,59,88,61,26,32,14
53,86,61,9,84,34,16,29,12,8
4,35,30,49,44,73,96,94,49,16
7,100,50,66,73,25,99,23,93,20
8,60,77,94,23,73,95,95,13,82
57,39,92,96,19,75,91,94,47,97
58,39,92,92,19,25,86,44,16,83
45,36,50,15,84,34,16,27,12,8
17,37,75,79,52,42,88,40,10,97
57,71,11,96,19,25,66,19,79,83
7,100,50,66,68,25,99,78,93,20
64,100,50,99,68,25,99,78,99,58
53,26,90,96,84,34,16,29,19,27
4,35,30,14,44,84,96,94,49,16
25,73,20,13,56,9,12,86,94,32
45,26,90,15,43,33,16,29,19,41
45,26,50,15,43,34,16,27,12,27
42,5,66,97,53,99,37,4,2,70
45,26,90,96,43,34,16,29,19,8
90,86,61,15,43,33,16,29,19,27
25,93,20,64,56,9,3,86,28,32
53,86,50,96,84,34,16,29,12,8
25,44,20,13,45,14,3,50,94,32
17,37,75,40,79,42,88,82,10,97
25,44,76,64,56,14,78,86,94,73
73,22,7,72,76,13,5,38,75,83
57,39,11,92,19,75,91,19,47,97
92,100,50,99,88,25,99,23,99,58
7,39,11,96,19,75,91,94,47,83
25,44,20,64,56,9,3,61,35,32
25,93,20,64,45,9,3,61,28,32
25,93,76,64,56,9,12,50,28,73
25,73,20,13,45,14,3,86,94,32
57,39,11,96,19,64,86,19,16,83
42,5,66,38,70,1,37,4,2,23
25,93,20,64,65,9,78,50,35,73
7,71,11,92,19,25,91,44,79,97
56,81,63,38,1,99,36,96,32,42
57,39,92,96,19,64,91,19,47,83
7,18,11,96,19,75,86,94,47,83
57,18,92,96,19,75,86,44,16,97
90,36,50,9,43,33,16,27,12,8
61,5,66,97,53,99,98,19,2,31
57,39,92,92,19,75,86,44,16,97
57,71,11,92,19,25,66,94,16,83
57,39,11,96,19,25,66,44,79,97
25,93,76,13,56,9,12,61,35,32
25,44,20,64,56,14,12,61,28,32
57,18,92,92,19,75,66,94,47,83
45,86,90,15,43,34,16,29,19,41
7,71,92,96,19,75,91,44,47,97
58,18,92,92,19,64,66,94,79,83
7,18,92,92,19,64,66,94,79,83
50,75,18,8,78,89,39,89,85,34
61,5,66,97,53,99,98,96,2,70
53,26,61,15,84,33,16,29,12,41
53,26,50,9,84,34,16,29,12,8
73,10,12,72,97,75,5,68,11,83
25,93,20,64,45,14,78,86,35,14
8,60,5,94,23,10,95,99,13,82
7,39,11,96,19,25,66,94,47,97
57,18,92,96,19,75,86,94,79,83
57,39,92,96,19,75,86,94,79,97
25,5,20,44,11,21,98,97,6,4
25,73,76,13,56,9,3,61,35,73
25,73,76,13,45,9,12,61,94,32
25,93,76,64,45,14,3,61,35,73
45,86,61,9,43,34,16,27,19,27
58,18,92,92,19,64,86,44,16,83
25,93,76,64,45,9,78,86,35,73
53,86,90,15,84,34,16,27,12,8
63,22,74,95,59,88,67,100,36,14
25,73,76,64,65,9,3,50,28,73
25,73,20,64,45,14,3,61,94,73
25,93,20,13,56,14,78,86,28,14
25,44,76,64,45,14,12,61,94,73
58,39,92,92,19,25,66,19,79,97
58,18,92,92,19,25,66,44,79,97
25,73,76,64,65,14,12,86,94,14
25,93,20,64,56,9,12,50,35,32
53,36,90,15,43,33,16,27,12,41
25,73,76,13,45,9,3,86,35,73
25,93,76,13,45,9,12,50,35,32
25,73,20,64,65,14,78,86,35,14
57,71,11,92,19,25,86,19,16,97
57,18,11,96,19,75,91,94,16,97
57,18,11,92,19,64,86,94,47,83
36,60,5,94,23,73,95,99,13,82
45,26,61,9,84,33,16,27,12,27
42,5,66,97,53,48,98,96,2,70
57,18,92,96,19,75,86,44,47,97
25,44,20,64,56,9,78,86,35,73
7,18,11,92,19,64,66,19,79,83
53,26,61,96,43,33,16,27,19,8
7,39,92,96,19,25,66,94,16,83
90,36,50,9,43,33,16,27,12,41
25,73,76,64,56,14,78,61,28,32
7,71,11,92,19,25,66,19,16,97
25,44,20,13,65,9,12,86,28,14
58,71,11,92,19,64,66,44,47,97
53,26,50,15,43,33,16,27,12,27
25,93,76,64,45,14,3,86,35,73
58,39,11,96,19,75,66,44,47,83
7,71,92,96,19,75,66,94,79,97
25,73,20,13,56,14,12,86,35,32
50,94,18,21,78,89,92,89,85,34
50,75,18,8,78,89,33,89,85,34
25,73,20,64,65,14,12,50,28,32
7,100,50,66,68,25,99,23,99,20
25,93,20,13,45,14,3,61,35,14
25,73,76,13,65,14,3,86,28,32
17,37,75,40,52,42,88,40,10,44
92,40,50,66,88,25,99,78,6,20
73,59,12,72,97,75,5,68,11,83
45,86,50,96,43,33,16,27,19,8
58,71,92,92,19,75,66,94,47,83
33,27,32,65,33,67,8,20,68,71
90,26,61,96,43,34,16,29,19,27
90,86,90,96,43,33,16,27,12,41
90,26,90,96,43,33,16,27,12,41
57,18,92,96,19,25,91,44,47,83
57,18,92,96,19,25,91,19,79,97
58,71,11,96,19,75,66,44,79,97
25,93,20,64,65,9,12,61,28,32
25,44,20,64,65,9,12,61,94,73
45,36,61,9,43,34,16,29,12,41
90,86,50,15,43,34,16,29,19,27
17,87,56,67,52,72,65,100,46,91
63,22,83,87,59,88,60,100,32,83
25,73,20,64,45,14,12,86,28,73
7,18,92,96,19,64,86,94,79,83
25,44,76,13,45,9,3,50,94,14
42,5,66,38,53,1,37,96,2,70
25,73,20,13,65,9,12,61,28,14
45,26,50,96,84,33,16,27,19,41
45,86,50,9,84,33,16,27,19,41
61,5,66,97,53,1,98,4,2,31
50,91,18,77,78,89,92,89,36,34
57,39,92,96,19,64,91,94,16,83
17,37,75,79,53,42,88,40,24,15
56,81,63,38,43,49,36,96,32,42
18,5,66,97,70,48,98,4,2,31
25,93,20,13,45,9,12,61,28,14
57,39,92,96,19,75,86,44,47,97
45,26,61,96,84,33,16,27,19,27
56,81,63,38,1,99,36,96,42,42
58,39,92,96,19,25,91,19,16,97
25,44,76,64,56,9,3,50,35,73
50,94,18,77,78,89,33,89,36,34
25,93,20,13,56,9,3,50,94,73
25,44,76,64,65,14,3,61,28,73
90,36,90,96,84,33,16,29,12,27
31,37,75,40,53,81,88,82,24,44
45,86,90,96,43,34,16,27,12,27
8,76,10,20,33,59,90,91,38,37
53,86,50,96,43,33,16,27,19,8
57,18,11,96,19,25,91,19,79,97
73,22,7,72,76,75,5,38,11,89
63,22,83,95,59,88,60,26,32,14
25,73,20,13,56,9,12,61,28,14
25,93,20,13,65,9,3,61,94,32
25,93,76,64,56,9,12,86,35,14
53,36,90,15,43,34,16,29,12,41
55,81,63,38,43,99,95,1,32,21
58,71,11,92,19,64,86,19,16,83
90,26,61,15,43,34,16,29,19,41
73,59,12,72,97,75,5,16,11,89
90,86,61,9,84,33,16,29,12,8
7,39,92,92,19,75,66,19,79,97
25,44,20,13,56,14,3,86,28,73
45,36,50,15,84,34,16,27,19,8
45,26,90,15,84,33,16,27,12,41
25,93,20,13,65,14,78,61,94,14
58,18,11,96,19,25,91,44,47,97
25,44,76,64,56,14,3,61,94,14
58,71,11,92,19,64,91,44,47,97
57,39,11,96,19,64,66,19,79,83
58,18,11,96,19,75,66,94,47,97
25,93,20,64,56,14,78,50,94,14
25,73,20,64,45,14,3,86,94,14
73,59,7,72,76,75,5,16,11,83
90,26,61,96,84,33,16,27,12,41
92,40,50,66,88,25,99,78,93,20
57,39,92,92,19,75,91,19,47,83
17,87,91,20,52,72,65,100,46,91
25,44,76,13,65,9,12,61,28,73
4,35,30,49,90,31,96,61,49,7
53,26,61,96,84,34,16,29,19,8
90,86,50,96,43,33,16,29,12,8
25,44,76,64,56,14,3,61,94,73
7,71,11,96,19,64,86,44,47,97
45,26,61,96,84,34,16,29,12,41
25,73,20,13,65,9,3,50,28,14
12,5,20,44,48,21,76,97,6,4
25,44,76,64,65,14,3,61,35,14
12,81,63,38,43,99,95,1,32,47
7,71,11,96,19,25,66,44,79,83
58,39,11,96,19,64,66,19,79,83
25,73,20,13,56,9,3,86,28,32
90,26,90,9,84,33,16,29,12,27
25,93,76,64,65,14,78,50,35,32
7,71,11,92,19,75,91,44,16,97
53,26,50,96,84,34,16,27,12,41
25,73,76,64,65,14,3,86,94,14
53,36,50,9,84,33,16,27,12,41
57,71,92,96,19,64,86,19,79,97
57,39,11,96,19,25,66,94,16,83
25,44,76,64,45,14,3,86,35,32
25,93,20,64,56,9,3,50,94,32
57,18,92,96,19,25,86,94,79,97
61,5,66,97,53,99,37,4,2,23
53,36,90,9,43,34,16,29,19,8
45,26,50,96,43,33,16,27,12,41
64,100,50,66,68,25,99,78,99,20
33,27,32,91,33,67,79,20,68,48
25,93,76,64,45,14,78,61,94,32
75,27,32,65,33,67,8,20,68,48
95,63,10,20,33,1,90,91,38,21
90,26,50,96,43,34,16,27,19,27
25,73,20,13,65,9,12,86,28,32
12,81,63,38,37,49,36,96,32,47
7,18,92,92,19,75,66,44,16,83
57,39,11,96,19,25,91,44,79,97
90,26,61,9,43,34,16,27,12,27
31,37,75,79,79,42,88,40,10,15
58,18,92,96,19,64,91,44,47,83
25,93,20,64,45,9,3,50,94,32
42,5,66,97,70,48,37,19,2,70
7,71,11,92,19,25,91,94,16,97
25,73,20,13,45,9,12,86,28,32
53,26,90,15,84,33,16,27,19,41
25,93,20,64,65,9,78,61,94,14
58,18,92,92,19,25,66,44,79,83
25,44,20,64,56,14,12,86,28,73
25,44,76,64,56,9,78,86,94,73
18,5,66,97,53,48,37,4,2,31
25,93,20,64,65,9,78,61,35,73
25,93,20,13,45,14,3,86,28,14
57,18,92,92,19,64,91,19,47,97
45,26,61,96,84,33,16,29,19,41
25,44,20,13,45,9,3,61,94,14
58,39,11,96,19,75,86,94,79,83
58,71,92,96,19,64,86,94,79,97
73,22,7,72,76,13,5,68,11,89
53,26,61,15,84,34,16,27,12,41
25,44,76,64,65,9,12,50,35,32
25,44,76,64,65,14,78,61,28,32
25,93,20,64,56,14,12,61,94,32
25,44,20,13,56,9,78,86,35,14
17,37,75,79,79,42,88,51,24,97
25,73,76,64,65,14,12,50,28,73
90,86,61,9,84,33,16,29,12,27
25,93,20,64,65,14,12,86,94,32
53,26,61,15,43,34,16,29,19,41
25,73,76,13,45,14,78,61,28,73
58,39,11,96,19,25,66,94,79,83
25,93,20,13,56,9,12,50,94,14
25,44,76,64,65,14,78,86,94,73
58,39,11,92,19,64,91,19,79,97
25,93,20,64,56,14,78,61,94,73
25,44,20,13,45,14,12,50,94,73
45,26,90,15,84,34,16,27,19,27
45,86,90,15,84,34,16,29,19,27
90,26,50,15,43,34,16,29,12,27
57,39,11,96,19,64,86,19,16,97
25,93,76,64,65,14,12,50,35,32
7,39,11,92,19,64,91,19,79,83
90,26,61,15,84,34,16,27,12,8
25,5,13,44,48,21,76,97,6,33
25,44,20,13,56,9,78,86,35,73
90,26,50,96,43,33,16,29,19,41
25,44,76,13,65,9,78,61,35,73
33,27,32,65,25,48,8,20,68,71
7,18,11,92,19,75,91,19,16,83
17,87,91,1,52,72,34,95,40,91
53,86,50,9,43,34,16,27,12,27
90,36,50,96,84,34,16,29,19,27
17,87,56,20,52,72,34,95,54,91
17,60,56,20,52,72,34,95,40,91
36,48,5,94,79,10,95,95,55,82
25,73,76,13,65,14,12,50,94,73
73,22,90,72,76,75,5,16,11,83
58,39,92,96,19,25,86,19,79,97
7,18,92,92,19,75,86,19,79,97
7,71,92,96,19,64,66,19,79,97
25,93,20,13,65,14,12,50,35,73
25,44,76,64,65,14,3,86,94,14
25,73,20,64,45,14,3,86,28,32
7,18,92,96,19,75,91,44,79,83
7,18,11,96,19,25,66,44,79,97
7,39,92,92,19,64,66,44,47,83
57,71,92,96,19,75,86,94,47,97
25,73,20,64,45,14,12,61,94,32
7,40,50,99,88,25,99,2,6,58
57,18,11,96,19,25,86,44,79,97
87,94,86,75,21,33,33,59,75,66
90,26,61,96,43,33,16,27,12,41
58,71,92,92,19,75,66,94,79,97
63,22,74,95,59,88,67,100,36,83
45,26,90,9,84,34,16,27,12,27
45,26,50,15,84,34,16,27,19,27
53,86,50,96,43,34,16,27,12,41
42,5,66,97,53,1,37,19,2,23
55,81,63,38,43,99,36,96,42,42
57,39,92,96,19,64,86,94,16,97
8,60,5,94,48,10,95,99,13,24
57,39,92,96,19,64,66,44,79,83
53,26,61,15,84,33,16,29,19,8
36,48,5,94,79,73,95,99,13,26
25,73,76,13,65,14,78,61,94,32
7,71,11,92,19,75,86,44,79,97
4,35,30,14,44,73,3,94,49,7
58,71,11,92,19,25,91,44,79,83
57,18,92,92,19,25,66,44,79,83
25,44,76,64,45,14,78,50,94,14
58,18,92,96,19,25,66,44,16,97
90,36,61,15,43,34,16,29,12,27
58,18,11,96,19,64,91,44,47,83
45,86,50,9,84,34,16,27,12,27
58,18,11,96,19,25,91,19,16,97
45,86,61,9,84,34,16,27,12,27
53,26,61,96,43,34,16,29,12,8
7,39,92,96,19,64,91,19,47,97
25,73,76,64,65,9,3,86,35,14
25,44,76,64,56,14,3,61,94,32
25,44,20,64,65,14,78,86,94,32
90,36,90,9,84,33,16,29,12,41
73,59,7,72,76,13,5,16,11,83
36,60,77,94,23,10,95,95,13,24
25,93,76,13,45,14,3,50,94,14
45,36,50,96,84,33,16,27,19,41
57,18,92,92,19,25,86,44,79,83
7,71,11,96,19,25,86,19,47,83
25,44,76,13,45,9,78,50,28,32
25,44,20,13,45,9,12,61,28,73
25,73,20,64,45,9,78,86,94,32
7,71,11,96,19,25,86,94,47,83
58,18,11,92,19,64,91,44,79,83
25,44,76,64,45,9,3,50,28,32
53,26,50,96,43,34,16,27,12,41
7,39,11,92,19,64,66,94,47,97
53,36,50,96,84,33,16,27,12,41
58,71,11,96,19,64,86,44,16,83
25,93,76,64,56,14,78,61,28,32
25,73,76,13,65,14,78,86,94,14
90,86,50,15,43,34,16,27,12,8
25,44,20,64,45,14,3,61,35,73
45,36,50,15,84,33,16,29,12,41
58,71,11,96,19,64,91,94,47,83
16,35,30,49,44,31,16,61,49,7
8,60,5,94,79,73,95,99,13,26
8,60,77,94,48,73,95,99,55,82
57,39,11,96,19,64,86,19,47,97
7,39,92,96,19,75,86,94,47,83
8,60,77,94,23,10,95,99,55,24
4,35,30,49,90,31,16,94,49,16
36,60,5,94,23,10,95,99,55,24
7,71,92,96,19,25,91,94,16,97
57,71,92,92,19,64,66,44,79,83
16,35,30,14,90,84,16,94,49,16
57,39,92,96,19,25,66,94,16,97
58,76,66,20,33,59,25,91,38,37
45,86,61,96,84,33,16,27,12,8
16,35,30,14,44,84,16,94,49,7
42,5,66,38,53,99,37,96,2,23
36,60,5,94,48,73,95,99,13,82
53,26,61,9,84,33,16,27,12,27
25,93,20,13,65,9,3,50,28,32
57,71,11,92,19,75,91,94,16,97
8,60,5,94,48,73,95,95,55,82
25,93,20,64,65,9,78,50,28,73
45,26,61,96,43,34,16,29,12,27
57,39,11,92,19,75,66,19,16,83
55,81,63,38,43,99,36,1,42,47
90,26,90,9,84,33,16,29,19,8
58,71,11,92,19,25,91,19,79,83
57,39,11,96,19,75,66,44,79,97
25,73,76,64,56,9,12,86,94,32
58,71,92,96,19,75,66,44,47,97
7,39,92,92,19,75,86,94,79,97
7,18,11,96,19,75,91,44,16,83
58,71,92,96,19,75,66,94,79,83
58,39,92,96,19,64,91,19,47,97
25,44,76,64,56,14,12,61,94,14
53,26,90,9,84,34,16,27,12,8
25,73,20,64,56,9,78,86,35,32
90,36,61,9,43,33,16,29,12,27
25,93,76,64,65,9,78,61,28,14
58,18,92,92,19,75,66,94,79,83
57,71,92,92,19,64,66,94,47,83
58,71,11,92,19,75,66,94,47,83
45,36,90,9,84,34,16,29,12,8
57,18,11,92,19,75,66,44,79,97
58,71,92,92,19,64,91,44,79,97
53,26,61,15,43,33,16,27,19,27
25,93,76,64,56,9,3,86,28,14
53,26,50,9,43,33,16,27,19,27
58,39,92,92,19,64,86,19,47,83
25,44,76,64,45,14,78,86,35,14
25,73,76,64,65,14,3,50,28,73
36,60,77,94,48,10,95,95,55,82
25,93,20,64,65,9,78,61,35,32
25,44,76,64,45,9,78,50,28,32
58,71,92,92,19,64,66,94,79,97
57,71,92,96,19,75,91,44,47,97
45,86,50,15,43,33,16,27,19,27
75,27,32,91,33,7,8,20,68,48
25,73,20,13,65,14,12,86,94,32
7,39,11,96,19,64,91,44,47,83
57,39,92,96,19,25,91,94,47,83
90,86,90,15,84,33,16,27,19,27
90,86,50,96,84,34,16,27,12,8
45,26,61,15,84,33,16,29,19,8
53,36,90,15,84,34,16,27,12,8
73,59,90,72,97,75,5,38,75,83
25,73,76,13,45,9,78,61,94,73
45,86,61,15,43,33,16,27,19,27
25,73,76,64,45,14,78,50,28,14
7,39,11,96,19,25,86,44,16,83
57,71,11,96,19,25,91,94,16,97
25,44,76,64,45,9,78,50,94,73
25,73,76,64,65,9,3,86,28,73
25,5,20,28,43,21,76,97,6,33
17,87,91,20,52,72,57,95,54,91
45,26,61,9,84,34,16,29,12,8
57,71,92,92,19,75,66,44,47,83
58,76,10,20,33,59,90,91,38,99
7,100,50,99,73,25,99,78,6,20
45,36,50,96,84,33,16,27,12,41
25,73,20,13,65,14,12,86,28,32
57,39,92,92,19,75,86,44,47,97
35,91,18,8,78,89,39,89,89,34
57,71,11,96,19,25,86,94,16,97
7,39,92,96,19,25,66,19,79,97
25,73,76,13,45,14,3,61,35,32
25,93,76,13,45,14,3,86,94,14
73,22,12,72,97,13,5,16,11,83
58,18,92,92,19,75,91,44,79,97
7,18,11,96,19,75,66,19,16,83
7,71,11,96,19,75,91,19,79,83
25,44,20,64,45,14,3,50,28,32
53,36,50,9,43,34,16,29,12,8
57,18,92,96,19,64,91,19,47,97
58,39,92,96,19,64,86,44,79,83
45,86,90,96,43,33,16,29,19,41
12,81,63,38,37,49,95,96,42,47
25,73,20,64,45,9,3,61,35,73
25,73,76,64,56,9,78,50,94,14
25,93,20,13,45,9,12,61,94,14
8,48,5,94,23,10,95,95,13,24
25,93,20,64,45,14,78,86,35,32
7,18,11,92,19,64,66,94,47,83
45,26,61,9,84,34,16,29,12,41
57,18,92,92,19,64,86,19,47,97
58,71,11,92,19,75,86,44,79,83
73,59,90,72,76,75,5,68,75,83
25,93,20,13,45,9,12,50,94,73
92,100,50,99,68,25,99,23,93,58
53,86,50,15,84,34,16,29,12,8
25,93,76,64,56,9,3,50,94,32
57,18,92,96,19,25,91,19,79,83
17,37,75,79,53,42,88,51,24,15
25,44,20,64,56,14,12,61,35,14
25,93,76,13,65,14,3,61,35,14
7,18,11,96,19,75,91,19,47,83
57,71,11,96,19,25,91,94,47,83
12,81,63,38,37,99,95,1,32,47
25,44,20,64,65,14,3,86,35,14
90,36,61,9,84,34,16,29,19,8
58,71,92,92,19,75,66,94,16,83
45,26,90,9,84,34,16,29,12,41
7,18,92,96,19,64,91,44,16,83
25,73,76,64,45,14,3,86,28,73
45,86,50,96,84,34,16,29,19,27
57,18,92,92,19,64,66,19,16,83
25,93,76,64,56,9,78,61,94,14
25,73,76,13,56,14,78,86,28,14
58,18,92,92,19,64,66,44,16,83
25,73,76,13,65,9,12,61,35,32
73,10,12,72,76,75,5,38,75,89
25,73,76,13,45,9,78,61,94,32
35,94,18,77,78,89,39,89,85,34
57,39,92,96,19,75,66,94,16,83
53,86,50,15,84,34,16,27,12,41
53,36,90,9,43,33,16,27,12,41
25,44,76,64,65,9,78,86,94,14
99,37,75,79,53,81,88,40,24,44
25,73,20,13,56,9,3,50,94,73
25,44,20,13,45,9,12,61,94,14
99,37,75,79,79,81,88,51,10,15
58,71,92,96,19,64,91,94,16,97
18,5,66,38,70,1,98,19,2,31
61,5,66,38,70,99,98,19,2,23
25,93,76,64,45,9,3,86,94,73
17,37,75,40,52,81,88,40,24,15
53,86,61,96,43,34,16,29,19,27
63,22,91,95,59,88,60,100,32,83
55,81,63,38,1,49,36,1,42,21
7,71,11,92,19,64,91,94,79,83
25,73,20,64,65,14,12,50,94,14
25,44,20,13,56,14,3,86,94,14
25,44,20,64,65,9,3,61,94,32
99,37,75,40,79,81,88,82,24,15
45,36,61,96,84,33,16,29,12,41
53,26,90,9,43,34,16,29,19,8
53,26,61,9,84,33,16,27,12,41
57,39,92,96,19,75,66,94,16,97
58,71,11,96,19,25,66,94,79,97
7,39,11,92,19,64,66,44,79,83
58,71,92,96,19,25,66,19,16,97
25,93,20,64,45,14,12,50,28,14
90,36,61,9,84,34,16,27,19,27
45,36,50,9,43,33,16,29,12,41
25,93,76,13,65,9,12,61,35,32
58,71,92,96,19,75,91,44,16,97
25,44,20,64,65,9,3,50,28,32
7,71,11,92,19,25,91,44,47,97
45,36,61,96,43,33,16,29,19,27
73,59,7,72,97,13,5,68,75,89
53,86,90,96,43,33,16,27,12,8
64,40,50,66,68,25,99,78,93,58
58,39,92,92,19,64,86,19,16,83
25,73,76,64,56,9,3,61,94,73
42,5,66,97,53,48,37,96,2,70
53,36,61,15,43,34,16,27,12,27
57,18,11,96,19,64,66,94,79,83
25,93,20,13,56,9,3,61,94,73
25,44,76,64,56,9,3,86,28,14
45,26,50,96,84,33,16,27,19,8
45,86,90,96,84,34,16,27,19,41
90,26,61,96,43,34,16,27,19,27
7,39,92,92,19,25,91,44,79,83
25,73,76,13,65,14,78,61,35,32
16,35,30,14,44,73,16,13,49,16
25,93,76,13,45,14,78,86,28,73
7,71,11,92,19,25,66,94,16,97
45,86,61,15,43,34,16,27,19,27
25,44,20,13,56,9,12,61,35,73
7,71,11,92,19,75,66,94,47,97
99,37,75,79,79,81,88,82,10,97
7,18,92,96,19,64,86,94,16,97
25,93,76,13,56,9,12,86,94,32
58,71,92,96,19,75,66,44,16,97
57,39,92,92,19,64,66,94,79,83
57,39,11,92,19,25,91,94,16,97
8,48,5,94,48,73,95,99,13,24
57,39,11,96,19,75,91,94,47,97
7,40,50,99,88,25,99,23,93,58
7,39,92,92,19,64,86,44,79,97
7,71,11,96,19,25,91,19,47,97
25,73,20,64,45,9,78,61,94,32
7,39,92,92,19,25,91,19,79,97
25,93,20,13,45,14,12,86,28,14
25,73,76,13,65,14,12,86,94,32
73,10,90,72,97,13,5,68,11,89
58,39,11,92,19,64,86,94,16,83
35,75,18,8,78,89,33,89,85,34
90,36,90,15,43,34,16,29,19,27
12,81,63,38,37,99,36,1,42,42
90,26,50,96,84,33,16,27,19,8
7,100,50,99,73,25,99,78,93,58
31,37,75,79,53,42,88,40,24,15
90,36,90,9,84,34,16,27,19,27
90,26,61,15,84,34,16,29,19,8
92,100,50,99,73,25,99,23,6,58
53,26,90,9,84,33,16,27,19,27
7,71,92,96,19,25,66,44,16,97
90,26,61,96,43,33,16,27,19,8
73,22,90,72,76,13,5,16,75,89
25,44,76,64,45,14,78,86,94,73
45,26,61,9,43,33,16,27,19,8
57,71,92,96,19,25,86,44,47,83
25,5,85,28,48,21,76,97,6,6
53,26,61,15,84,34,16,29,19,27
25,93,20,13,65,9,78,61,28,73
45,36,50,96,43,34,16,27,12,41
75,27,32,65,25,7,8,20,68,71
57,18,11,96,19,75,66,44,79,83
45,86,50,9,43,33,16,27,12,8
57,71,92,92,19,75,91,44,79,83
25,93,76,13,45,14,78,50,35,14
58,18,92,96,19,25,86,19,47,83
58,18,92,96,19,64,91,44,16,83
99,37,75,79,52,81,88,40,10,15
31,37,75,40,52,81,88,51,10,44
25,73,76,64,45,9,12,61,94,32
25,93,20,13,65,9,3,86,35,73
42,5,66,97,53,99,37,19,2,31
57,18,92,92,19,64,66,94,16,83
58,39,11,92,19,64,86,44,47,83
58,18,11,92,19,25,91,19,47,97
25,73,76,64,65,9,12,61,35,32
7,40,50,99,73,25,99,78,6,20
16,35,30,49,44,73,16,94,49,16
25,73,20,64,65,14,12,86,94,14
57,39,92,92,19,75,91,44,79,83
53,36,61,9,84,34,16,29,19,41
25,44,76,13,45,9,12,50,28,14
45,36,50,96,43,33,16,27,19,8
25,73,76,64,45,9,78,86,94,14
57,39,92,96,19,25,86,94,16,83
57,71,11,96,19,25,86,19,47,97
8,60,77,94,23,10,95,99,13,26
58,18,92,92,19,64,66,19,79,97
8,48,77,94,23,73,95,95,13,24
25,93,76,13,65,14,12,86,35,14
53,26,61,96,84,33,16,29,19,41
7,71,11,92,19,64,66,44,16,97
33,27,32,15,33,67,79,20,68,71
7,39,92,96,19,64,66,44,79,83
12,5,85,44,11,21,76,97,6,33
7,71,92,96,19,25,66,19,16,83
58,71,11,92,19,25,66,94,16,83
58,71,92,96,19,75,66,94,79,97
58,71,92,96,19,64,91,19,47,83
25,73,20,13,56,9,12,50,35,14
25,93,20,64,45,14,78,86,94,14
12,81,63,38,37,99,95,1,42,42
25,44,76,13,45,9,3,86,94,32
7,71,92,96,19,75,86,94,47,97
95,76,66,20,33,59,90,91,38,37
17,87,56,20,52,72,65,95,46,91
25,44,20,64,45,14,78,61,28,32
58,71,11,92,19,64,86,94,79,97
57,18,92,96,19,75,66,94,79,97
7,71,92,92,19,64,66,94,16,97
45,26,50,15,43,34,16,29,12,27
90,86,50,96,43,34,16,29,19,27
36,60,5,94,23,73,95,95,13,82
45,26,50,9,43,33,16,29,19,8
73,10,12,72,76,13,5,68,11,89
57,71,92,96,19,25,91,44,16,83
25,93,20,64,45,14,12,50,28,32
58,39,11,92,19,75,66,44,16,83
25,73,20,64,45,9,78,86,28,32
25,73,20,64,45,14,3,50,94,14
90,26,90,9,43,33,16,27,19,27
90,26,90,9,84,34,16,29,12,27
58,18,92,92,19,25,86,44,16,83
61,5,66,38,70,1,37,19,2,31
25,93,76,13,45,14,78,50,28,14
58,71,11,92,19,64,86,94,16,97
25,73,76,64,56,14,3,61,35,14
53,26,50,96,84,33,16,27,12,41
25,93,20,13,45,9,3,61,28,73
8,60,77,94,23,73,95,95,13,24
25,73,20,64,56,9,12,86,94,14
57,18,11,96,19,64,66,94,47,97
25,93,20,64,65,14,78,86,94,32
58,39,11,96,19,25,66,94,16,97
45,86,61,15,84,34,16,29,19,8
25,73,20,64,65,14,12,86,94,73
25,73,20,13,65,14,78,61,35,32
53,36,61,9,84,33,16,27,19,27
58,39,11,92,19,64,91,94,16,83
90,26,90,9,84,34,16,27,12,8
57,39,11,92,19,25,91,44,16,97
25,93,76,64,45,14,12,86,28,73
25,44,76,13,56,14,12,86,94,32
58,18,11,96,19,25,86,44,16,97
25,44,76,13,65,9,12,50,94,14
58,39,11,96,19,64,91,19,79,97
25,44,76,64,45,9,3,50,94,14
7,39,11,92,19,75,86,94,79,97
53,26,61,9,43,33,16,27,12,8
25,44,20,13,65,9,3,50,94,14
7,71,11,96,19,75,66,19,47,97
57,71,92,92,19,75,91,94,79,83
58,71,92,96,19,75,66,19,79,97
58,18,11,92,19,25,86,19,79,83
17,37,75,40,52,81,88,82,10,15
25,44,76,64,56,14,12,50,35,73
25,93,76,13,56,9,78,50,28,14
17,37,75,79,79,42,88,51,24,15
4,35,30,14,44,73,3,94,49,16
58,18,92,96,19,75,91,44,79,83
12,81,63,38,1,49,95,96,32,21
25,73,76,13,45,14,78,50,94,14
25,93,20,13,56,14,78,50,35,73
25,44,76,13,56,9,3,50,28,14
25,73,20,13,56,9,3,61,28,32
17,94,30,68,21,33,33,59,10,66
25,5,85,44,43,21,98,97,6,4
63,22,91,87,59,88,60,100,32,14
25,44,20,13,65,9,12,50,35,73
31,37,75,79,53,81,88,40,10,15
25,44,20,13,65,9,78,61,94,73
53,26,61,15,84,34,16,29,12,41
45,26,61,96,84,34,16,27,12,27
7,71,11,96,19,64,91,19,79,83
7,71,92,96,19,25,86,44,79,97
53,26,90,9,84,33,16,27,19,8
7,18,92,96,19,75,91,44,16,97
4,35,30,49,90,84,3,61,49,7
90,86,61,9,43,34,16,29,19,41
57,18,11,92,19,75,91,44,47,83
7,40,50,66,68,25,99,23,93,58
17,37,75,40,52,42,88,40,24,97
58,71,11,92,19,25,66,94,16,97
25,73,76,64,45,14,3,61,28,32
57,39,92,96,19,25,86,94,47,97
57,39,92,92,19,25,91,94,79,83
90,86,50,15,43,33,16,29,12,41
25,44,76,13,65,9,12,86,28,14
58,71,11,96,19,75,86,94,47,83
53,26,90,96,43,34,16,27,12,41
25,73,76,64,65,9,3,86,94,32
8,60,77,94,23,10,95,99,13,24
57,18,11,96,19,64,66,44,16,83
25,93,76,64,45,14,12,50,28,32
7,18,92,92,19,25,91,94,16,97
73,10,7,72,76,75,5,16,75,83
90,36,90,96,84,34,16,27,12,27
73,22,12,72,97,75,5,16,75,89
25,93,76,13,65,9,12,86,94,32
25,93,20,13,56,9,3,86,35,73
57,39,11,96,19,64,66,44,16,97
8,60,5,94,48,10,95,99,55,26
7,71,92,92,19,25,91,19,47,83
57,71,92,96,19,25,91,94,79,97
7,39,11,92,19,25,86,94,47,83
25,44,20,64,56,14,3,86,35,14
25,73,76,64,65,14,3,61,35,14
90,26,61,9,43,33,16,29,12,8
8,48,5,94,79,73,95,95,55,26
58,76,10,20,33,10,25,91,38,99
4,35,30,14,90,31,3,94,49,16
25,73,76,64,65,9,3,50,35,14
58,39,92,96,19,75,66,19,79,97
58,71,92,96,19,25,86,44,79,97
90,86,90,15,84,33,16,29,12,8
57,71,11,92,19,75,66,94,79,83
58,71,11,96,19,75,91,44,47,97
58,18,92,92,19,75,66,44,16,97
57,39,92,92,19,25,86,19,79,97
45,26,90,96,84,33,16,29,19,27
58,18,92,96,19,25,66,94,16,97
7,18,92,96,19,25,86,44,79,83
25,44,76,64,56,9,78,61,35,32
25,44,20,64,65,9,78,50,28,32
58,71,92,96,19,25,91,19,47,97
63,22,91,95,59,88,67,26,36,83
57,39,92,92,19,25,86,94,79,83
16,35,30,49,90,73,16,61,49,16
25,93,76,13,65,14,78,61,35,14
90,26,50,15,84,34,16,27,19,8
31,37,75,40,79,42,88,40,24,15
25,93,20,64,45,9,12,61,35,32
58,39,92,96,19,64,66,94,47,97
36,60,5,94,48,10,95,95,13,82
63,22,74,87,59,88,61,26,36,14
58,63,66,20,33,1,25,91,38,99
25,73,20,13,65,14,78,86,28,32
57,71,11,92,19,25,91,44,79,97
25,73,76,13,45,9,3,61,28,73
25,44,20,64,45,14,78,86,94,32
7,71,11,92,19,64,86,44,16,83
25,44,20,13,65,14,3,61,94,32
53,26,90,9,43,33,16,29,19,27
58,39,11,96,19,64,86,94,79,97
4,35,30,14,90,84,16,13,49,16
25,93,76,13,65,9,78,50,28,32
7,39,11,92,19,25,66,19,47,97
12,5,13,44,11,21,76,97,6,33
58,71,92,96,19,25,91,94,16,83
73,59,7,72,76,75,5,16,75,89
25,73,76,64,45,9,78,50,28,14
58,18,11,96,19,75,66,44,47,97
25,73,20,64,65,9,78,61,94,73
50,75,18,8,78,89,39,89,36,34
57,39,92,92,19,64,91,94,47,97
58,18,92,92,19,75,66,19,16,97
58,39,92,96,19,25,91,94,79,97
53,36,90,96,84,33,16,29,12,27
95,76,66,20,33,10,25,91,38,99
45,36,61,15,84,33,16,29,19,27
7,100,50,66,88,25,99,2,93,58
58,39,11,96,19,64,91,94,79,97
7,18,11,92,19,25,66,94,47,97
7,18,92,96,19,75,66,19,16,83
25,93,76,13,56,14,78,50,28,73
98,7,38,54,34,72,16,14,22,77
7,18,92,92,19,25,91,19,16,83
17,94,86,75,21,76,33,59,10,66
58,18,92,92,19,64,86,94,47,97
25,93,20,13,45,14,12,86,35,32
58,39,92,96,19,25,86,19,79,83
7,39,92,92,19,75,91,44,79,97
56,81,63,38,1,99,95,1,42,42
53,86,50,15,43,34,16,27,12,27
90,26,61,96,84,33,16,27,19,41
7,100,50,66,88,25,99,23,93,58
36,60,5,94,79,73,95,95,55,26
7,39,11,96,19,25,66,19,47,97
25,73,20,13,45,9,3,50,28,32
99,37,75,79,79,42,88,40,10,44
25,44,20,13,45,9,78,86,94,73
90,26,61,15,84,34,16,29,19,27
25,93,20,13,45,9,3,50,94,14
58,71,11,96,19,64,66,19,16,83
25,93,20,64,45,14,12,61,35,32
36,48,77,94,48,73,95,99,55,26
57,18,92,92,19,75,91,44,47,83
90,26,61,15,84,33,16,29,12,8
57,39,11,92,19,64,91,44,16,83
99,37,75,40,53,81,88,40,10,44
7,39,11,92,19,25,86,94,79,97
25,73,20,64,56,14,3,86,94,32
58,71,92,96,19,75,66,19,47,83
58,39,92,96,19,64,66,19,47,97
25,73,76,64,65,9,12,50,94,73
90,36,50,96,43,34,16,27,19,27
45,36,90,96,43,34,16,27,12,41
33,27,32,65,25,67,79,20,68,71
25,73,76,13,45,14,3,61,94,14
7,39,11,96,19,64,91,94,16,83
25,93,20,13,45,14,3,86,28,32
25,5,20,44,11,21,76,97,6,4
92,40,50,99,73,25,99,23,93,20
90,36,90,96,43,33,16,29,12,8
7,39,92,96,19,75,91,44,16,97
58,18,11,92,19,75,66,94,79,83
45,26,50,9,43,34,16,27,12,27
53,36,50,9,43,34,16,29,12,41
4,35,30,49,44,31,96,94,49,16
25,93,76,64,45,14,3,86,94,14
25,44,20,64,45,14,3,86,94,73
25,44,20,13,45,9,78,86,35,32
25,44,76,64,56,14,3,50,28,73
7,18,92,92,19,75,66,19,16,83
25,93,76,64,56,14,3,50,35,32
73,22,7,72,76,13,5,16,75,83
7,100,50,99,88,25,99,78,6,58
45,26,90,96,43,33,16,29,12,41
45,86,61,96,84,33,16,29,19,27
45,86,61,9,43,34,16,27,12,27
25,73,20,13,65,9,78,50,35,73
25,44,76,13,45,14,12,61,28,73
58,39,11,96,19,25,86,44,16,83
57,39,11,96,19,75,91,19,79,83
53,26,61,9,43,34,16,29,12,27
25,44,76,64,56,9,78,86,35,73
25,5,85,44,11,21,98,97,6,6
57,71,92,96,19,25,91,19,16,97
7,71,92,92,19,25,91,44,47,97
58,76,66,20,33,1,25,91,38,21
25,44,20,13,45,14,12,61,94,14
36,60,5,94,48,73,95,99,55,82
25,73,20,64,45,14,3,50,94,32
99,37,75,40,52,42,88,40,24,97
25,44,20,13,65,14,78,50,28,14
90,86,50,15,84,34,16,27,12,41
7,39,92,96,19,75,66,19,47,97
99,37,75,79,52,81,88,40,24,44
61,5,66,97,53,1,37,4,2,70
53,26,50,15,84,34,16,27,12,27
7,100,50,66,68,25,99,2,6,58
57,18,92,96,19,64,66,44,79,83
57,39,92,92,19,75,91,94,79,83
25,73,76,64,45,14,3,61,35,32
57,18,92,92,19,64,66,94,47,83
25,73,20,13,56,14,78,86,28,32
58,71,11,92,19,64,86,44,79,97
53,36,50,15,84,33,16,27,12,27
63,22,83,95,59,88,67,26,36,14
53,26,61,96,43,33,16,29,19,41
25,44,76,13,56,9,3,61,35,73
7,71,11,96,19,64,86,94,47,83
90,36,61,15,43,33,16,29,19,41
25,44,20,64,65,9,12,61,35,73
7,40,50,66,73,25,99,23,99,20
90,86,61,96,43,34,16,27,19,27
25,93,20,13,56,9,78,50,28,14
18,5,66,97,53,99,98,19,2,31
7,100,50,99,68,25,99,2,6,20
7,71,11,96,19,75,66,94,47,83
90,86,90,9,43,34,16,27,19,41
58,18,11,96,19,75,86,44,16,83
45,86,90,15,84,34,16,29,12,41
25,93,76,13,56,9,12,50,35,32
55,81,63,38,37,49,95,1,42,42
53,36,90,96,84,33,16,29,19,27
25,93,20,64,45,9,78,86,94,73
7,40,50,99,68,25,99,23,99,20
7,39,11,96,19,64,86,19,79,83
7,39,11,96,19,64,86,19,16,97
25,73,76,64,65,9,78,61,94,14
42,5,66,38,70,1,37,4,2,70
45,26,90,9,43,34,16,27,19,8
95,63,10,20,33,1,90,91,38,99
25,44,76,13,45,9,3,61,28,14
25,44,20,64,65,14,12,50,28,14
25,73,76,13,56,9,78,86,35,73
58,18,11,96,19,75,66,44,16,97
8,48,5,94,48,10,95,95,13,82
99,37,75,40,52,81,88,40,24,44
25,93,20,64,56,9,3,61,28,32
45,26,90,15,43,34,16,27,12,27
56,81,63,38,37,99,95,96,42,42
57,39,11,96,19,64,91,44,79,97
25,93,20,13,56,14,3,50,94,73
25,73,76,13,56,9,78,61,28,32
25,44,76,64,56,14,12,61,35,32
61,5,66,97,53,48,37,19,2,23
73,59,7,72,76,13,5,38,11,89
45,26,61,15,43,33,16,27,19,27
7,71,11,96,19,25,91,44,16,83
73,10,12,72,76,75,5,16,11,89
25,93,20,13,56,14,78,61,35,14
45,86,90,9,84,34,16,27,12,8
4,35,30,14,90,31,3,13,49,7
45,36,90,9,84,33,16,27,19,27
57,71,92,92,19,25,91,44,16,97
57,39,92,96,19,75,86,44,47,83
7,39,11,92,19,25,91,44,79,83
73,10,12,72,76,75,5,68,75,89
53,86,90,96,43,34,16,29,12,41
45,36,50,15,84,33,16,29,19,8
57,39,11,92,19,25,86,94,79,97
25,44,76,64,45,9,78,86,94,73
58,18,92,92,19,75,66,44,47,83
25,93,20,13,65,14,3,61,28,14
75,27,32,15,25,67,79,20,68,48
73,10,12,72,76,75,5,38,11,89
25,73,76,64,45,9,78,50,28,32
7,39,11,92,19,75,86,94,79,83
57,18,11,92,19,25,66,19,16,97
57,18,92,92,19,64,66,44,47,97
57,71,11,96,19,25,91,94,79,97
92,100,50,99,88,25,99,78,6,58
45,36,90,15,84,33,16,27,19,41
90,36,50,15,84,33,16,29,12,41
42,5,66,38,53,99,98,19,2,23
90,26,61,96,43,34,16,27,19,41
57,39,11,96,19,75,91,94,79,83
42,5,66,38,53,48,37,96,2,31
25,93,20,64,56,9,78,86,35,73
25,44,76,64,65,9,78,61,35,32
53,26,50,96,43,33,16,29,19,41
57,18,11,92,19,64,66,94,79,97
25,73,20,64,56,9,78,50,35,32
25,44,20,64,45,14,78,61,35,14
7,40,50,66,73,25,99,78,99,58
45,26,50,9,84,33,16,29,12,41
25,44,20,64,65,9,78,86,35,14
53,86,90,15,84,33,16,29,12,27
73,59,90,72,76,75,5,16,75,83
90,26,50,9,43,34,16,27,19,27
58,71,11,96,19,64,91,94,47,97
92,40,50,66,88,25,99,23,99,20
25,73,76,13,45,9,12,61,28,32
90,36,90,15,84,34,16,29,12,41
25,93,76,64,45,14,12,50,94,73
25,93,20,64,56,9,12,50,35,73
55,81,63,38,1,99,95,1,42,47
18,5,66,97,53,99,37,96,2,31
45,36,50,96,43,33,16,27,19,41
25,93,76,13,65,9,3,50,35,32
7,18,11,92,19,25,66,19,16,83
90,86,90,96,84,34,16,29,19,27
25,73,76,64,45,14,12,61,35,14
61,5,66,38,53,48,37,4,2,70
7,71,92,96,19,64,86,19,16,83
57,39,11,92,19,64,91,94,79,83
55,81,63,38,43,49,95,96,32,21
25,73,76,13,65,14,3,50,35,73
25,73,20,13,65,14,78,86,35,32
25,93,76,13,65,14,78,61,94,14
57,39,11,96,19,64,86,44,47,83
25,44,20,64,45,9,3,86,94,14
25,93,76,13,56,14,3,50,94,32
7,18,11,92,19,64,86,44,16,97
25,93,20,64,45,9,78,61,94,32
57,39,11,92,19,25,66,19,16,97
17,60,91,20,52,72,34,95,40,91
53,36,90,9,84,33,16,27,19,41
58,18,11,96,19,75,66,94,16,97
57,71,92,92,19,64,86,44,79,83
99,37,75,79,52,81,88,40,10,97
58,39,92,96,19,64,91,94,47,97
7,71,11,96,19,25,86,19,47,97
58,71,92,96,19,64,86,94,47,97
45,36,61,96,84,33,16,27,12,8
57,18,92,96,19,25,91,94,16,83
12,5,13,44,11,21,76,97,6,4
7,18,11,92,19,75,66,94,16,97
7,39,11,96,19,64,86,94,16,97
45,86,61,15,84,33,16,29,19,27
4,35,30,14,44,31,96,13,49,7
99,37,75,40,52,81,88,40,10,44
58,18,92,92,19,75,86,44,47,97
7,39,11,92,19,75,66,94,16,97
31,37,75,40,53,42,88,82,24,15
25,44,76,64,56,9,78,50,35,32
25,73,20,13,56,9,12,61,28,32
7,71,92,96,19,64,86,44,79,97
45,86,90,15,84,34,16,27,12,27
56,81,63,38,37,49,95,96,42,21
45,36,90,15,84,33,16,27,19,8
99,37,75,40,53,81,88,51,24,15
25,44,76,64,65,14,78,86,94,14
25,44,76,64,56,14,3,50,94,73
57,18,11,96,19,64,66,44,47,83
57,71,92,96,19,64,66,44,79,97
25,93,20,13,56,14,12,86,35,73
17,37,75,79,52,42,88,40,24,15
45,36,50,15,84,34,16,27,12,41
17,60,56,67,52,72,34,100,46,91
90,26,50,15,43,33,16,29,12,8
90,36,50,9,43,33,16,29,12,41
58,71,11,92,19,75,86,94,79,83
7,100,50,66,88,25,99,2,6,58
58,18,11,92,19,64,66,94,47,97
57,18,92,92,19,75,86,44,47,97
25,44,76,13,65,14,3,61,28,14
16,35,30,49,90,31,16,94,49,16
31,37,75,40,53,81,88,40,10,44
45,36,50,15,84,33,16,27,12,8
73,10,7,72,97,75,5,38,11,83
25,73,76,13,45,14,78,86,94,32
64,40,50,66,68,25,99,23,6,58
17,87,62,1,52,72,34,100,40,91
58,39,11,96,19,64,66,44,16,83
58,18,11,92,19,64,91,19,79,97
25,73,76,64,65,14,3,86,94,73
25,44,20,13,45,14,3,86,28,32
7,71,92,96,19,75,91,44,79,97
57,18,11,92,19,25,86,94,79,83
25,93,76,64,56,9,78,61,28,14
58,18,92,96,19,64,91,19,79,83
25,93,20,64,65,14,78,50,94,32
25,73,76,13,45,9,3,86,94,32
58,71,11,92,19,64,91,94,79,97
61,5,66,97,53,99,37,96,2,31
90,86,90,96,43,33,16,27,19,41
69,97,9,46,39,16,100,92,40,85
57,39,11,96,19,75,66,94,16,97
55,81,63,38,37,99,95,96,42,47
25,73,76,13,56,14,12,61,35,14
90,26,61,9,43,34,16,27,12,8
53,26,90,96,84,33,16,27,12,8
53,36,61,15,84,33,16,29,12,27
58,39,92,96,19,64,91,94,16,97
25,93,76,13,65,9,3,61,94,73
45,36,50,96,43,33,16,27,12,41
25,93,20,64,65,9,3,86,28,14
25,93,20,64,45,9,3,50,94,14
57,71,11,92,19,75,86,44,47,97
25,73,76,64,45,14,12,61,35,73
7,39,92,92,19,25,86,94,47,97
18,5,66,97,70,1,37,19,2,70
7,39,92,96,19,25,66,44,47,97
90,86,61,15,43,34,16,29,19,8
58,18,92,96,19,64,86,44,47,97
25,93,20,64,65,9,78,50,35,14
64,40,50,66,73,25,99,78,93,20
25,73,76,13,65,14,3,86,28,14
53,86,50,9,84,33,16,29,19,8
7,39,11,96,19,75,91,44,16,97
90,26,61,15,84,34,16,27,19,8
58,18,92,92,19,25,91,19,47,83
57,71,92,96,19,25,91,94,79,83
25,73,20,13,45,9,78,86,28,32
25,93,76,13,45,9,3,86,35,32
18,5,66,97,70,99,98,4,2,31
8,93,10,20,33,10,90,91,38,99
25,93,20,64,45,9,3,61,35,73
36,48,77,94,23,73,95,99,55,24
58,71,92,92,19,64,86,19,47,97
25,44,76,64,56,9,3,86,94,73
73,59,12,72,97,75,5,68,75,89
16,35,30,49,44,31,96,13,49,16
8,48,77,94,79,73,95,95,55,82
12,81,63,38,43,99,95,1,42,21
50,75,18,8,78,89,92,89,85,34
57,39,11,92,19,75,86,44,79,97
25,73,76,13,56,9,3,50,35,73
25,73,76,13,45,14,12,86,35,73
53,26,61,96,84,33,16,29,19,27
57,18,11,96,19,25,86,94,79,97
25,44,20,13,56,9,3,86,35,32
7,18,11,92,19,75,86,19,47,97
25,44,20,64,56,9,12,86,35,14
18,5,66,97,70,99,98,4,2,70
57,18,92,96,19,64,91,44,16,97
53,86,90,15,43,34,16,27,19,41
58,71,92,92,19,25,86,19,79,83
73,59,90,72,97,75,5,68,11,89
25,93,20,13,56,9,78,86,35,32
42,5,66,97,70,1,37,96,2,31
25,73,20,13,45,9,3,50,94,73
99,37,75,79,53,42,88,51,10,97
25,73,20,13,45,14,12,61,94,32
75,27,32,15,33,67,79,20,68,71
25,93,20,13,56,9,78,50,94,14
90,36,50,96,84,33,16,27,12,41
45,36,90,9,43,34,16,27,12,27
17,60,56,20,52,72,65,95,46,91
7,71,92,96,19,64,86,94,79,97
57,39,92,92,19,64,86,94,47,97
53,86,61,9,84,33,16,27,19,8
25,73,20,13,56,14,12,86,28,73
7,71,92,92,19,25,91,19,16,97
56,81,63,38,43,49,95,1,42,21
25,73,76,13,56,9,12,50,94,73
73,59,12,72,76,75,5,16,11,89
57,71,92,96,19,75,86,19,16,97
25,44,20,13,56,9,78,86,35,32
64,100,50,99,88,25,99,23,93,20
25,93,76,64,65,14,12,86,28,14
25,93,76,13,56,9,3,61,35,14
55,81,63,38,43,99,95,96,32,42
25,44,76,64,56,14,78,61,94,32
7,71,92,92,19,25,86,44,47,97
25,93,20,64,56,14,78,86,28,32
57,39,11,92,19,75,86,94,47,97
53,36,50,96,43,34,16,29,12,8
92,100,50,66,68,25,99,2,99,58
7,40,50,99,73,25,99,23,93,20
45,26,50,9,43,34,16,27,12,41
57,18,92,96,19,64,66,94,79,97
64,100,50,66,68,25,99,2,99,20
25,44,20,64,65,14,78,86,94,14
53,26,90,9,84,33,16,29,19,8
7,100,50,99,73,25,99,2,93,20
57,18,11,96,19,64,86,19,47,97
58,71,11,96,19,75,91,94,79,97
90,26,61,15,43,34,16,29,19,27
25,44,20,64,56,14,78,50,35,73
12,5,13,44,43,21,98,97,6,6
17,60,62,67,52,72,65,95,54,91
17,60,91,20,52,72,57,95,46,91
90,36,50,9,43,34,16,27,12,27
7,18,11,96,19,25,86,19,47,83
25,44,76,13,45,14,78,50,35,73
25,73,20,13,56,9,78,86,94,14
25,93,20,13,56,9,78,50,35,32
95,93,10,20,33,59,25,91,38,21
58,18,92,96,19,64,86,94,16,97
7,71,11,96,19,64,66,44,16,83
25,93,76,64,45,9,12,61,35,14
31,37,75,79,53,81,88,51,24,44
58,39,92,92,19,25,86,94,16,83
90,86,90,96,43,33,16,27,12,27
7,18,92,92,19,75,91,44,47,97
92,40,50,99,88,25,99,2,93,20
25,73,76,64,56,9,12,61,35,32
25,93,76,64,45,9,12,61,94,32
17,37,75,40,52,81,88,82,24,97
25,44,76,64,45,9,3,86,35,73
57,39,92,92,19,25,91,94,16,97
25,73,76,64,65,14,12,61,28,32
69,97,9,46,17,95,41,92,40,85
25,93,76,64,65,9,12,61,28,73
90,86,50,15,84,33,16,29,12,41
73,22,7,72,97,75,5,16,75,89
7,39,92,92,19,64,91,19,79,83
25,73,76,64,45,9,12,86,94,32
87,97,9,46,39,16,78,92,40,85
55,81,63,38,37,99,36,96,32,42
8,76,66,20,33,59,25,91,38,21
57,18,92,92,19,25,86,94,16,97
53,36,50,15,43,34,16,27,19,41
90,86,50,15,84,33,16,29,19,41
45,86,50,15,43,33,16,27,19,41
25,44,20,64,56,9,3,50,94,14
73,59,90,72,97,13,5,68,75,83
45,26,61,9,43,33,16,27,12,8
25,93,76,64,56,9,12,50,28,14
58,18,92,96,19,25,66,19,79,97
12,5,20,28,48,21,76,97,6,4
31,37,75,79,52,81,88,51,10,15
57,71,11,96,19,64,86,94,47,83
7,39,92,96,19,64,66,94,16,83
53,86,90,15,43,34,16,27,12,27
73,10,90,72,76,13,5,68,11,83
25,73,20,13,56,14,3,50,35,32
92,100,50,66,68,25,99,2,93,20
99,37,75,40,52,81,88,82,24,15
33,27,32,15,33,48,8,20,68,48
90,26,50,96,84,33,16,27,19,27
8,48,77,94,48,73,95,99,13,24
7,39,92,92,19,64,86,19,47,83
25,73,76,13,45,9,3,61,94,14
7,100,50,99,73,25,99,78,99,20
7,39,92,92,19,64,86,19,16,83
7,71,92,96,19,75,86,94,47,83
99,37,75,79,52,42,88,82,10,15
25,44,76,64,65,9,12,61,28,73
25,73,76,64,65,9,3,86,94,14
7,39,11,96,19,25,66,94,16,97
7,39,11,92,19,25,91,44,16,97
7,18,92,96,19,75,66,19,79,83
92,40,50,66,73,25,99,78,6,20
25,93,76,13,56,9,78,61,28,32
17,87,91,67,52,72,65,100,40,91
90,86,61,96,84,34,16,29,12,8
58,71,92,92,19,64,66,19,16,97
25,93,20,64,45,9,3,86,28,73
92,40,50,66,68,25,99,23,93,20
45,86,90,96,84,34,16,29,12,8
53,36,61,15,84,34,16,27,12,41
63,22,74,87,59,88,67,26,32,83
58,63,66,20,33,10,25,91,38,99
61,5,66,38,70,1,37,4,2,31
90,26,50,96,43,33,16,29,12,41
31,37,75,79,79,42,88,51,24,15
45,26,61,96,43,33,16,27,19,27
57,71,92,92,19,75,66,94,47,97
25,73,20,64,45,9,78,61,94,73
25,93,20,64,45,9,12,61,28,32
90,26,90,15,84,34,16,29,19,27
25,73,76,13,45,9,78,61,28,73
25,93,76,13,56,14,3,61,28,73
58,71,11,92,19,25,86,94,16,83
90,36,50,15,43,33,16,27,19,8
57,39,11,92,19,64,91,44,47,97
25,73,20,64,65,9,12,50,35,32
57,71,11,92,19,25,86,44,47,97
7,18,92,96,19,75,66,44,79,97
25,73,76,64,56,9,3,61,94,32
8,48,77,94,48,73,95,95,55,26
45,36,61,96,84,34,16,29,19,41
53,26,90,96,43,34,16,29,12,27
16,35,30,14,44,31,96,94,49,16
7,18,11,92,19,25,91,94,79,83
25,93,76,13,45,9,78,50,35,73
57,18,11,92,19,75,66,19,47,83
7,71,11,92,19,75,91,94,79,97
53,26,50,9,84,34,16,27,12,27
90,26,90,15,43,33,16,29,19,27
90,36,50,15,84,33,16,29,19,27
58,71,92,92,19,75,91,44,47,97
7,18,92,92,19,25,66,19,47,97
53,36,61,15,43,34,16,27,19,8
45,86,61,9,43,33,16,27,12,8
7,71,11,96,19,64,91,19,16,97
25,44,76,13,56,9,3,86,35,14
7,71,11,96,19,64,86,44,47,83
90,86,50,9,84,34,16,27,19,41
12,81,63,38,1,99,36,1,32,21
7,39,92,92,19,75,91,19,79,83
57,71,92,96,19,75,91,94,47,97
25,44,76,13,65,14,3,50,35,14
90,26,50,15,84,34,16,29,12,8
90,26,90,15,84,33,16,27,19,41
57,71,11,92,19,25,91,19,79,97
92,40,50,66,88,25,99,23,6,20
92,40,50,66,88,25,99,78,6,58
7,71,92,96,19,64,86,44,47,83
57,18,92,92,19,64,66,19,79,83
58,18,11,92,19,64,86,19,47,97
25,44,76,13,45,9,3,61,28,73
7,18,11,92,19,75,86,44,79,83
57,71,11,92,19,64,66,19,16,83
57,18,11,92,19,64,66,44,79,83
57,18,92,96,19,75,86,44,79,83
25,73,20,13,65,9,78,86,28,14
75,27,32,65,33,48,8,20,68,71
57,71,92,92,19,25,86,19,16,83
45,26,90,15,43,33,16,29,12,27
53,86,61,15,84,33,16,29,12,27
7,39,92,96,19,25,66,94,47,97
25,93,20,13,45,9,3,86,28,32
7,18,11,92,19,25,66,19,79,97
36,60,77,94,79,10,95,99,55,82
58,71,11,96,19,75,86,94,16,97
7,71,11,96,19,64,86,44,79,83
58,71,11,96,19,75,66,19,16,83
69,97,9,46,17,16,78,92,40,85
73,10,90,72,97,13,5,68,75,83
58,18,11,96,19,64,66,44,79,83
57,71,92,96,19,64,66,94,79,83
57,18,11,92,19,75,66,44,79,83
58,71,92,92,19,75,86,44,47,97
25,73,20,64,65,14,78,50,35,73
16,35,30,14,90,31,96,13,49,16
25,73,76,64,65,9,3,86,28,32
63,22,74,95,59,88,67,100,32,14
92,40,50,99,88,25,99,23,6,58
58,39,11,92,19,75,91,19,16,83
57,71,92,96,19,75,86,19,79,97
45,86,61,9,43,33,16,27,12,41
57,71,11,92,19,64,86,94,16,97
31,37,75,79,53,81,88,82,10,44
53,86,61,9,43,33,16,29,19,8
53,26,50,15,84,34,16,27,19,8
25,93,76,64,56,9,12,50,35,32
57,18,92,96,19,25,86,19,79,97
25,93,76,13,45,9,3,86,94,14
45,86,61,9,84,33,16,29,12,27
7,39,92,96,19,25,86,94,47,83
57,18,92,92,19,64,66,94,79,83
7,18,92,92,19,25,91,44,79,83
31,37,75,40,79,81,88,82,10,97
7,39,92,96,19,25,86,44,16,83
58,18,92,92,19,75,66,19,16,83
17,87,62,67,52,72,34,100,40,91
25,93,20,64,65,9,3,50,35,14
73,10,12,72,97,75,5,68,75,89
25,73,76,13,56,9,12,50,28,73
17,60,56,20,52,72,57,100,54,91
53,86,90,15,84,33,16,27,19,27
4,35,30,14,44,31,3,94,49,16
58,39,92,92,19,25,66,44,16,83
57,71,92,92,19,25,91,19,79,83
36,48,5,94,48,10,95,99,13,24
25,44,20,13,65,9,3,50,28,73
36,48,77,94,79,73,95,99,13,26
7,71,11,92,19,64,66,44,47,83
57,18,92,92,19,75,66,19,16,83
25,44,20,64,65,14,78,50,35,73
57,18,11,92,19,25,66,19,47,83
7,18,92,96,19,25,66,44,16,97
7,18,92,96,19,64,66,44,16,83
61,5,66,97,53,99,98,4,2,70
36,48,77,94,23,73,95,95,55,24
7,71,11,96,19,25,91,94,47,97
25,73,20,64,45,9,78,86,94,14
8,48,77,94,79,73,95,99,13,82
57,71,92,92,19,75,91,44,16,83
25,93,20,64,45,9,3,61,94,32
58,39,11,92,19,75,91,19,47,83
58,18,11,96,19,64,66,44,16,83
55,81,63,38,37,99,36,96,42,47
90,86,50,96,84,34,16,29,12,27
25,44,76,64,45,14,12,86,35,32
58,39,11,92,19,75,66,44,47,83
58,18,11,92,19,75,86,44,47,97
57,71,92,92,19,25,86,19,47,83
53,86,90,9,84,33,16,27,12,27
25,44,20,64,56,9,3,61,94,32
58,18,11,92,19,25,91,44,16,83
45,86,50,9,84,34,16,29,19,8
25,44,20,13,56,9,3,61,94,14
58,71,92,96,19,64,91,94,47,97
42,5,66,97,70,99,98,96,2,23
57,18,92,96,19,64,66,19,79,83
53,26,61,15,43,34,16,27,19,41
57,39,11,96,19,25,66,94,47,83
57,39,92,96,19,25,91,19,16,97
57,39,11,92,19,75,66,19,47,97
16,35,30,14,90,73,3,13,49,7
53,86,90,9,43,33,16,29,12,41
53,26,90,15,84,34,16,27,19,27
7,40,50,99,73,25,99,78,93,58
61,5,66,38,53,48,37,96,2,31
90,26,50,96,84,34,16,27,19,27
17,60,62,1,52,72,34,100,40,91
12,81,63,38,43,49,36,1,32,42
7,18,92,92,19,64,91,94,16,83
58,71,92,92,19,25,91,19,79,97
25,93,76,13,65,14,78,61,94,32
25,73,20,64,45,14,12,86,28,14
58,18,11,92,19,25,66,19,47,97
58,71,11,92,19,75,86,44,16,97
25,73,76,64,45,14,78,86,35,73
45,26,61,96,84,34,16,27,12,41
7,40,50,99,73,25,99,78,99,20
25,44,20,64,65,14,3,50,35,73
25,93,76,13,65,9,78,61,35,14
25,73,76,13,45,9,12,86,35,32
7,18,11,92,19,25,91,19,79,97
25,73,76,13,45,9,3,86,35,14
53,36,61,9,43,33,16,29,12,27
57,39,92,92,19,64,91,44,79,83
57,39,11,92,19,64,86,94,16,83
58,63,66,20,33,10,25,91,38,37
57,71,11,96,19,64,91,19,47,97
25,73,20,13,56,14,12,50,28,14
25,73,76,13,65,9,78,61,35,73
7,71,92,96,19,64,86,44,79,83
58,18,11,92,19,75,91,94,16,97
58,71,11,92,19,25,91,94,79,83
25,93,20,64,56,14,78,86,94,73
12,5,85,44,48,21,98,97,6,33
61,5,66,38,53,48,37,19,2,70
25,73,20,13,65,14,3,86,35,14
17,37,75,79,53,81,88,40,10,44
58,18,11,92,19,25,86,44,79,83
25,93,20,13,45,14,12,86,94,14
57,39,92,92,19,25,91,44,47,83
45,36,90,15,84,34,16,27,19,27
58,18,92,96,19,25,91,44,47,97
7,39,92,96,19,75,86,94,16,83
25,73,20,13,56,14,78,61,94,32
25,44,76,13,56,14,78,61,94,32
25,44,20,64,45,14,78,61,94,73
90,26,90,96,84,33,16,27,19,8
58,71,11,92,19,75,91,94,79,83
64,100,50,66,68,25,99,2,93,20
7,18,11,96,19,25,86,94,79,83
17,87,91,1,52,72,65,95,46,91
8,48,77,94,79,10,95,95,55,82
25,44,20,13,56,14,12,50,94,14
25,93,20,64,56,9,12,50,35,14
45,86,50,9,84,34,16,27,12,8
25,44,20,13,56,14,3,86,94,32
58,18,92,92,19,75,86,19,16,97
25,73,20,64,45,9,78,50,94,32
58,39,92,96,19,75,66,44,16,83
73,10,12,72,97,75,5,16,75,89
12,81,63,38,43,49,36,96,32,21
16,35,30,14,44,84,96,94,49,16
7,39,92,92,19,25,86,94,79,83
58,39,11,96,19,64,66,94,16,83
25,73,76,64,45,14,3,61,35,73
25,93,20,64,65,9,12,50,35,73
73,59,90,72,97,13,5,16,11,83
25,73,20,64,45,14,78,61,35,32
7,40,50,99,88,25,99,78,6,20
53,26,50,96,84,33,16,29,12,8
7,39,11,96,19,25,86,94,16,97
90,36,90,96,43,33,16,27,12,27
61,5,66,38,70,1,37,4,2,70
25,44,20,13,56,9,3,61,94,73
25,44,20,64,65,14,12,61,28,32
90,36,61,15,84,34,16,29,19,27
57,71,92,96,19,75,86,94,16,83
25,73,20,64,65,14,78,50,35,14
58,39,92,96,19,25,86,19,47,83
7,18,11,92,19,25,91,44,79,83
58,39,11,96,19,64,66,44,47,97
17,60,56,1,52,72,65,95,40,91
99,37,75,79,79,42,88,82,24,15
90,26,50,9,84,33,16,27,12,41
95,63,66,20,33,1,25,91,38,37
63,22,74,87,59,88,60,100,36,14
53,36,90,15,84,34,16,29,19,8
57,39,11,96,19,64,86,19,47,83
8,93,10,20,33,1,90,91,38,21
7,39,92,96,19,75,86,44,47,97
25,44,76,13,65,9,78,50,35,32
53,26,90,96,84,33,16,29,12,41
53,36,61,15,43,33,16,29,12,8
57,18,11,96,19,25,66,94,79,83
17,87,91,1,52,72,34,100,46,91
42,5,66,38,70,99,98,96,2,31
7,39,11,92,19,75,91,19,47,83
25,44,76,64,56,14,12,50,35,32
7,71,92,96,19,75,66,19,47,83
92,100,50,99,73,25,99,78,99,58
7,39,92,96,19,25,91,44,16,97
90,86,61,15,84,33,16,27,12,27
36,60,5,94,79,73,95,95,13,24
53,86,50,96,43,33,16,29,19,41
57,71,92,92,19,25,66,19,16,83
25,44,76,64,56,9,3,50,28,14
8,93,10,20,33,59,25,91,38,37
45,26,61,9,43,33,16,27,19,41
55,81,63,38,1,49,95,96,32,21
87,97,71,46,17,16,100,92,40,85
57,71,92,96,19,25,91,94,16,83
8,76,66,20,33,10,90,91,38,99
45,26,90,96,84,34,16,27,12,8
25,93,20,64,56,14,78,50,28,14
25,93,76,13,65,14,12,61,35,32
25,44,20,64,65,14,3,61,94,73
53,26,61,96,43,33,16,27,12,8
99,37,75,79,52,81,88,82,10,97
57,18,11,92,19,75,91,44,16,97
58,39,92,92,19,75,86,94,16,83
7,39,11,92,19,75,91,19,47,97
45,26,61,96,84,33,16,29,19,27
25,44,20,64,45,14,78,61,35,32
90,86,90,96,43,34,16,29,19,41
73,10,7,72,76,13,5,16,11,83
25,73,76,64,56,14,3,50,35,32
90,36,61,15,84,33,16,29,12,27
57,39,11,96,19,64,86,44,16,97
61,5,66,38,53,48,98,19,2,31
25,44,76,64,45,9,12,50,94,14
58,71,92,96,19,64,91,44,16,83
58,71,92,92,19,25,91,94,16,97
8,48,77,94,79,10,95,95,13,26
45,36,90,9,43,34,16,29,19,41
7,18,92,96,19,25,91,94,79,83
25,73,20,13,65,9,78,61,94,14
25,73,76,64,45,9,78,50,35,14
64,100,50,66,88,25,99,23,93,58
25,93,20,13,45,9,3,50,35,73
42,5,66,38,70,99,98,96,2,70
7,39,92,96,19,25,91,44,79,83
75,27,32,91,33,7,79,20,68,71
25,93,20,13,56,14,3,61,28,14
53,26,50,96,84,33,16,29,12,41
36,48,77,94,23,10,95,99,55,26
7,71,11,92,19,25,66,44,16,97
58,76,10,20,33,59,25,91,38,37
42,5,66,97,70,48,98,4,2,31
17,94,30,68,21,33,33,59,75,66
73,10,12,72,97,13,5,38,11,89
16,35,30,49,90,73,96,94,49,7
25,93,76,13,45,9,12,86,28,73
25,44,76,13,65,14,3,86,94,32
69,97,71,46,17,16,41,92,40,85
58,39,11,92,19,75,91,44,16,83
45,26,90,15,84,33,16,27,12,27
7,71,11,96,19,75,86,44,79,83
7,39,92,92,19,25,91,94,16,83
25,44,76,13,56,14,78,61,28,73
90,86,61,96,84,33,16,29,19,27
25,44,76,13,56,9,3,86,35,32
25,93,76,64,45,14,12,50,35,14
25,44,76,64,45,14,12,86,35,14
7,39,11,96,19,25,91,19,47,97
90,36,50,9,84,34,16,29,12,8
7,71,92,96,19,64,91,44,79,97
57,39,92,92,19,75,91,94,16,97
64,40,50,99,88,25,99,2,93,58
90,26,50,96,84,34,16,27,19,41
58,18,11,96,19,64,91,94,47,83
17,60,91,20,52,72,34,95,54,91
57,71,92,96,19,64,86,44,47,83
45,26,61,9,43,34,16,29,19,41
58,71,92,96,19,64,66,44,16,83
73,59,90,72,76,75,5,16,11,83
57,39,92,96,19,75,86,19,16,97
25,73,20,13,65,9,3,86,28,14
25,93,20,13,65,9,78,86,35,14
25,73,20,13,65,9,12,50,28,73
8,76,66,20,33,10,25,91,38,37
45,36,90,96,84,34,16,27,19,8
25,73,76,13,65,14,78,86,28,73
61,5,66,38,53,48,37,4,2,23
25,93,20,13,45,9,12,50,28,14
36,60,77,94,23,73,95,95,13,82
25,44,20,64,45,14,12,61,28,73
90,26,90,96,43,33,16,29,12,41
25,44,76,13,56,14,3,86,35,73
25,73,20,64,56,9,3,86,94,14
17,37,75,79,52,42,88,51,10,15
17,87,91,20,52,72,65,95,40,91
25,44,20,13,45,9,78,61,35,14
7,39,11,96,19,25,86,94,16,83
4,35,30,14,44,31,3,13,49,16
25,93,76,13,45,9,78,50,28,73
63,22,74,95,59,88,61,100,36,83
57,18,92,96,19,64,86,19,47,83
25,93,20,64,65,14,78,86,28,14
56,81,63,38,1,99,95,96,32,42
57,71,11,92,19,64,66,19,47,83
25,73,76,64,65,14,3,61,28,32
57,39,92,92,19,75,86,44,79,83
56,81,63,38,1,99,95,1,32,21
53,86,50,96,43,34,16,27,19,41
58,39,11,96,19,25,86,94,16,97
92,40,50,66,68,25,99,2,99,58
90,26,90,96,84,34,16,27,19,41
58,71,92,92,19,75,66,19,47,97
17,37,75,40,52,42,88,51,24,15
58,71,92,92,19,64,66,94,47,97
25,44,76,13,65,14,3,61,35,14
25,44,20,64,65,14,3,86,28,32
4,35,30,49,44,84,3,94,49,7
90,36,90,96,84,33,16,29,12,8
25,93,20,64,45,9,3,86,94,14
25,73,20,13,45,14,3,61,94,73
55,81,63,38,1,99,36,96,42,47
25,93,76,13,56,14,78,86,94,14
25,73,76,64,45,14,78,61,28,32
57,71,11,96,19,64,86,44,16,83
45,36,50,15,43,33,16,29,19,27
92,40,50,66,68,25,99,2,93,20
90,86,90,96,84,33,16,27,19,27
25,73,76,64,56,9,3,61,35,14
7,71,11,92,19,64,91,94,79,97
8,48,77,94,79,10,95,99,13,82
45,36,61,9,84,34,16,27,19,27
75,27,32,65,33,7,79,20,68,71
58,71,11,96,19,75,91,19,47,97
55,81,63,38,37,99,36,1,42,42
12,5,20,44,43,21,98,97,6,4
56,81,63,38,1,49,95,96,32,42
7,18,92,92,19,64,91,94,79,97
73,59,90,72,76,75,5,16,75,89
25,44,20,64,56,14,78,61,28,14
8,48,77,94,23,10,95,99,55,24
18,5,66,38,53,48,98,96,2,23
25,44,76,13,45,9,12,61,28,32
69,97,71,46,17,95,78,92,40,85
25,73,20,64,56,9,78,61,94,32
25,93,20,13,65,14,12,86,28,32
57,71,92,92,19,75,66,94,47,83
7,18,11,92,19,25,66,44,79,97
7,39,11,96,19,64,66,19,79,97
58,18,11,96,19,64,91,44,47,97
42,5,66,38,70,99,98,4,2,23
31,37,75,79,53,42,88,82,24,44
58,39,11,92,19,75,86,19,16,97
90,36,61,9,84,33,16,27,12,27
73,10,12,72,97,13,5,16,11,83
53,86,90,9,43,33,16,27,19,8
25,73,20,64,56,14,3,86,28,32
7,71,11,96,19,75,86,19,79,97
7,71,92,92,19,64,86,19,79,83
58,18,92,92,19,25,86,19,79,83
90,86,90,15,84,33,16,29,19,27
99,37,75,40,79,42,88,40,10,15
90,26,90,9,43,33,16,27,12,8
25,93,20,13,56,9,78,50,35,73
58,71,11,92,19,75,66,44,47,97
58,39,11,92,19,64,66,19,79,97
25,44,20,13,65,14,3,61,35,14
8,60,77,94,23,10,95,99,55,26
75,27,32,15,25,67,79,20,68,71
45,26,50,96,84,33,16,27,19,27
4,35,30,49,90,84,16,61,49,7
61,5,66,38,70,99,37,96,2,23
64,40,50,99,88,25,99,78,99,58
7,71,11,96,19,75,86,44,79,97
25,93,76,64,65,9,78,61,94,32
7,18,92,92,19,75,86,94,47,97
36,48,5,94,79,73,95,95,55,24
31,37,75,40,52,81,88,51,24,15
57,39,11,92,19,64,86,19,16,97
45,86,50,9,84,33,16,27,19,27
7,18,92,92,19,64,66,94,47,83
58,39,11,92,19,75,86,94,16,97
25,73,76,64,45,9,78,86,35,32
25,73,20,13,45,9,78,86,94,73
18,5,66,97,70,48,37,4,2,31
53,86,50,96,84,33,16,29,12,8
25,73,76,13,56,9,12,61,28,14
25,93,20,64,45,9,78,61,28,14
7,18,11,96,19,64,91,94,79,97
57,18,92,96,19,64,66,19,47,83
53,36,50,15,43,34,16,27,12,27
25,73,20,13,56,9,78,86,28,73
25,73,76,13,45,9,3,50,94,32
58,71,11,92,19,64,66,94,79,83
90,36,50,96,43,33,16,29,19,8
53,26,50,96,84,33,16,27,19,27
17,37,75,40,53,42,88,40,24,44
58,39,11,92,19,25,66,19,16,97
7,39,92,92,19,64,86,19,79,97
7,71,92,96,19,75,86,44,16,97
25,73,76,13,56,14,12,86,28,14
25,44,76,64,56,9,12,50,35,14
25,73,76,13,45,9,12,61,94,73
57,71,11,96,19,64,66,44,16,83
57,71,92,92,19,25,66,94,16,83
25,44,76,64,56,14,12,50,28,14
25,44,20,13,65,14,12,86,94,73
25,44,20,64,65,14,3,61,35,32
92,100,50,66,88,25,99,23,93,58
36,60,5,94,23,73,95,99,13,24
58,71,92,96,19,75,91,19,79,97
53,36,61,15,84,33,16,27,19,27
17,87,56,67,52,72,34,100,40,91
25,73,20,64,45,9,3,86,35,14
73,59,12,72,76,75,5,16,75,89
90,26,50,15,84,34,16,29,19,8
25,93,76,64,65,14,12,50,28,14
57,71,11,96,19,75,66,44,79,97
25,44,76,64,45,14,12,50,94,32
63,22,74,95,59,88,60,26,32,83
25,73,20,13,45,9,12,50,28,32
31,37,75,40,52,42,88,82,10,44
25,93,20,13,56,14,12,61,28,32
90,26,90,9,84,33,16,29,12,41
25,93,20,64,56,9,12,50,94,14
57,71,92,96,19,25,91,19,79,97
57,71,92,96,19,64,86,44,79,83
7,39,92,92,19,75,66,44,16,97
90,36,90,15,84,33,16,27,19,8
25,93,20,13,45,9,3,61,94,32
57,71,11,92,19,25,66,94,79,83
53,26,50,96,84,33,16,27,12,8
57,18,11,92,19,75,86,94,16,97
45,86,50,9,84,34,16,27,19,27
90,26,61,96,43,34,16,29,12,8
57,39,92,96,19,64,86,19,79,83
45,36,50,96,43,34,16,27,12,27
25,73,76,13,56,14,12,50,94,73
58,39,11,96,19,64,66,44,47,83
53,36,61,96,84,34,16,27,12,27
90,26,50,9,84,33,16,29,19,27
57,18,11,96,19,75,86,19,79,83
25,93,20,64,65,14,3,61,94,14
25,93,20,13,65,9,3,61,35,14
58,71,92,92,19,25,86,94,47,83
45,26,90,96,43,34,16,29,12,8
25,93,20,13,56,9,12,50,94,73
90,36,50,9,84,34,16,29,12,41
8,48,77,94,23,73,95,99,13,82
61,5,66,97,53,1,98,4,2,23
53,36,50,15,43,34,16,27,12,8
25,93,76,64,45,9,78,86,94,32
92,40,50,66,73,25,99,78,93,58
17,37,75,40,79,81,88,82,10,15
7,39,11,92,19,64,66,44,16,97
57,18,92,96,19,25,91,44,79,83
55,81,63,38,37,99,36,96,32,47
53,26,90,15,43,34,16,29,12,8
45,26,61,9,43,33,16,29,12,41
25,44,76,64,45,14,3,50,28,73
25,44,20,13,56,9,12,50,28,32
25,93,76,64,45,9,3,50,94,73
8,48,5,94,23,73,95,99,13,82
58,39,11,92,19,25,66,94,47,97
58,18,92,92,19,75,66,44,79,83
45,86,61,15,84,34,16,29,12,8
53,26,61,15,43,33,16,29,19,27
45,36,61,15,84,33,16,29,12,8
99,37,75,79,52,42,88,51,10,15
45,26,61,96,84,33,16,29,12,41
25,73,76,64,45,9,3,86,94,73
45,26,90,15,43,34,16,27,19,27
35,75,18,8,78,89,39,89,85,34
25,93,20,13,65,14,12,61,28,14
12,5,85,28,11,21,76,97,6,4
7,71,92,96,19,75,86,94,79,83
64,40,50,99,68,25,99,78,99,58
58,39,92,96,19,25,66,19,47,97
58,18,11,96,19,75,86,19,16,83
53,36,90,15,43,33,16,29,19,8
25,93,76,13,56,14,3,50,35,32
58,71,92,92,19,25,91,94,47,97
45,26,61,9,43,33,16,29,12,8
57,39,11,92,19,75,86,44,16,83
25,44,76,64,45,9,12,50,35,32
7,71,11,96,19,25,86,94,16,97
58,18,92,96,19,25,91,44,16,83
25,44,20,13,45,14,78,50,35,32
25,93,76,64,56,14,78,50,94,14
57,18,11,96,19,64,66,44,16,97
25,44,76,64,56,14,78,86,35,32
25,73,76,13,65,9,3,86,94,14
53,26,61,9,84,33,16,29,12,41
45,86,90,15,43,34,16,27,19,41
25,44,20,64,65,14,78,61,35,32
58,71,92,92,19,75,91,19,47,97
58,71,92,96,19,64,91,19,79,97
90,26,61,9,84,33,16,29,12,8
92,100,50,66,68,25,99,78,6,20
53,36,90,15,43,34,16,29,12,8
25,93,20,64,65,9,78,61,28,32
57,39,92,92,19,25,66,44,16,97
57,71,92,96,19,64,86,94,16,83
58,71,92,92,19,25,91,19,47,97
58,71,92,96,19,75,86,44,16,83
7,71,92,92,19,25,86,44,16,97
45,26,50,96,43,34,16,29,12,8
25,93,76,13,45,9,3,86,94,73
53,86,90,9,43,34,16,27,12,8
57,71,11,96,19,75,86,44,79,83
16,35,30,49,44,84,3,61,49,7
45,36,61,15,84,34,16,27,12,27
64,40,50,99,88,25,99,78,99,20
25,44,20,64,56,14,12,61,94,32
73,22,7,72,97,75,5,68,75,89
58,39,11,92,19,25,86,44,16,97
90,36,61,96,43,33,16,29,19,8
7,100,50,99,73,25,99,23,99,20
7,71,11,92,19,75,86,44,47,97
75,27,32,15,25,48,79,20,68,71
57,39,11,92,19,75,86,19,79,83
25,93,76,13,56,9,12,86,35,14
25,93,20,64,65,14,3,86,94,73
75,27,32,65,25,67,8,20,68,48
92,40,50,99,68,25,99,23,6,20
50,94,18,8,78,89,92,89,85,34
4,35,30,49,90,31,3,94,49,7
25,93,76,13,45,14,3,86,28,32
57,18,92,92,19,25,91,19,79,97
58,18,92,96,19,25,86,44,47,97
25,73,20,64,65,9,78,50,35,73
25,73,20,64,56,9,12,61,28,73
25,44,76,13,56,14,3,50,94,14
75,27,32,65,25,48,79,20,68,71
25,93,20,64,65,9,78,86,94,32
57,18,92,92,19,64,91,44,79,83
25,73,76,64,65,9,78,50,94,73
7,18,92,96,19,25,86,94,79,83
99,37,75,40,79,42,88,51,10,44
90,26,90,15,84,34,16,29,12,27
25,93,76,64,56,14,3,61,94,14
87,97,3,46,39,95,41,92,40,85
90,36,90,15,84,33,16,27,12,27
53,36,50,96,43,33,16,29,19,41
25,44,20,64,45,14,78,50,35,73
58,39,92,96,19,25,86,94,16,97
36,48,5,94,23,10,95,99,55,24
61,5,66,97,70,1,37,96,2,31
53,36,61,96,43,34,16,29,12,8
56,81,63,38,37,49,36,1,42,47
25,73,20,64,56,9,78,50,28,14
58,71,11,96,19,75,86,94,79,97
53,86,50,15,43,34,16,27,19,27
25,93,20,13,65,14,78,61,28,14
25,73,76,13,45,14,12,50,94,73
45,36,50,15,43,34,16,29,12,41
25,73,20,64,65,9,3,86,94,73
53,36,61,15,43,34,16,27,19,41
45,36,90,9,84,33,16,27,19,41
99,37,75,40,79,81,88,51,24,15
57,71,11,92,19,25,91,94,47,97
53,36,90,96,43,34,16,29,12,8
53,86,90,96,43,34,16,29,19,8
31,37,75,40,53,81,88,40,10,97
7,39,92,92,19,75,86,94,79,83
58,71,11,92,19,64,91,19,47,83
25,44,76,64,45,14,78,86,94,32
50,91,18,8,78,89,92,89,89,34
25,93,20,64,45,9,3,86,35,73
25,44,20,64,65,9,3,86,35,14
57,18,92,92,19,75,66,44,47,83
25,93,76,13,65,9,12,50,28,73
58,18,92,96,19,75,91,19,16,83
25,44,76,13,45,9,3,86,35,32
58,18,11,96,19,64,66,44,47,83
25,73,76,13,45,14,3,61,28,14
57,18,11,92,19,75,86,94,79,97
7,39,92,96,19,75,66,44,79,97
25,73,20,64,56,9,12,86,28,14
25,44,76,64,56,9,3,50,35,14
25,73,76,64,65,14,12,50,35,14
92,40,50,99,73,25,99,78,99,20
57,39,11,92,19,64,91,44,47,83
25,93,76,64,65,14,3,61,94,32
92,100,50,99,88,25,99,78,93,58
57,18,92,92,19,75,86,44,79,97
57,71,11,92,19,25,91,44,47,83
25,73,76,64,45,14,3,86,35,73
45,86,61,15,43,33,16,29,12,8
58,39,11,92,19,25,86,19,79,83
25,5,13,28,43,21,76,97,6,6
25,93,76,13,65,9,3,61,28,32
90,26,61,15,84,34,16,27,12,27
73,22,90,72,97,75,5,38,75,83
45,86,61,96,84,33,16,27,19,8
7,18,11,96,19,25,86,19,79,83
25,73,20,64,65,9,12,61,94,32
25,73,20,13,56,9,12,50,94,73
45,86,61,15,84,34,16,27,19,27
90,26,90,9,43,34,16,27,12,41
57,39,11,96,19,64,66,19,16,83
25,93,76,13,65,14,12,86,94,32
4,35,30,49,90,84,3,61,49,16
36,48,5,94,79,10,95,99,55,24
25,44,20,64,65,14,3,61,35,73
25,44,76,13,45,14,78,50,28,14
25,93,76,64,65,9,78,61,28,32
90,86,50,9,84,34,16,27,19,8
25,44,20,64,45,9,78,86,35,32
53,86,61,96,43,33,16,29,19,8
58,18,11,92,19,64,91,44,47,97
58,39,92,96,19,25,91,44,16,97
25,44,76,64,65,9,78,61,94,32
25,44,20,64,56,14,78,86,94,32
73,22,12,72,76,75,5,16,11,89
25,73,76,13,45,9,12,86,35,14
25,73,76,64,56,14,12,50,28,73
25,93,20,13,45,9,78,50,28,32
55,81,63,38,43,99,95,96,32,21
25,93,20,64,56,9,3,61,28,14
7,18,92,92,19,64,66,44,16,83
25,93,76,64,45,14,78,61,35,73
7,39,92,92,19,64,86,44,16,83
25,93,76,13,65,14,3,86,28,14
25,44,76,64,56,9,78,61,28,14
58,71,92,96,19,25,66,19,79,97
25,73,76,13,65,14,78,86,35,32
25,44,20,64,45,9,3,61,28,14
17,87,62,20,52,72,34,95,46,91
57,18,92,96,19,64,86,94,16,83
45,36,50,96,84,34,16,29,19,27
25,44,76,64,45,14,3,61,94,73
25,44,76,13,56,9,12,50,35,32
25,93,20,64,45,14,78,86,94,32
92,40,50,66,73,25,99,2,6,20
90,26,90,15,43,34,16,27,19,41
25,73,76,13,56,9,3,61,35,14
7,71,92,92,19,64,91,19,16,83
58,18,92,92,19,64,66,94,16,83
45,26,50,96,84,34,16,27,12,8
17,60,91,20,52,72,65,95,40,91
53,86,90,15,43,33,16,27,12,41
18,5,66,38,53,99,37,4,2,23
25,73,20,64,56,14,3,86,35,32
25,44,76,13,56,9,12,50,28,73
25,44,76,13,45,14,12,61,28,32
53,26,61,9,84,34,16,27,19,41
58,18,11,92,19,64,66,94,47,83
17,37,75,40,79,81,88,82,24,15
25,93,76,13,65,14,3,86,28,73
45,36,50,96,43,33,16,29,19,27
58,18,11,96,19,75,91,19,47,97
25,93,20,13,45,14,12,86,35,73
45,26,61,15,43,34,16,27,12,41
90,36,90,9,84,33,16,29,12,27
25,93,20,13,56,9,78,86,28,14
58,39,92,96,19,75,86,44,47,83
90,86,90,9,43,33,16,29,12,8
25,44,76,64,56,9,3,50,94,14
61,5,66,38,70,99,98,96,2,31
90,86,50,9,43,34,16,29,19,8
7,71,92,96,19,64,91,94,16,97
57,39,11,92,19,64,86,44,47,83
17,87,91,1,52,72,57,100,40,91
58,71,11,92,19,64,66,19,47,97
75,27,32,15,33,48,79,20,68,71
25,73,20,64,65,9,78,86,35,32
90,26,50,15,43,34,16,27,12,8
58,39,11,96,19,25,66,19,79,83
25,93,20,13,45,14,3,61,35,73
90,36,90,96,84,33,16,27,12,27
8,76,66,20,33,1,25,91,38,21
25,93,76,64,56,14,78,61,94,32
53,26,61,96,84,34,16,27,19,8
55,81,63,38,43,49,36,1,32,42
95,76,10,20,33,1,90,91,38,99
25,44,20,13,65,9,78,50,28,14
92,100,50,66,68,25,99,78,6,58
25,93,20,13,45,9,78,61,35,32
58,39,92,92,19,25,86,94,47,83
58,71,11,96,19,25,66,44,16,97
50,91,18,21,78,89,92,89,85,34
61,5,66,97,70,99,98,96,2,70
90,86,61,9,84,33,16,27,12,8
16,35,30,49,44,31,3,13,49,16
58,39,92,92,19,25,91,94,79,83
57,71,92,96,19,75,66,19,47,83
25,44,76,64,56,14,3,50,28,14
64,40,50,99,73,25,99,23,93,20
58,18,92,92,19,64,86,94,79,97
31,37,75,40,79,81,88,51,10,97
57,71,11,96,19,64,91,19,79,83
7,39,11,92,19,64,86,44,79,97
25,44,20,13,45,9,3,61,94,73
25,44,76,13,45,9,12,86,35,73
61,5,66,97,53,1,37,96,2,23
25,93,20,64,65,14,12,61,35,14
45,36,90,9,43,33,16,27,19,8
45,36,90,15,84,33,16,29,12,27
7,100,50,99,73,25,99,2,93,58
57,39,92,92,19,75,86,94,16,83
25,93,76,13,56,14,3,86,28,14
25,44,76,13,45,14,12,86,35,73
64,40,50,66,73,25,99,78,93,58
25,44,76,64,65,9,3,86,35,73
57,39,11,96,19,25,86,44,16,97
12,5,20,28,43,21,76,97,6,6
7,71,11,92,19,75,91,94,16,83
64,100,50,66,73,25,99,2,93,58
25,93,76,13,65,14,78,61,35,73
16,35,30,14,90,31,3,61,49,16
90,86,61,9,84,34,16,27,12,27
25,93,76,64,65,9,78,61,35,32
57,71,11,92,19,64,66,44,47,83
45,36,90,9,84,34,16,29,12,41
57,18,92,96,19,25,86,19,16,83
25,73,76,13,45,9,12,86,94,32
90,86,61,15,43,33,16,27,12,8
58,18,11,96,19,25,91,19,47,97
25,73,76,13,56,9,78,86,94,73
25,93,76,64,56,9,78,86,35,14
90,86,90,15,43,34,16,29,12,41
53,36,50,9,84,33,16,29,19,41
45,36,90,15,84,34,16,29,19,8
58,71,11,96,19,25,91,94,79,97
53,86,90,96,43,33,16,29,12,41
7,18,11,96,19,25,91,44,47,97
45,26,50,15,84,33,16,27,19,41
7,71,11,96,19,75,66,44,79,97
53,36,90,96,43,34,16,27,19,8
45,36,90,96,84,34,16,29,12,41
25,93,20,13,65,14,3,61,35,73
53,86,61,96,84,33,16,29,12,27
7,18,11,92,19,25,86,44,47,83
45,86,50,96,84,33,16,27,12,41
7,100,50,99,88,25,99,2,6,58
25,44,20,64,65,9,3,61,94,14
25,44,76,64,56,14,78,61,35,32
90,86,90,9,84,34,16,27,12,41
16,35,30,14,90,31,16,94,49,7
45,26,90,96,43,34,16,29,12,27
57,18,11,96,19,75,91,94,16,83
25,73,20,64,45,14,78,86,35,14
7,39,92,92,19,25,91,44,79,97
73,59,90,72,97,75,5,68,11,83
58,93,66,20,33,1,90,91,38,21
58,39,92,96,19,75,86,94,79,97
58,18,92,96,19,25,86,19,79,97
25,93,20,13,65,9,3,61,28,73
25,93,76,64,65,9,78,50,35,14
25,44,76,13,45,14,78,50,94,32
90,86,50,9,43,33,16,27,12,8
58,39,11,96,19,25,86,44,79,83
25,44,20,13,65,14,12,50,28,32
63,22,83,87,59,88,60,26,32,14
58,18,11,96,19,75,91,94,47,97
25,44,76,64,56,9,3,61,28,73
73,22,90,72,76,75,5,38,75,89
12,81,63,38,37,49,95,96,32,42
7,18,92,96,19,64,66,19,16,97
36,60,5,94,79,73,95,99,55,26
8,48,77,94,79,73,95,99,13,26
25,44,76,13,65,9,78,50,94,14
18,5,66,38,70,99,37,4,2,23
73,10,7,72,76,75,5,38,75,89
55,81,63,38,37,99,36,1,32,47
58,71,92,92,19,75,86,19,16,83
17,37,75,40,79,81,88,82,10,97
18,5,66,97,53,48,37,96,2,70
16,35,30,14,44,84,16,61,49,7
90,26,61,9,43,33,16,29,12,27
57,18,11,96,19,25,91,44,47,83
57,18,11,92,19,75,66,19,47,97
25,44,20,13,45,14,3,50,35,14
25,73,20,64,45,14,3,61,35,14
7,39,92,96,19,75,86,44,47,83
90,86,61,96,43,34,16,29,19,8
7,39,92,96,19,64,66,94,47,97
90,36,90,96,84,34,16,29,19,27
25,44,76,13,56,14,3,86,28,32
45,86,50,9,84,33,16,27,12,8
58,76,66,20,33,1,25,91,38,99
25,93,20,13,65,9,78,61,35,32
58,71,92,92,19,75,86,94,16,97
25,73,20,13,56,14,3,50,94,32
58,39,92,92,19,64,86,19,47,97
25,5,20,28,43,21,98,97,6,33
25,93,20,13,65,14,78,50,35,32
50,75,18,21,78,89,33,89,36,34
45,26,50,9,84,33,16,29,12,27
25,44,20,64,65,9,78,61,28,32
57,18,11,92,19,64,91,44,79,97
7,39,11,96,19,64,86,44,79,83
25,93,20,13,56,14,78,86,35,14
72,49,27,37,35,98,79,84,95,73
58,39,92,96,19,75,66,44,47,83
45,36,50,15,43,34,16,29,19,8
73,22,7,72,97,75,5,16,75,83
45,26,90,96,43,34,16,27,19,27
90,86,50,96,43,34,16,29,12,27
57,71,11,96,19,75,91,19,79,83
58,18,92,96,19,64,91,94,16,83
25,73,20,64,56,9,12,50,94,32
7,18,11,92,19,64,86,44,79,97
25,73,76,64,56,9,3,50,28,32
57,71,11,96,19,75,86,19,47,97
25,93,76,64,56,9,3,50,28,32
57,71,11,92,19,64,91,44,16,97
25,93,76,64,45,9,3,86,35,73
95,63,66,20,33,59,25,91,38,37
45,36,50,9,84,34,16,29,19,8
58,18,92,96,19,25,91,44,16,97
25,44,76,64,56,9,12,86,35,14
25,93,76,64,56,14,12,86,94,14
7,71,92,96,19,25,91,44,47,97
45,36,61,96,84,34,16,27,12,27
7,71,11,92,19,25,91,19,16,97
90,86,61,9,43,34,16,27,19,27
12,81,63,38,37,49,95,96,32,47
25,73,20,64,56,9,78,86,28,32
25,73,76,64,56,14,12,50,94,32
53,86,90,15,43,33,16,29,19,41
7,71,92,92,19,75,66,19,16,83
25,93,20,13,56,14,3,61,35,14
57,18,11,96,19,64,86,94,16,83
25,93,20,13,65,9,78,86,35,73
25,93,20,64,45,9,3,50,28,73
25,44,20,64,56,14,3,61,94,73
25,73,76,64,45,9,78,61,94,14
57,18,11,96,19,25,66,94,47,83
58,39,11,96,19,25,91,19,16,83
25,93,20,64,56,14,78,50,28,32
25,73,20,64,45,9,78,50,28,73
17,37,75,40,52,42,88,82,24,44
25,93,20,13,45,9,78,50,94,73
25,44,76,13,56,14,78,50,35,32
18,5,66,97,53,99,37,4,2,23
36,48,77,94,79,10,95,99,55,26
25,93,76,64,65,14,78,61,35,14
17,37,75,79,79,42,88,82,24,44
25,44,76,64,45,14,12,61,35,32
25,93,20,13,56,9,12,61,35,14
57,71,11,92,19,25,66,19,16,83
53,36,61,96,84,34,16,29,19,27
58,18,92,96,19,64,91,94,47,97
58,63,10,20,33,1,90,91,38,21
25,93,20,64,65,14,12,86,94,73
25,44,20,13,65,14,12,86,35,14
53,36,61,15,84,33,16,29,19,27
7,71,11,96,19,25,86,19,79,83
25,44,20,64,56,14,78,50,94,14
25,93,20,64,45,9,12,86,28,32
57,18,11,92,19,25,86,19,79,83
36,48,77,94,48,73,95,95,13,82
58,39,92,92,19,75,66,44,79,97
8,60,5,94,48,73,95,99,13,82
57,71,92,96,19,25,86,94,16,97
58,39,92,96,19,25,91,94,16,97
25,73,20,13,45,9,78,61,35,32
25,73,76,64,45,14,3,86,35,32
58,71,92,92,19,25,66,94,16,97
53,26,50,15,43,34,16,27,12,27
61,5,66,97,70,99,98,4,2,70
25,73,20,13,65,14,3,50,28,32
50,75,18,21,78,89,39,89,89,34
53,36,61,9,43,33,16,29,19,27
90,26,61,15,43,34,16,27,12,27
25,73,76,13,56,9,12,86,35,32
61,5,66,97,70,48,37,96,2,23
25,93,76,64,45,14,78,86,35,73
25,93,20,13,56,9,78,61,94,14
25,44,76,13,56,9,3,50,28,32
7,71,92,96,19,64,86,19,47,97
8,48,77,94,79,73,95,99,55,82
25,93,76,64,65,9,12,50,28,73
7,39,11,92,19,25,86,94,79,83
55,81,63,38,43,99,36,1,32,42
25,93,76,64,65,9,78,86,28,73
53,36,50,15,43,34,16,29,19,8
45,36,90,15,43,34,16,27,12,41
25,93,20,64,45,9,3,86,35,32
73,22,90,72,76,75,5,68,11,89
25,73,20,64,45,9,78,86,28,73
25,73,76,13,45,9,3,86,35,32
25,93,76,13,56,14,3,50,28,73
25,44,76,13,45,14,3,86,35,73
7,71,11,92,19,25,86,19,79,97
8,63,10,20,33,59,25,91,38,37
90,86,61,96,84,33,16,29,12,8
53,26,90,96,84,33,16,29,19,27
90,36,61,96,43,33,16,29,19,27
57,71,11,96,19,25,66,94,47,83
57,39,11,96,19,75,66,19,47,83
92,100,50,66,68,25,99,23,99,58
95,76,10,20,33,10,90,91,38,37
25,73,76,64,56,14,3,50,28,73
36,48,77,94,23,73,95,95,55,82
57,39,11,92,19,75,86,94,79,83
57,71,11,96,19,25,91,44,47,97
53,26,61,96,43,34,16,29,12,27
25,73,76,64,45,14,3,86,94,14
25,44,20,13,45,9,3,86,28,14
7,18,92,96,19,75,91,94,47,83
57,39,11,96,19,64,66,94,47,97
25,93,20,13,45,9,78,50,35,73
25,93,20,13,65,14,3,86,28,73
7,18,11,96,19,64,86,94,79,83
45,36,90,9,84,34,16,29,19,41
53,36,90,15,43,34,16,27,19,27
63,22,83,95,59,88,67,100,32,83
25,44,20,64,45,14,3,86,35,14
25,93,20,64,56,9,78,50,35,14
25,93,76,64,65,14,78,50,28,73
45,36,90,9,43,33,16,29,12,8
25,44,20,64,45,14,78,61,28,73
57,39,92,92,19,25,66,19,16,97
72,49,27,36,35,98,79,84,95,53
25,44,20,13,65,14,12,50,35,14
57,18,92,96,19,64,91,19,47,83
25,73,76,13,45,14,12,61,35,32
31,37,75,40,79,81,88,82,24,15
45,36,50,96,84,33,16,29,12,27
25,44,20,64,45,9,78,61,35,14
58,39,92,96,19,64,86,94,79,97
17,87,56,20,52,72,65,100,40,91
58,18,92,92,19,64,86,19,47,83
58,39,92,96,19,64,66,44,47,97
57,71,11,92,19,75,86,44,79,97
7,39,11,96,19,75,66,94,16,83
61,5,66,38,70,48,37,19,2,70
42,5,66,97,70,99,98,19,2,23
25,44,20,64,65,9,12,61,28,32
7,71,92,92,19,64,66,94,16,83
25,44,20,64,45,14,3,86,28,14
25,93,20,13,65,9,12,61,28,73
25,93,20,64,56,14,78,50,28,73
61,5,66,97,70,99,37,19,2,23
25,93,20,13,65,14,12,50,28,32
45,36,90,96,84,34,16,29,12,8
25,93,20,64,65,14,3,61,35,32
57,71,92,92,19,75,91,94,47,83
16,35,30,14,90,73,96,13,49,7
58,39,92,92,19,75,66,94,47,83
95,93,66,20,33,10,25,91,38,99
25,44,76,13,65,9,3,86,35,32
58,71,11,92,19,25,66,44,47,97
57,18,11,92,19,25,91,44,47,97
25,93,76,13,56,14,12,50,35,14
25,73,20,64,65,14,12,50,28,73
7,39,92,92,19,64,66,94,47,97
25,44,20,13,45,9,3,86,94,32
25,93,20,13,56,14,78,86,94,32
25,73,20,64,65,9,3,86,94,14
8,48,77,94,79,73,95,99,55,24
58,71,11,92,19,25,66,19,47,83
58,39,11,92,19,25,66,19,79,83
25,73,20,13,45,9,12,86,94,14
25,73,20,13,45,9,3,86,94,73
63,22,91,87,59,88,60,26,36,83
25,44,76,13,45,14,3,50,35,73
25,44,20,64,56,9,78,61,28,32
25,93,20,64,45,9,78,50,94,14
25,93,76,64,45,14,3,61,94,14
53,86,61,96,84,34,16,27,12,27
58,71,11,92,19,75,86,19,47,83
36,60,5,94,48,10,95,95,55,82
25,44,20,13,56,14,78,61,28,32
92,40,50,66,88,25,99,2,93,20
7,18,92,96,19,25,86,94,47,97
58,39,92,96,19,75,66,94,79,83
25,44,20,13,45,14,12,50,94,14
53,26,50,15,84,34,16,27,19,41
7,71,92,92,19,25,91,19,79,97
90,26,90,15,84,34,16,27,19,27
42,5,66,38,70,48,98,19,2,31
53,26,61,15,43,34,16,27,12,27
7,71,92,96,19,64,66,19,47,97
53,86,50,96,43,34,16,27,12,27
25,93,76,64,45,14,3,50,28,32
25,44,76,13,45,9,12,61,94,32
53,86,90,15,84,33,16,27,12,41
90,36,90,15,43,33,16,27,12,27
99,37,75,40,79,42,88,40,24,15
7,18,11,92,19,75,91,19,79,83
45,26,90,96,43,33,16,27,12,41
45,86,90,15,84,33,16,29,12,8
57,18,11,92,19,25,91,44,79,97
17,37,75,79,52,42,88,51,24,15
53,26,61,15,43,34,16,29,12,8
57,18,11,92,19,75,66,94,16,97
42,5,66,97,70,48,37,4,2,70
53,26,90,96,84,33,16,27,19,27
25,73,76,13,65,9,3,86,35,32
25,93,76,64,56,14,12,50,94,14
31,37,75,79,79,81,88,82,10,97
42,5,66,38,70,99,98,19,2,31
25,73,76,13,56,14,3,86,94,32
57,18,92,96,19,75,66,19,16,83
7,39,92,96,19,64,66,19,16,97
90,26,50,96,43,34,16,27,19,41
7,100,50,99,73,25,99,23,93,58
25,44,76,13,56,14,12,86,35,32
25,44,20,13,45,14,12,50,94,32
33,27,32,91,33,7,8,20,68,71
7,39,92,96,19,25,66,94,16,97
18,5,66,97,70,1,37,4,2,70
7,39,92,92,19,25,66,94,79,97
25,93,76,64,56,9,12,61,94,14
25,44,76,13,65,14,78,61,94,32
8,60,77,94,48,10,95,99,55,24
25,44,20,13,56,14,3,61,28,14
36,48,77,94,23,10,95,99,55,82
25,93,20,64,65,9,12,86,28,32
7,18,11,96,19,25,86,44,79,83
25,73,76,64,56,14,12,61,94,14
57,18,11,92,19,25,91,19,79,97
25,73,20,13,56,14,78,61,35,14
25,73,20,13,65,14,3,61,94,14
45,86,61,96,84,34,16,29,19,8
25,73,20,64,65,14,12,61,94,73
90,26,90,96,84,33,16,29,19,41
7,18,92,92,19,25,91,19,79,97
58,18,92,96,19,64,91,44,47,97
25,73,20,64,45,14,12,86,35,32
25,93,76,13,56,9,3,61,94,32
53,36,50,96,43,33,16,27,12,41
58,18,11,92,19,25,86,19,16,97
90,36,50,15,43,33,16,29,12,8
90,86,50,9,43,33,16,29,12,8
25,44,20,13,45,9,78,50,94,73
25,73,76,64,45,9,78,61,28,32
35,75,18,8,78,89,39,89,89,34
25,44,76,64,65,14,3,86,35,73
53,36,50,15,84,34,16,29,19,41
16,35,30,49,90,84,3,94,49,16
58,39,11,96,19,75,86,94,16,83
57,18,11,96,19,25,91,44,79,97
57,18,11,92,19,75,66,94,16,83
53,36,90,15,84,33,16,27,19,8
4,35,30,49,90,31,3,13,49,7
8,60,5,94,79,10,95,95,55,82
25,5,13,28,43,21,76,97,6,4
57,18,11,96,19,25,66,44,16,83
57,18,92,92,19,25,66,44,16,83
58,39,11,96,19,64,86,19,79,83
90,26,90,15,43,33,16,29,19,41
25,44,20,13,65,9,78,61,94,32
4,35,30,49,90,31,3,13,49,16
53,36,61,96,43,34,16,27,19,8
25,73,20,64,65,9,3,86,94,32
58,71,11,92,19,75,86,94,79,97
58,71,11,96,19,25,86,44,16,97
57,71,92,92,19,25,66,94,16,97
58,39,92,96,19,64,91,94,16,83
53,36,50,96,43,34,16,27,12,27
25,93,20,13,45,14,3,86,35,32
63,22,91,87,59,88,61,26,32,14
25,73,20,13,45,9,78,61,28,32
57,39,92,96,19,75,91,44,79,97
58,39,11,92,19,25,66,44,16,83
25,44,76,13,45,14,78,50,94,14
73,10,90,72,97,75,5,38,75,83
45,86,61,15,84,33,16,29,12,27
53,36,50,15,84,33,16,27,12,8
7,18,11,96,19,64,66,94,16,97
25,93,20,64,65,9,78,50,35,32
25,73,76,64,45,14,3,86,28,32
57,39,92,96,19,25,91,44,47,83
25,73,20,13,56,9,12,50,35,73
90,86,50,15,43,33,16,29,12,27
90,36,50,96,84,34,16,27,19,8
57,39,11,96,19,25,66,19,47,83
31,37,75,79,79,81,88,40,10,15
45,36,50,15,43,34,16,27,12,8
57,18,11,96,19,64,86,44,79,83
58,71,11,96,19,75,91,44,79,97
63,22,74,87,59,88,61,100,32,83
61,5,66,38,53,1,98,96,2,31
57,71,92,96,19,25,86,94,79,97
57,39,92,96,19,25,91,94,79,97
45,86,50,15,84,33,16,27,19,27
92,40,50,99,68,25,99,78,6,20
57,18,92,96,19,75,86,19,79,83
45,86,50,96,43,33,16,27,19,41
90,26,50,96,84,34,16,27,12,27
90,36,61,96,43,33,16,29,12,27
7,18,11,96,19,75,66,19,79,97
57,18,92,96,19,25,91,44,16,83
25,44,20,64,56,9,78,61,35,14
58,71,11,92,19,75,86,19,79,83
25,44,76,64,65,9,3,86,28,32
73,22,7,72,76,13,5,68,75,89
17,37,75,40,52,42,88,40,24,44
58,18,92,96,19,75,86,94,79,83
25,44,76,13,45,9,78,86,35,73
57,39,92,96,19,25,91,44,16,83
25,44,76,13,65,9,12,50,94,73
90,36,50,15,84,33,16,27,19,8
58,18,11,96,19,25,66,44,16,97
33,27,32,15,25,7,8,20,68,48
58,39,11,96,19,75,86,44,79,83
58,18,11,92,19,75,66,94,47,83
57,39,92,96,19,25,86,19,47,83
90,26,90,9,84,33,16,27,19,8
57,71,11,96,19,64,91,44,79,83
25,93,76,13,56,9,78,86,94,32
25,93,20,13,45,9,12,61,35,14
25,73,76,13,45,9,12,86,28,14
90,26,90,15,84,33,16,27,19,8
7,39,11,92,19,25,66,94,47,83
53,36,90,96,43,33,16,27,12,41
12,81,63,38,37,49,95,1,42,42
53,36,61,9,43,33,16,29,12,8
58,18,92,92,19,75,86,44,79,83
57,18,11,92,19,64,86,19,47,83
90,36,90,15,84,33,16,27,12,41
17,37,75,40,79,81,88,40,10,15
90,36,61,15,43,34,16,27,12,41
63,22,83,95,59,88,61,26,32,83
73,22,12,72,76,13,5,16,11,89
53,36,61,15,84,34,16,27,12,27
25,93,76,64,45,9,78,50,35,32
25,73,76,13,45,14,3,61,35,14
25,44,20,13,56,14,12,50,94,32
53,36,90,9,43,33,16,29,19,8
7,39,11,96,19,64,66,94,47,83
7,71,92,96,19,25,86,44,47,83
25,44,20,64,65,9,78,61,94,14
31,37,75,79,52,42,88,51,10,15
7,18,11,92,19,75,86,19,79,83
25,93,20,64,56,9,12,50,28,73
58,71,11,96,19,64,91,44,16,97
7,18,92,96,19,25,66,44,79,97
4,35,30,49,90,84,16,94,49,7
90,26,50,15,84,33,16,27,19,27
99,37,75,40,53,81,88,40,24,44
58,76,66,20,33,10,25,91,38,37
90,26,50,9,84,34,16,29,19,27
7,18,11,96,19,25,66,19,47,97
45,26,50,9,43,34,16,27,19,41
58,93,10,20,33,1,90,91,38,37
17,37,75,79,52,42,88,82,10,97
58,18,92,96,19,25,86,94,47,97
25,93,76,64,65,9,3,61,28,73
7,40,50,99,88,25,99,23,93,20
25,93,76,13,65,9,78,86,94,14
18,5,66,97,53,48,37,19,2,23
90,86,61,15,84,33,16,29,12,41
57,71,11,92,19,25,86,44,16,97
18,5,66,38,70,48,37,96,2,70
7,100,50,66,73,25,99,23,99,20
25,93,20,13,56,9,12,61,28,14
7,18,11,92,19,75,91,44,16,97
25,73,20,64,65,9,78,61,35,73
25,73,76,64,65,14,3,86,94,32
45,36,90,9,84,33,16,29,12,8
25,44,20,64,65,14,78,50,94,32
25,44,76,64,45,9,78,86,28,73
25,93,20,64,45,14,3,86,28,32
99,37,75,79,52,42,88,51,10,97
7,39,92,96,19,25,66,44,47,83
90,86,90,15,43,33,16,27,12,27
25,44,76,13,65,9,12,86,28,32
25,93,20,13,65,14,12,50,28,73
57,71,11,96,19,64,66,44,16,97
58,39,11,92,19,64,86,94,79,83
25,44,20,64,56,9,78,50,35,14
25,44,20,13,45,9,78,50,35,32
25,73,76,13,65,9,78,50,94,73
98,7,38,54,25,72,16,14,22,77
7,18,92,92,19,64,91,19,79,97
57,71,92,96,19,75,91,94,79,97
90,26,90,96,84,33,16,27,19,27
25,44,20,64,45,9,78,86,28,32
58,18,92,96,19,64,91,94,47,83
7,71,11,92,19,64,91,94,47,97
25,73,20,13,45,14,78,86,35,32
7,18,92,96,19,25,91,44,47,83
25,44,76,13,56,9,78,86,28,32
57,18,11,96,19,25,86,19,79,83
31,37,75,40,53,81,88,51,10,97
17,87,56,1,52,72,65,95,54,91
42,5,66,97,53,48,98,19,2,70
25,73,76,13,56,9,78,61,28,14
31,37,75,79,53,81,88,82,24,97
8,60,77,94,48,10,95,95,13,82
25,44,20,13,56,14,78,61,35,32
7,18,92,96,19,25,66,19,79,83
58,39,11,92,19,25,91,44,47,97
61,5,66,38,53,1,37,4,2,31
25,93,20,13,65,14,12,50,35,14
7,39,92,96,19,75,66,94,16,83
53,36,90,96,84,33,16,29,12,41
58,39,92,92,19,75,66,94,16,83
25,73,20,13,65,9,78,61,35,73
25,44,20,64,56,14,3,50,28,14
25,73,20,13,65,9,12,50,35,73
58,39,11,92,19,64,86,19,79,83
57,18,92,96,19,75,66,44,47,83
7,71,92,92,19,25,91,94,16,83
25,73,20,13,45,9,3,61,28,32
8,60,77,94,79,73,95,95,55,24
31,37,75,79,53,81,88,82,10,97
17,37,75,79,53,81,88,51,24,97
57,18,92,96,19,75,66,44,16,83
58,71,11,92,19,64,91,94,16,97
25,44,20,13,65,14,12,86,35,32
57,18,11,96,19,64,66,19,79,83
57,18,11,92,19,64,86,44,47,97
45,86,50,96,84,34,16,27,19,27
45,86,50,15,43,34,16,27,19,8
90,86,50,15,84,34,16,27,19,41
90,86,61,96,43,34,16,29,19,41
25,44,20,13,56,14,3,50,35,14
58,71,92,96,19,64,66,94,16,97
25,44,76,64,56,9,12,61,35,32
45,36,50,9,43,33,16,29,19,8
12,81,63,38,43,99,36,1,42,47
57,39,92,92,19,75,91,19,16,83
25,5,13,44,48,21,98,97,6,4
7,18,92,92,19,64,86,94,47,83
25,44,76,64,45,14,3,86,35,73
69,97,3,46,17,95,100,92,40,85
7,71,11,96,19,75,86,19,16,83
55,81,63,38,1,99,36,96,32,21
7,71,92,92,19,64,86,94,16,83
58,18,92,92,19,75,66,19,47,97
53,36,61,15,84,34,16,27,19,27
7,18,92,92,19,25,86,44,79,83
57,39,92,96,19,64,86,19,47,97
61,5,66,97,70,48,37,96,2,70
61,5,66,38,70,99,98,19,2,70
92,100,50,99,73,25,99,2,93,20
12,5,20,28,11,21,98,97,6,33
57,39,92,96,19,75,86,94,47,97
31,37,75,79,52,81,88,40,24,97
25,44,20,64,56,14,12,50,35,14
7,71,11,96,19,75,91,44,47,97
25,73,20,13,65,14,12,50,94,32
25,44,20,13,45,14,78,86,94,14
25,93,20,13,45,9,3,61,94,14
7,39,11,96,19,25,66,94,47,83
25,93,20,13,65,14,78,86,94,14
4,35,30,14,90,31,3,61,49,16
25,73,76,64,56,14,3,86,94,14
45,86,90,96,84,34,16,27,19,27
25,93,76,64,56,9,12,50,94,14
45,26,61,15,43,34,16,27,12,27
90,86,50,15,84,33,16,27,19,8
61,5,66,38,53,1,98,96,2,23
7,18,92,92,19,25,91,94,79,83
16,35,30,49,44,31,16,94,49,16
25,93,76,64,45,14,3,86,28,14
53,36,61,15,43,33,16,27,12,8
16,35,30,14,90,31,16,61,49,16
7,39,92,96,19,25,91,44,79,97
7,71,11,92,19,64,66,44,79,97
64,100,50,99,68,25,99,2,93,20
25,44,76,13,65,14,78,86,28,32
36,48,77,94,23,10,95,95,55,26
57,18,92,92,19,75,86,19,47,83
57,39,11,96,19,64,91,94,79,83
58,71,92,92,19,75,91,94,79,97
25,93,76,64,56,9,78,50,35,14
63,22,91,87,59,88,67,100,36,14
25,5,85,44,48,21,76,97,6,6
56,81,63,38,43,99,36,1,32,42
25,73,76,13,65,14,78,61,35,14
57,71,11,96,19,75,66,94,16,83
57,71,11,96,19,25,66,19,16,97
25,93,76,64,56,14,78,86,28,73
90,36,90,15,84,34,16,27,12,41
92,100,50,66,73,25,99,78,6,58
53,86,61,15,43,33,16,27,19,8
58,71,11,92,19,25,66,94,79,83
45,36,50,96,43,34,16,29,12,41
45,86,61,96,84,34,16,29,12,8
61,5,66,38,53,1,98,4,2,70
17,37,75,79,79,42,88,82,24,97
58,71,92,96,19,75,86,19,79,83
45,36,50,15,43,34,16,27,19,41
25,93,76,13,65,9,3,86,35,73
31,37,75,79,52,42,88,51,24,15
57,39,11,92,19,64,91,19,47,97
7,71,92,96,19,75,66,44,47,97
53,86,61,9,43,33,16,27,12,41
7,71,11,96,19,25,91,94,79,97
58,18,92,92,19,64,91,44,16,97
25,73,20,13,45,14,3,50,28,32
90,36,90,15,84,34,16,29,19,8
7,100,50,99,68,25,99,23,99,20
18,5,66,38,70,99,98,96,2,31
7,18,11,92,19,25,91,19,47,97
45,86,50,96,84,33,16,27,19,41
48,7,38,54,30,72,16,14,22,77
7,100,50,66,88,25,99,78,99,58
90,86,61,15,43,34,16,27,19,41
45,36,90,15,84,33,16,29,12,41
45,36,50,15,43,33,16,29,19,41
45,26,90,15,84,34,16,27,19,41
53,26,50,15,84,34,16,29,19,8
17,87,62,1,52,72,65,95,54,91
16,35,30,14,44,73,96,94,49,7
25,93,76,64,56,14,12,61,35,32
25,93,76,64,65,14,12,50,94,73
57,39,11,92,19,25,91,44,47,83
25,44,76,64,45,14,3,61,35,32
64,40,50,66,68,25,99,2,6,20
75,27,32,91,33,67,79,20,68,71
36,60,5,94,23,73,95,95,55,82
90,86,90,96,43,34,16,27,12,41
25,93,20,64,65,9,3,61,94,73
53,26,61,96,84,34,16,27,19,41
25,44,20,64,65,9,12,50,28,32
31,37,75,79,53,81,88,51,24,15
58,39,92,96,19,75,66,94,79,97
25,44,76,64,65,9,78,61,28,14
61,5,66,97,70,1,98,19,2,31
7,39,11,92,19,64,66,44,47,97
25,93,20,64,65,14,3,50,94,73
57,18,92,92,19,25,66,94,79,83
45,86,61,96,43,34,16,27,19,41
45,86,50,15,84,34,16,29,12,8
7,39,92,92,19,25,86,19,16,83
7,18,92,96,19,25,66,44,47,83
57,39,92,96,19,75,91,19,79,83
57,71,11,96,19,25,86,44,47,83
25,93,20,64,65,9,3,86,35,32
50,91,18,77,78,89,39,89,89,34
58,71,92,96,19,25,66,19,16,83
42,5,66,38,53,48,98,96,2,70
58,39,92,92,19,64,66,94,79,97
95,76,10,20,33,1,90,91,38,21
17,37,75,40,53,81,88,82,24,44
25,93,76,64,45,9,78,61,35,73
90,86,90,96,84,33,16,27,12,41
25,73,20,64,56,9,3,50,94,14
57,39,11,96,19,75,86,44,16,83
53,86,61,96,84,34,16,27,12,41
58,39,92,92,19,64,66,44,79,97
7,100,50,99,73,25,99,23,6,20
58,18,92,92,19,64,66,44,79,83
7,39,92,92,19,64,91,94,47,83
25,73,20,13,65,9,3,86,35,32
57,71,92,96,19,25,66,94,16,97
25,73,76,13,56,9,78,86,28,73
36,60,5,94,48,10,95,99,13,82
25,44,20,13,65,14,3,50,35,73
16,35,30,14,44,73,16,13,49,7
45,36,61,15,84,34,16,29,12,41
36,60,5,94,48,73,95,99,55,26
7,18,11,96,19,64,66,44,79,97
25,93,76,13,65,14,78,86,28,73
57,18,11,92,19,64,66,94,47,83
25,44,20,64,45,9,78,86,28,14
7,39,92,92,19,25,66,44,79,83
25,73,20,64,56,14,78,86,94,32
25,44,20,13,45,14,3,86,35,32
25,44,20,13,65,14,78,86,94,73
25,93,20,64,45,9,12,50,94,73
90,26,50,96,84,33,16,29,19,8
99,37,75,79,79,42,88,82,10,44
58,39,11,92,19,75,86,94,79,97
25,44,76,13,45,9,78,86,35,32
12,81,63,38,37,49,36,96,32,42
17,60,62,67,52,72,57,100,54,91
7,39,11,92,19,75,66,44,16,83
25,44,76,64,56,9,12,50,35,73
90,26,90,96,84,33,16,29,19,27
53,86,90,96,43,34,16,29,12,27
58,39,92,92,19,64,91,19,79,83
57,39,11,96,19,25,91,44,47,83
45,26,90,96,84,34,16,29,12,8
87,94,30,75,21,33,33,59,10,66
25,44,76,64,65,14,3,86,28,32
90,86,50,15,43,33,16,29,19,8
25,93,20,64,56,9,78,61,94,32
25,44,76,64,45,14,3,86,28,73
25,93,76,64,56,9,78,86,35,32
73,22,7,72,76,13,5,68,11,83
57,18,11,92,19,25,86,94,47,97
90,86,50,96,43,33,16,29,19,27
57,18,11,92,19,75,91,94,16,97
7,100,50,99,68,25,99,2,6,58
25,73,20,64,56,14,3,61,94,14
90,36,90,9,43,33,16,29,19,8
58,18,92,96,19,25,91,94,47,83
45,86,61,96,84,33,16,29,12,8
45,86,61,15,84,33,16,27,19,8
25,44,20,13,65,9,3,86,35,14
45,26,90,15,84,33,16,27,12,8
7,71,92,96,19,25,66,19,79,83
57,18,92,92,19,75,86,44,47,83
58,63,66,20,33,10,90,91,38,21
8,63,66,20,33,1,25,91,38,37
25,93,20,64,45,9,78,61,94,14
7,71,11,96,19,64,91,44,79,97
7,100,50,66,88,25,99,23,99,58
25,73,76,13,45,14,3,61,28,73
57,18,92,96,19,25,91,94,79,97
25,73,20,64,65,14,78,61,28,73
58,39,92,92,19,64,86,44,79,83
45,26,50,9,43,34,16,29,19,27
58,39,11,96,19,75,86,19,16,83
25,44,20,64,56,9,3,50,28,73
7,71,11,92,19,25,91,94,79,97
25,93,20,64,45,14,78,86,28,32
17,87,91,67,52,72,34,95,54,91
25,44,76,13,65,14,3,50,94,14
25,73,76,13,65,9,3,86,35,14
25,93,76,13,56,14,3,50,28,32
25,73,76,64,65,14,3,86,28,73
25,93,20,13,56,9,78,86,94,14
57,71,11,92,19,25,86,94,79,97
25,44,76,64,45,14,78,86,28,14
58,39,92,96,19,25,91,44,79,97
7,18,92,92,19,64,91,19,16,83
25,44,20,13,65,9,3,50,28,32
25,73,20,64,45,9,3,86,94,32
7,39,92,96,19,75,66,94,79,83
92,40,50,99,73,25,99,23,6,20
58,71,11,92,19,75,91,94,16,83
25,73,20,13,45,9,12,50,94,14
25,73,20,64,56,14,12,61,28,14
45,86,90,9,84,34,16,27,19,27
53,86,61,96,43,34,16,29,12,8
7,100,50,99,88,25,99,78,99,20
53,36,61,15,43,34,16,29,12,27
7,71,11,92,19,25,91,44,79,83
25,44,20,64,45,9,78,86,28,73
12,5,13,28,11,21,76,97,6,4
55,81,63,38,37,49,95,1,42,47
57,71,11,92,19,64,86,44,47,97
58,39,92,96,19,25,91,19,16,83
58,39,11,96,19,64,91,19,79,83
7,39,11,92,19,75,66,19,47,97
36,60,77,94,23,73,95,95,13,26
25,93,20,13,56,14,3,50,35,73
92,100,50,66,68,25,99,78,99,20
25,73,76,13,56,14,12,50,35,32
90,36,90,9,43,34,16,29,19,8
7,18,11,92,19,25,91,44,47,83
53,36,90,15,84,34,16,27,19,27
25,73,76,64,45,9,12,86,28,73
45,86,50,9,43,33,16,29,19,41
58,18,92,96,19,75,86,44,47,97
17,87,91,67,52,72,34,100,46,91
63,22,74,87,59,88,67,26,36,83
73,22,12,72,76,13,5,38,75,83
58,18,11,92,19,25,66,19,79,83
7,39,92,96,19,64,66,19,47,83
25,73,20,13,56,9,78,50,94,73
25,93,20,64,65,14,78,61,94,73
53,26,50,9,84,33,16,29,19,27
7,39,92,96,19,64,86,44,47,97
25,93,20,13,65,9,12,86,28,73
25,93,76,64,65,14,3,50,35,32
58,71,11,96,19,75,66,94,79,97
58,71,92,96,19,64,91,94,79,83
53,26,61,96,43,33,16,29,12,27
45,86,50,96,84,34,16,29,12,8
31,37,75,79,53,81,88,82,10,15
25,73,76,64,45,14,12,50,35,73
31,37,75,79,53,81,88,40,10,97
57,39,92,96,19,64,86,94,47,83
90,36,61,15,43,33,16,27,12,27
58,39,92,96,19,75,86,94,79,83
95,76,10,20,33,59,25,91,38,21
25,73,20,64,45,9,12,61,94,32
55,81,63,38,43,99,36,96,42,47
25,93,20,13,65,14,78,61,94,32
61,5,66,38,53,99,37,4,2,31
57,39,11,96,19,25,86,44,79,97
42,5,66,97,53,1,37,19,2,31
25,44,76,64,56,9,3,61,94,73
16,35,30,14,44,73,16,94,49,16
53,36,61,15,84,34,16,29,12,41
57,39,92,92,19,75,66,19,47,83
53,26,61,9,43,34,16,27,12,41
57,18,92,96,19,64,91,94,79,83
7,71,11,92,19,64,91,94,47,83
25,44,20,13,45,9,78,86,28,73
25,93,76,13,56,9,12,86,28,32
53,26,90,9,84,33,16,27,12,41
42,5,66,97,53,48,37,4,2,70
25,73,20,13,65,14,78,50,28,73
25,93,20,13,45,9,12,50,28,32
25,93,76,64,65,9,78,50,28,14
25,73,76,64,56,9,3,61,94,14
25,93,76,64,56,14,3,61,28,32
7,71,11,92,19,75,66,19,47,97
25,93,76,13,56,9,3,50,94,32
90,36,90,96,84,33,16,27,19,27
25,93,20,13,45,9,78,50,28,14
56,81,63,38,37,99,36,1,32,47
53,26,90,15,43,33,16,29,12,27
17,87,91,1,52,72,57,95,54,91
57,18,11,92,19,75,66,94,47,83
53,86,90,15,84,34,16,27,12,41
25,93,76,13,56,9,3,50,35,32
57,39,92,92,19,25,86,94,47,97
25,73,20,64,45,14,78,50,94,14
58,63,10,20,33,59,25,91,38,21
53,26,61,9,84,33,16,27,19,8
25,5,20,28,48,21,76,97,6,33
57,71,11,92,19,75,86,44,47,83
25,44,76,64,45,9,78,86,28,14
7,71,92,96,19,75,86,19,16,83
56,81,63,38,37,49,36,1,42,21
53,86,50,15,84,33,16,27,12,27
18,5,66,38,70,99,98,4,2,70
12,81,63,38,37,49,95,1,42,47
25,73,20,64,56,9,12,50,94,73
53,26,90,15,84,33,16,29,12,8
7,71,11,96,19,64,91,94,47,97
58,39,92,92,19,75,91,94,79,97
90,26,90,9,84,34,16,29,19,27
63,22,91,95,59,88,61,100,36,83
90,36,61,96,43,34,16,29,19,27
25,73,20,64,45,14,3,86,28,73
25,93,76,64,56,9,78,50,28,14
17,60,62,67,52,72,65,100,46,91
57,71,92,92,19,25,66,44,16,97
25,93,76,13,45,14,3,61,35,14
25,44,76,64,65,14,12,61,94,32
90,26,90,96,84,34,16,29,12,27
17,87,91,20,52,72,65,95,54,91
7,39,11,92,19,75,91,94,16,97
61,5,66,38,70,1,37,19,2,70
45,86,90,15,43,33,16,29,12,27
7,39,92,92,19,25,86,19,16,97
57,39,92,96,19,64,66,19,79,97
25,44,76,64,45,9,3,61,94,73
17,94,30,68,21,76,33,59,10,66
35,94,18,77,78,89,92,89,85,34
25,73,20,13,65,9,78,86,94,73
73,22,90,72,76,75,5,38,75,83
7,71,92,92,19,25,66,94,16,83
58,71,92,92,19,75,86,44,47,83
36,48,77,94,79,10,95,95,55,26
53,26,50,9,84,34,16,29,19,41
90,86,50,9,84,33,16,29,12,27
58,18,11,96,19,75,86,19,79,83
57,39,11,92,19,25,91,44,79,97
7,71,11,96,19,75,86,19,47,83
36,48,77,94,23,73,95,99,13,24
8,48,5,94,23,73,95,95,55,24
45,86,50,9,84,33,16,29,12,41
25,93,20,13,45,9,3,61,28,14
25,93,20,64,45,9,12,50,94,14
73,59,12,72,76,13,5,68,75,89
8,60,5,94,79,73,95,95,13,26
25,44,76,64,65,9,3,86,35,32
12,5,13,44,11,21,98,97,6,4
73,22,90,72,97,75,5,38,11,89
58,18,11,96,19,25,91,94,79,97
25,44,20,64,56,9,3,61,28,32
7,18,92,92,19,64,66,94,16,83
57,71,11,96,19,75,91,94,16,97
90,86,50,96,43,34,16,27,12,41
7,18,92,96,19,25,86,94,79,97
90,26,90,96,84,33,16,27,12,41
90,86,50,9,84,34,16,29,19,27
90,86,50,9,43,33,16,29,19,8
53,86,50,96,43,33,16,27,12,8
7,71,11,96,19,64,91,44,16,83
73,59,90,72,97,13,5,38,75,89
25,44,76,64,56,9,78,61,28,73
53,26,90,9,84,33,16,29,19,41
92,40,50,99,68,25,99,23,6,58
57,18,11,92,19,25,91,94,16,97
8,60,5,94,79,73,95,95,55,82
17,94,86,75,21,33,33,59,10,66
7,39,11,92,19,64,91,44,47,83
58,71,92,96,19,64,91,44,47,83
90,36,90,15,84,34,16,29,19,27
18,5,66,97,53,48,98,19,2,23
7,18,11,96,19,25,66,19,16,97
25,73,76,64,45,9,3,50,35,73
45,26,61,15,84,33,16,29,12,8
8,48,77,94,48,10,95,99,55,24
25,44,76,64,65,14,12,50,94,73
8,60,5,94,23,73,95,99,13,24
25,73,76,13,56,9,78,86,28,14
25,93,76,64,65,14,3,50,94,32
25,93,20,13,45,14,3,86,94,32
25,73,76,64,45,9,3,61,35,73
57,39,11,92,19,25,91,19,16,97
58,71,92,92,19,25,86,94,79,83
18,5,66,97,53,99,37,19,2,31
25,93,20,64,56,14,78,61,28,14
25,73,76,64,65,9,78,50,35,14
7,18,92,96,19,75,86,94,47,97
25,93,76,13,45,14,3,50,94,73
7,18,92,96,19,25,66,19,47,83
58,71,92,92,19,75,86,19,47,97
7,71,11,96,19,25,91,44,47,83
25,93,76,64,56,9,78,61,35,14
90,86,90,96,84,34,16,27,19,27
25,44,20,64,65,9,12,86,94,73
57,71,11,92,19,64,91,94,16,83
7,39,92,96,19,64,66,94,79,83
57,71,92,92,19,25,86,94,47,83
45,36,61,96,43,33,16,27,19,8
90,86,61,96,84,33,16,29,19,8
36,60,5,94,79,10,95,95,55,26
7,39,92,96,19,75,66,94,47,97
61,5,66,97,70,99,98,19,2,70
17,87,62,1,52,72,34,95,46,91
25,44,20,64,56,9,12,86,28,32
25,44,20,13,65,14,12,61,35,73
25,44,20,64,56,14,12,61,35,32
8,63,66,20,33,10,90,91,38,37
73,10,90,72,97,13,5,16,75,83
58,71,92,92,19,64,66,44,16,83
25,73,76,64,56,14,12,86,28,14
25,44,20,64,56,14,78,61,28,73
25,73,20,13,65,14,12,50,28,73
90,86,61,9,43,34,16,27,12,8
69,97,3,46,17,16,100,92,40,85
57,18,92,96,19,25,86,44,16,97
25,44,76,64,56,14,3,86,28,14
58,71,92,96,19,64,86,19,47,97
58,39,92,92,19,25,86,19,16,83
53,26,50,15,43,34,16,29,19,27
57,71,92,96,19,25,91,94,16,97
45,36,61,96,43,34,16,27,12,8
57,18,92,92,19,64,91,44,16,83
64,100,50,99,73,25,99,78,99,20
58,18,11,92,19,75,86,19,47,83
25,44,20,64,56,9,3,50,28,14
90,86,90,9,43,33,16,29,19,27
45,26,90,96,84,33,16,29,12,41
25,73,20,64,65,14,12,86,35,73
92,100,50,99,73,25,99,78,93,58
53,26,61,15,84,33,16,27,19,41
25,44,20,13,65,14,3,50,94,32
25,93,20,64,65,9,3,86,28,32
7,71,92,92,19,64,66,19,16,97
25,44,20,13,65,9,12,61,94,73
25,73,76,13,65,9,12,86,94,14
25,93,20,13,65,14,12,86,94,32
45,36,50,96,43,34,16,27,19,8
25,44,20,64,65,14,12,86,94,32
56,81,63,38,1,99,95,96,42,47
73,59,7,72,97,75,5,16,75,89
58,71,11,92,19,64,66,94,47,97
58,18,92,96,19,75,66,94,16,97
7,71,92,92,19,75,66,44,47,83
57,18,92,92,19,25,86,94,47,97
25,44,20,64,65,14,3,61,94,14
45,86,50,15,84,33,16,29,19,27
25,93,20,64,65,14,78,86,35,73
25,44,20,13,56,14,3,50,28,73
4,35,30,14,90,73,3,13,49,16
25,93,76,64,45,9,12,86,28,14
17,37,75,40,53,81,88,51,24,97
12,81,63,38,37,49,95,96,42,42
90,26,61,96,43,33,16,29,12,41
90,26,61,15,43,33,16,27,19,8
16,35,30,49,44,84,16,61,49,16
75,27,32,91,33,67,79,20,68,48
31,37,75,40,53,42,88,40,10,97
45,36,61,96,84,34,16,27,19,41
45,36,90,96,84,34,16,27,19,41
57,39,11,96,19,25,91,94,79,83
90,86,50,96,84,33,16,27,12,8
25,44,20,64,56,9,3,86,94,32
12,81,63,38,1,49,95,96,42,42
90,86,50,15,84,33,16,27,12,8
90,26,61,15,43,33,16,29,12,8
57,18,11,92,19,75,86,94,47,97
53,26,61,96,84,34,16,29,19,27
57,71,11,92,19,64,66,44,79,97
58,71,11,96,19,75,66,44,47,83
57,18,11,96,19,25,86,44,47,97
45,36,90,96,84,33,16,29,19,41
25,44,20,13,65,9,3,86,94,14
25,44,76,64,45,9,12,61,94,73
57,71,92,92,19,75,66,19,16,83
53,86,90,15,84,34,16,29,12,27
25,73,20,64,45,9,78,50,94,14
25,73,20,64,45,14,3,61,35,73
45,86,90,96,84,33,16,27,19,8
7,71,11,92,19,75,86,44,79,83
57,18,92,92,19,25,91,44,16,83
25,44,76,13,65,14,12,50,28,32
45,26,50,96,84,33,16,27,12,8
25,73,20,64,45,9,12,50,35,73
45,26,50,96,43,34,16,27,12,41
25,93,76,13,45,14,12,50,28,32
58,39,92,96,19,75,86,44,47,97
25,44,20,64,56,9,12,50,35,32
25,73,76,64,65,14,3,50,35,73
90,86,50,15,84,34,16,29,12,41
7,71,92,96,19,75,91,94,47,97
7,71,92,96,19,25,91,94,16,83
87,94,26,75,21,76,33,59,75,66
53,86,61,96,84,34,16,29,12,41
53,36,90,9,43,34,16,29,12,41
53,26,50,96,84,33,16,27,19,41
17,37,75,79,52,81,88,40,24,44
17,87,56,20,52,72,34,100,46,91
7,71,11,92,19,25,86,94,16,83
57,39,11,92,19,25,66,94,47,97
57,71,92,96,19,75,86,44,79,83
25,44,20,13,65,14,12,61,35,32
25,44,20,64,45,9,3,86,94,32
7,39,92,92,19,25,91,44,47,97
25,93,76,13,56,9,12,50,28,14
99,37,75,79,79,42,88,40,24,15
7,18,11,96,19,25,91,94,16,97
25,44,76,64,56,14,78,61,28,73
25,93,20,13,65,14,3,50,94,14
64,100,50,99,68,25,99,2,99,20
25,44,20,13,45,9,78,86,28,32
64,40,50,99,68,25,99,2,99,58
16,35,30,49,44,31,3,61,49,16
57,71,92,96,19,25,86,94,16,83
25,44,76,13,65,9,12,61,94,73
33,27,32,91,25,67,79,20,68,48
61,5,66,97,70,48,37,19,2,31
90,86,61,96,84,34,16,27,19,27
53,36,50,96,84,34,16,27,12,27
31,37,75,79,52,81,88,51,10,44
25,44,76,13,65,14,12,61,94,14
58,93,10,20,33,59,25,91,38,99
90,86,90,15,43,34,16,29,19,41
25,93,76,64,65,14,78,61,35,73
45,86,61,96,43,34,16,27,12,41
53,86,50,15,43,33,16,29,19,27
36,60,77,94,23,10,95,99,13,24
58,39,92,96,19,64,66,19,79,97
7,39,11,96,19,75,66,44,47,97
58,71,11,96,19,25,91,94,47,83
7,71,92,96,19,25,66,94,47,97
57,71,11,92,19,75,86,19,47,83
53,36,90,9,43,33,16,27,19,27
25,73,76,64,45,14,12,61,35,32
25,93,20,13,45,9,3,86,35,73
45,36,90,9,84,34,16,27,19,8
56,81,63,38,1,49,36,1,32,21
58,71,11,96,19,25,91,44,47,83
25,44,76,64,45,9,78,86,35,14
8,60,77,94,48,10,95,99,13,82
57,71,11,92,19,75,86,19,16,97
25,73,20,64,65,14,3,50,35,73
12,81,63,38,37,49,36,1,32,21
25,5,13,28,11,21,98,97,6,6
7,71,11,92,19,64,86,94,16,83
53,26,50,15,84,33,16,27,12,8
53,26,61,96,43,33,16,27,19,41
25,93,20,13,56,14,3,86,94,14
4,35,30,14,90,84,16,13,49,7
58,18,92,96,19,25,86,19,79,83
56,81,63,38,1,99,95,1,32,47
25,93,76,64,45,14,3,50,94,32
53,36,61,96,84,34,16,29,19,41
57,39,11,92,19,75,86,94,47,83
45,86,61,96,43,34,16,29,19,41
58,39,92,92,19,25,91,94,47,83
45,26,90,9,84,33,16,27,12,27
57,71,11,96,19,25,86,44,16,83
73,22,12,72,76,13,5,16,75,89
7,18,11,92,19,25,91,44,16,97
25,73,76,13,45,9,78,50,35,73
57,71,92,92,19,75,91,94,79,97
58,18,92,92,19,64,91,19,16,83
57,71,92,92,19,75,86,94,16,97
4,35,30,49,44,73,3,13,49,7
63,22,91,87,59,88,61,100,32,14
99,37,75,40,53,81,88,51,10,44
69,97,9,46,17,95,78,92,40,85
58,71,11,96,19,75,91,19,16,97
25,93,20,13,65,14,78,61,28,73
90,26,90,96,43,34,16,29,19,8
25,93,76,13,45,9,78,86,28,14
25,73,20,13,56,14,3,61,35,73
25,44,20,64,56,9,12,50,28,32
25,73,76,64,65,9,78,86,35,73
58,18,11,96,19,25,86,94,47,83
45,36,90,96,84,33,16,27,19,8
7,18,92,92,19,25,66,19,16,97
12,81,63,38,37,49,36,96,42,21
36,60,77,94,79,73,95,99,55,26
58,71,11,96,19,64,86,44,79,97
25,73,20,13,65,9,12,50,94,14
31,37,75,79,79,42,88,51,24,44
25,44,76,64,65,14,3,61,94,73
90,26,50,15,43,34,16,27,19,8
36,48,77,94,23,73,95,95,13,26
25,73,20,13,65,14,3,50,35,73
18,5,66,38,70,99,37,96,2,70
25,44,76,13,65,14,12,50,28,14
64,100,50,66,73,25,99,2,99,58
25,73,20,64,65,9,12,86,28,73
25,73,76,13,56,9,78,50,94,32
57,71,92,92,19,25,86,44,47,83
25,44,20,13,45,14,3,61,94,14
53,26,50,15,84,33,16,29,12,8
7,18,11,96,19,64,91,94,16,83
36,48,5,94,48,73,95,99,55,26
7,39,92,96,19,25,86,44,47,97
25,44,20,64,56,9,3,86,94,14
57,18,92,96,19,75,66,19,47,83
25,44,20,13,56,9,3,61,28,32
90,26,90,96,43,33,16,29,12,8
87,94,26,75,21,76,33,59,10,66
25,44,20,13,56,14,78,50,35,73
58,18,92,92,19,75,66,94,79,97
25,44,20,13,45,9,78,86,35,14
58,39,92,92,19,75,66,94,16,97
25,93,20,64,56,9,78,61,28,73
45,36,50,15,43,34,16,29,12,8
7,71,11,92,19,25,66,94,79,83
58,39,92,92,19,64,66,19,16,97
7,39,92,92,19,25,66,19,79,83
25,73,76,64,65,9,3,61,28,14
45,86,90,9,43,33,16,27,19,41
53,26,50,15,43,33,16,29,12,41
45,86,90,9,43,34,16,27,12,41
53,36,50,96,84,34,16,27,19,41
57,71,92,96,19,64,91,19,79,83
73,10,90,72,76,75,5,68,75,83
16,35,30,49,90,84,3,13,49,7
31,37,75,40,52,81,88,51,24,97
18,5,66,38,53,1,98,19,2,70
25,44,20,64,65,9,12,86,94,14
58,39,11,92,19,64,66,44,47,83
17,87,56,1,52,72,57,100,46,91
45,86,90,96,84,34,16,27,12,41
25,44,76,64,45,14,12,61,28,73
25,44,76,64,45,14,78,50,28,14
57,71,11,92,19,25,91,44,47,97
57,71,11,96,19,25,86,44,79,97
73,59,7,72,76,75,5,68,11,89
18,5,66,97,53,48,98,19,2,31
25,93,20,13,56,9,3,50,28,32
7,39,11,96,19,25,86,19,16,97
87,97,71,46,17,16,78,92,40,85
25,93,20,64,45,9,78,86,35,32
7,39,92,96,19,64,91,44,79,83
7,18,92,92,19,75,91,94,47,83
17,37,75,40,52,81,88,40,10,44
45,26,50,96,84,34,16,29,12,8
25,44,20,64,56,9,78,50,28,32
25,44,76,13,56,9,78,86,35,14
31,37,75,40,53,42,88,51,10,15
57,39,11,92,19,75,86,94,79,97
57,18,11,92,19,64,66,19,16,83
95,76,10,20,33,1,25,91,38,21
58,18,11,96,19,75,66,19,79,97
17,37,75,40,52,81,88,51,24,97
58,93,10,20,33,10,90,91,38,21
36,48,5,94,79,73,95,99,55,24
90,86,50,15,84,33,16,27,19,41
17,37,75,40,52,42,88,51,10,44
25,44,20,64,45,9,3,86,35,14
57,39,11,96,19,25,86,19,16,97
25,93,20,13,65,14,12,50,94,14
25,44,76,64,65,9,12,86,28,73
90,26,90,96,84,33,16,29,12,27
25,93,20,13,45,9,3,61,35,14
12,5,85,28,11,21,76,97,6,6
45,86,61,96,84,34,16,29,19,41
7,39,92,96,19,64,86,19,79,97
90,36,61,15,43,34,16,29,12,41
73,59,7,72,97,75,5,38,11,89
53,36,90,15,84,33,16,29,19,41
57,71,11,92,19,64,66,44,47,97
57,18,92,92,19,25,66,19,16,83
90,86,61,15,84,33,16,27,12,41
17,87,62,67,52,72,57,95,54,91
45,86,50,9,43,34,16,27,19,41
25,93,20,64,56,9,3,50,94,14
45,26,90,9,43,33,16,27,19,27
57,39,11,96,19,25,66,19,47,97
7,71,92,92,19,75,91,44,16,97
58,39,92,92,19,75,91,94,16,83
57,71,92,92,19,75,86,44,16,83
8,93,10,20,33,59,90,91,38,99
25,44,20,64,65,14,78,86,94,73
7,71,11,92,19,75,91,19,16,97
25,73,20,13,45,14,12,50,94,32
17,60,56,67,52,72,57,100,46,91
25,44,20,64,65,9,3,50,94,14
25,44,76,13,45,9,3,50,35,32
7,71,92,92,19,64,66,94,79,83
45,36,50,9,84,34,16,29,12,8
92,40,50,66,73,25,99,2,93,20
45,26,61,9,84,33,16,29,19,8
25,44,76,13,65,14,78,61,35,14
25,44,76,13,56,9,12,86,35,14
45,86,90,9,43,34,16,27,19,8
7,18,11,96,19,75,66,19,47,97
25,93,76,13,45,9,12,86,28,14
61,5,66,38,70,1,37,96,2,23
25,44,76,64,65,9,3,50,28,32
7,71,92,92,19,64,91,44,16,83
31,37,75,79,53,81,88,40,24,15
57,71,11,96,19,64,86,19,16,97
73,10,12,72,76,75,5,16,11,83
25,93,20,13,56,9,78,86,35,14
7,18,11,96,19,75,86,44,47,83
25,44,20,13,56,14,12,86,94,73
53,26,90,96,84,33,16,27,19,41
57,39,11,92,19,64,86,94,47,83
25,44,20,13,56,9,3,61,35,14
25,93,76,64,45,9,3,61,28,73
25,73,20,64,45,14,3,50,28,14
25,73,20,64,56,9,78,61,35,14
58,18,11,92,19,75,91,44,16,97
90,26,61,15,84,33,16,27,19,8
7,39,11,92,19,64,86,44,47,97
25,73,20,64,45,9,3,86,35,73
12,5,13,44,48,21,98,97,6,4
7,39,92,96,19,75,91,94,16,97
90,86,50,96,84,33,16,29,12,27
58,71,11,96,19,75,86,44,16,83
4,35,30,14,90,73,16,94,49,7
31,37,75,40,52,42,88,51,10,97
53,26,90,15,43,33,16,29,19,8
58,71,11,92,19,75,86,19,79,97
25,44,76,64,45,14,78,50,28,32
25,73,20,13,45,14,12,50,28,14
7,100,50,66,73,25,99,2,93,58
57,71,11,96,19,25,86,94,79,97
25,73,20,13,65,9,12,61,28,32
25,93,76,13,65,14,12,61,94,73
25,73,76,64,45,9,12,50,35,14
36,48,5,94,48,73,95,95,13,82
99,37,75,79,52,81,88,82,10,15
25,44,76,64,65,14,12,50,35,73
73,22,90,72,97,13,5,38,11,89
25,93,20,13,65,14,78,61,94,73
25,44,76,64,45,14,3,50,35,14
25,93,76,64,65,9,3,61,35,32
25,73,20,13,56,14,3,50,28,32
57,18,11,96,19,25,91,44,16,83
7,18,11,96,19,64,66,19,79,83
25,73,20,13,45,14,3,50,35,14
25,44,20,13,65,9,3,86,94,73
53,26,90,9,84,34,16,29,12,8
90,36,90,9,43,34,16,29,12,27
99,37,75,40,79,81,88,82,10,15
53,26,90,15,43,34,16,27,12,41
75,27,32,65,25,67,79,20,68,48
25,93,76,64,45,9,3,50,35,73
25,93,20,64,65,14,12,86,28,14
73,10,7,72,76,75,5,38,11,89
58,18,11,92,19,25,66,94,16,97
7,71,92,96,19,64,91,19,79,97
58,18,11,92,19,25,66,94,47,83
53,26,61,15,43,33,16,29,12,27
92,40,50,66,68,25,99,2,93,58
90,36,61,9,43,33,16,29,12,8
25,93,20,13,65,9,78,61,94,73
57,18,92,92,19,75,91,19,47,97
45,86,61,9,84,34,16,29,12,41
90,36,50,9,84,33,16,29,12,41
25,73,76,64,45,9,78,86,35,73
25,73,76,13,45,9,3,61,28,32
53,36,50,9,43,33,16,29,12,41
25,73,76,64,56,14,78,61,28,73
25,44,20,64,65,14,12,86,35,32
57,71,92,96,19,64,91,94,47,83
7,18,11,92,19,25,91,19,16,97
17,87,56,67,52,72,34,95,54,91
25,93,76,64,65,9,3,61,35,14
90,36,61,96,43,34,16,27,12,27
58,18,11,92,19,25,91,94,16,83
25,44,20,64,65,14,78,50,94,73
58,18,11,92,19,75,86,44,79,83
99,37,75,40,52,42,88,82,10,44
53,36,90,96,43,34,16,27,12,41
57,18,11,92,19,25,91,94,79,83
25,73,76,64,56,14,3,50,35,73
45,86,50,96,43,34,16,27,19,8
99,37,75,79,79,81,88,51,24,15
36,60,77,94,48,73,95,99,55,24
57,39,92,92,19,64,66,94,47,97
7,39,92,96,19,25,86,94,16,97
25,73,20,13,45,9,78,86,94,14
7,40,50,99,68,25,99,78,6,20
25,73,20,64,56,14,12,50,28,73
25,93,20,64,45,9,3,61,35,14
25,44,76,64,65,9,78,61,28,73
7,71,92,96,19,64,86,44,16,83
73,10,90,72,97,75,5,38,11,83
25,93,76,13,45,9,78,61,28,14
25,93,76,13,45,9,12,86,94,32
53,36,90,96,84,34,16,29,12,41
45,86,50,9,84,33,16,29,12,27
17,87,56,20,52,72,34,100,54,91
45,36,90,96,84,33,16,29,12,41
58,39,11,96,19,25,66,19,16,97
58,76,66,20,33,1,90,91,38,37
42,5,66,97,53,48,37,96,2,23
25,44,20,13,56,9,3,50,94,32
90,26,61,15,84,33,16,27,19,41
31,37,75,79,52,81,88,82,10,97
57,39,11,96,19,75,86,19,16,83
58,18,92,96,19,25,91,44,79,97
25,73,76,13,65,14,3,61,28,14
25,73,20,13,45,14,78,61,94,32
25,93,20,13,65,9,12,61,35,32
18,5,66,38,70,48,37,19,2,70
58,18,92,96,19,75,86,19,47,97
63,22,83,95,59,88,61,26,36,14
12,5,20,44,11,21,98,97,6,6
25,93,20,13,56,9,3,86,35,14
12,81,63,38,37,49,36,96,42,42
7,71,11,96,19,75,66,19,16,83
73,22,90,72,76,13,5,38,11,83
58,71,11,96,19,64,91,44,47,97
90,86,61,9,43,33,16,27,12,41
57,18,92,96,19,64,91,44,79,97
25,44,20,13,45,14,3,61,94,73
25,44,20,13,56,14,78,86,28,32
8,60,77,94,23,73,95,99,13,82
57,39,92,96,19,64,86,44,47,97
25,93,20,13,56,14,3,50,94,14
53,86,61,15,43,34,16,29,19,8
57,39,11,92,19,64,66,19,79,83
7,39,92,96,19,64,66,94,79,97
25,93,20,13,45,14,3,61,94,73
25,93,76,13,45,9,78,50,94,14
25,44,20,13,65,9,78,86,28,73
45,26,90,9,43,33,16,27,12,8
53,26,50,15,43,33,16,27,19,27
57,18,92,96,19,25,66,44,16,97
57,39,11,92,19,75,91,44,79,83
17,87,56,20,52,72,57,100,54,91
25,73,20,13,45,14,12,61,28,73
57,18,11,92,19,25,91,44,16,97
31,37,75,79,52,42,88,82,24,15
63,22,74,87,59,88,60,26,36,83
7,39,92,92,19,64,66,44,79,83
99,37,75,40,52,42,88,51,10,44
25,44,20,13,45,14,12,50,35,73
45,26,50,15,43,33,16,27,12,27
57,39,11,92,19,64,86,44,79,97
58,71,11,92,19,64,91,19,16,83
25,44,76,64,45,14,3,61,28,14
58,71,92,96,19,25,66,94,47,83
25,93,20,64,65,14,78,50,94,73
90,86,50,15,43,33,16,29,19,27
90,26,61,15,43,33,16,29,12,27
25,93,20,13,65,14,3,61,94,14
58,39,11,92,19,64,66,19,16,83
33,27,32,15,33,67,79,20,68,48
45,26,90,9,84,34,16,27,19,41
90,36,90,9,43,34,16,27,19,27
45,26,61,96,84,33,16,29,19,8
45,26,50,96,84,34,16,27,19,41
45,26,61,9,84,33,16,29,12,41
90,26,90,9,84,33,16,27,19,27
99,37,75,40,52,42,88,51,10,15
7,18,11,92,19,25,86,94,47,83
53,26,61,15,43,34,16,27,12,8
57,18,11,96,19,25,86,19,47,83
25,73,76,13,65,14,78,50,28,14
7,18,92,96,19,64,86,94,47,83
58,18,11,92,19,25,86,94,79,83
90,26,50,96,43,33,16,29,19,8
25,44,76,64,65,9,78,50,35,32
57,39,92,92,19,75,86,19,16,83
90,36,61,9,84,33,16,29,12,41
25,44,76,64,65,9,3,61,35,73
25,93,20,13,65,14,12,61,94,14
53,36,90,9,84,33,16,27,19,8
58,39,11,96,19,75,91,19,16,97
57,39,92,96,19,75,86,44,79,97
7,71,92,92,19,75,86,19,79,83
25,44,20,64,65,14,3,86,35,73
58,39,92,96,19,25,86,94,47,83
53,26,90,15,43,33,16,27,12,41
58,39,92,96,19,75,86,44,79,83
25,93,20,64,56,14,12,86,35,73
61,5,66,97,70,48,98,4,2,23
53,36,50,96,84,33,16,27,19,41
7,39,92,92,19,25,66,94,79,83
25,44,76,64,45,14,3,86,94,73
57,39,92,96,19,75,66,94,79,97
25,73,20,64,65,9,3,61,28,73
7,39,92,92,19,64,86,94,16,83
53,36,61,96,43,33,16,27,12,41
45,36,61,15,43,34,16,27,19,8
99,37,75,40,53,42,88,51,24,97
18,5,66,97,53,1,98,96,2,23
7,71,92,96,19,64,86,19,16,97
7,39,11,92,19,64,66,44,47,83
53,86,61,9,84,34,16,29,19,8
25,44,76,13,56,9,3,61,35,32
4,35,30,14,44,31,3,61,49,7
25,44,20,13,56,14,12,50,28,32
25,73,20,13,45,14,3,50,35,73
56,81,63,38,37,49,36,1,42,42
69,97,9,46,39,95,41,92,40,85
7,71,11,96,19,75,66,94,16,83
57,39,92,92,19,25,86,94,47,83
7,18,92,92,19,25,91,44,16,97
25,93,76,13,45,14,78,86,94,32
7,40,50,99,68,25,99,78,93,20
90,86,61,15,84,34,16,29,19,8
58,18,11,92,19,64,66,19,47,97
25,73,20,64,45,9,3,86,28,32
25,73,76,13,45,14,12,86,94,73
55,81,63,38,1,49,36,96,32,21
58,18,11,92,19,25,91,44,16,97
25,73,20,64,65,14,78,86,94,32
7,71,11,96,19,75,86,19,47,97
87,97,71,46,39,95,78,92,40,85
90,36,50,9,84,34,16,27,12,8
90,86,50,9,43,33,16,29,19,27
90,26,90,96,43,34,16,29,12,27
53,36,90,15,84,34,16,29,19,41
25,73,20,13,45,9,78,50,94,73
25,44,20,13,45,9,78,61,28,14
31,37,75,79,79,81,88,51,24,15
58,71,11,92,19,25,91,94,16,97
7,39,92,92,19,64,66,19,47,97
58,71,92,92,19,25,66,19,47,83
25,93,20,13,45,14,78,50,94,32
57,71,92,92,19,75,86,19,16,97
25,93,20,64,45,9,78,86,28,32
25,44,20,13,56,14,78,50,94,14
58,18,92,92,19,64,86,94,16,83
90,86,61,9,43,33,16,27,19,27
25,44,20,64,45,9,3,50,35,32
12,5,85,44,11,21,98,97,6,33
25,73,20,13,65,9,3,50,35,32
53,26,50,9,84,34,16,29,12,27
50,75,18,21,78,89,92,89,85,34
58,18,92,92,19,25,91,94,16,83
4,35,30,14,44,73,16,94,49,16
53,26,90,15,84,33,16,29,12,41
17,87,62,20,52,72,57,100,46,91
57,71,92,96,19,25,66,94,79,97
57,18,11,92,19,64,91,44,16,97
17,87,56,67,52,72,57,100,46,91
45,86,50,9,84,33,16,27,12,41
12,81,63,38,37,49,95,1,32,47
25,93,76,64,45,14,12,61,28,73
90,86,50,15,84,34,16,29,19,27
25,93,20,64,56,14,3,61,94,14
25,93,76,13,45,9,12,86,35,73
57,39,92,92,19,64,91,19,16,83
90,86,90,9,84,33,16,27,12,8
25,73,76,64,45,14,78,61,35,32
4,35,30,14,44,73,3,61,49,7
99,37,75,79,53,42,88,82,10,15
95,93,66,20,33,10,90,91,38,37
58,39,11,92,19,64,91,44,16,97
58,39,11,96,19,25,66,94,47,97
57,71,11,92,19,64,91,19,79,97
7,18,11,92,19,25,86,94,47,97
57,39,11,96,19,64,86,44,79,83
45,36,50,9,84,33,16,27,19,8
73,22,90,72,97,75,5,68,11,83
7,71,92,92,19,64,66,44,16,97
99,37,75,40,79,81,88,51,10,97
53,36,61,96,84,34,16,29,12,41
25,93,76,64,65,14,78,50,94,14
7,40,50,99,73,25,99,2,99,58
58,71,92,96,19,25,86,44,16,97
12,81,63,38,37,49,36,1,32,47
7,40,50,99,68,25,99,2,6,58
58,18,11,92,19,75,66,94,79,97
25,93,20,13,65,9,12,86,28,14
12,81,63,38,37,49,36,1,42,42
90,86,90,9,84,33,16,29,12,8
25,93,76,13,45,14,3,61,28,73
58,71,11,92,19,64,86,94,16,83
17,87,62,1,52,72,57,100,40,91
25,44,76,64,65,9,3,86,28,14
7,39,11,96,19,75,86,94,79,83
90,26,50,96,84,33,16,27,12,27
64,100,50,66,73,25,99,78,6,58
53,26,61,9,84,33,16,29,12,8
25,44,20,64,56,9,12,61,28,32
57,18,11,96,19,75,86,94,16,97
25,93,76,64,65,14,3,50,28,73
25,44,20,64,56,9,78,86,35,32
7,71,92,96,19,25,86,94,47,97
92,100,50,99,88,25,99,23,93,58
58,18,11,96,19,75,86,44,47,97
90,86,90,15,43,34,16,27,19,8
25,93,76,13,45,9,3,50,28,14
25,44,20,64,56,9,12,50,28,73
73,59,90,72,97,75,5,68,75,89
25,44,76,64,65,14,78,50,28,32
25,44,76,13,65,14,12,86,28,73
25,93,76,64,65,9,78,50,35,32
90,86,50,96,43,34,16,29,19,41
53,86,90,15,43,34,16,29,19,27
17,37,75,79,52,81,88,40,10,15
25,93,76,64,45,14,3,86,35,32
7,18,11,92,19,25,66,94,47,83
58,18,11,92,19,64,66,19,79,97
7,39,11,96,19,25,66,19,79,83
58,18,11,92,19,64,66,94,79,83
25,73,76,13,65,9,12,50,28,32
25,73,76,13,45,14,12,86,35,14
45,26,90,15,84,34,16,27,12,8
53,86,61,15,43,34,16,29,12,27
42,5,66,97,70,99,98,4,2,70
45,26,61,96,84,34,16,27,19,41
25,73,20,64,65,14,3,61,28,32
45,36,50,96,43,33,16,29,19,8
58,39,92,92,19,25,86,94,79,97
12,5,20,28,11,21,76,97,6,4
90,36,90,15,43,33,16,27,12,41
7,39,11,96,19,25,91,19,16,97
53,36,61,9,43,34,16,27,12,8
61,5,66,97,70,99,37,4,2,31
7,71,92,96,19,25,91,19,47,83
57,71,92,92,19,64,91,94,16,97
90,36,61,9,84,33,16,27,19,41
36,48,77,94,79,10,95,95,55,82
92,100,50,66,73,25,99,78,6,20
7,18,11,92,19,64,66,44,16,83
4,35,30,49,44,73,96,61,49,7
7,39,92,92,19,75,91,94,79,97
45,86,50,96,84,33,16,29,12,27
90,86,50,96,43,33,16,27,12,27
7,40,50,99,73,25,99,23,6,20
25,73,20,64,56,9,3,61,94,32
25,93,76,13,56,9,12,61,28,32
25,93,76,13,65,14,78,50,94,14
25,73,20,64,65,9,3,50,94,14
25,44,20,64,56,14,78,50,28,73
25,93,76,64,45,9,12,61,35,73
57,18,92,96,19,25,91,44,79,97
25,73,76,13,56,14,78,50,94,73
7,18,92,96,19,75,91,44,47,83
92,40,50,99,68,25,99,23,99,20
25,93,76,64,45,14,78,50,28,14
25,93,20,64,45,14,12,86,28,14
25,73,20,64,56,9,78,61,94,73
25,93,76,64,45,9,3,50,28,73
58,18,92,92,19,75,91,94,47,97
42,5,66,97,53,99,98,4,2,23
90,86,90,96,43,33,16,27,19,8
45,26,50,96,84,34,16,29,12,27
7,18,11,96,19,25,86,94,47,83
90,36,90,9,84,34,16,27,12,41
75,27,32,15,25,67,8,20,68,71
7,18,92,92,19,64,66,94,79,97
18,5,66,97,70,99,37,19,2,23
45,86,61,15,84,34,16,29,12,41
25,93,20,13,56,9,12,61,94,14
31,37,75,79,53,42,88,40,10,15
18,5,66,38,70,1,98,4,2,23
55,81,63,38,1,99,36,96,32,42
36,60,77,94,23,10,95,95,13,82
57,18,92,92,19,75,66,44,47,97
7,39,11,92,19,25,91,94,16,83
53,86,50,9,84,34,16,29,19,27
7,39,11,96,19,25,91,44,79,97
45,86,90,9,84,33,16,29,19,8
45,26,90,96,84,33,16,29,19,41
17,37,75,79,79,81,88,51,10,44
25,44,20,64,65,14,12,61,94,32
7,40,50,66,68,25,99,23,99,58
7,18,11,96,19,64,66,19,79,97
99,37,75,40,53,81,88,51,24,97
7,39,92,96,19,64,66,44,79,97
73,22,7,72,97,75,5,38,11,89
58,39,92,92,19,25,66,94,47,83
25,44,20,13,65,14,12,61,94,14
90,26,50,96,43,33,16,27,19,8
95,93,66,20,33,1,90,91,38,21
17,87,56,67,52,72,65,95,40,91
73,59,12,72,76,75,5,68,75,83
64,100,50,66,88,25,99,2,93,20
25,73,76,13,65,9,3,61,28,73
12,81,63,38,1,49,95,1,42,42
42,5,66,38,70,48,37,4,2,31
45,86,61,9,43,34,16,27,12,8
45,26,61,9,84,33,16,27,12,8
58,18,92,96,19,25,66,44,47,97
25,44,76,13,65,14,3,86,28,73
25,44,20,64,65,14,78,86,28,73
25,93,76,13,45,9,3,61,28,73
57,71,11,96,19,75,86,44,79,97
90,36,50,96,43,33,16,27,19,8
25,93,20,64,56,9,3,61,94,14
8,93,66,20,33,59,25,91,38,99
25,44,76,13,56,9,12,61,35,14
25,44,76,13,45,14,78,61,28,14
25,73,76,64,56,9,12,86,35,32
7,39,92,96,19,25,91,94,47,97
45,86,61,15,43,34,16,29,12,41
25,73,76,64,45,9,12,50,35,73
90,86,61,9,43,34,16,27,19,41
57,39,92,96,19,64,86,44,79,97
7,40,50,66,88,25,99,78,93,58
73,59,7,72,97,13,5,38,11,83
25,44,20,13,65,9,3,61,94,73
7,71,11,96,19,25,66,94,47,97
4,35,30,14,90,84,3,13,49,7
58,63,66,20,33,1,90,91,38,37
31,37,75,40,79,42,88,40,10,15
25,93,76,64,65,14,3,86,35,32
35,75,18,21,78,89,33,89,36,34
16,35,30,14,44,31,3,94,49,7
90,36,90,15,84,34,16,27,12,8
8,48,77,94,79,73,95,99,55,26
90,86,61,96,84,33,16,29,19,41
64,40,50,99,68,25,99,78,93,58
58,18,92,92,19,64,91,44,16,83
12,81,63,38,37,99,95,1,42,21
25,93,20,64,65,14,12,86,28,73
7,39,92,96,19,64,66,94,16,97
57,71,92,92,19,64,91,44,47,97
53,36,50,96,43,33,16,27,19,8
45,86,61,15,84,34,16,29,19,27
25,93,76,64,65,14,3,61,35,73
45,36,90,96,84,33,16,27,19,41
7,39,92,92,19,25,86,44,79,97
58,18,11,92,19,75,66,44,47,83
25,5,85,28,43,21,98,97,6,33
45,86,61,15,84,33,16,27,12,41
25,44,20,13,56,14,12,50,35,73
25,73,20,13,65,14,78,50,35,73
17,37,75,79,52,42,88,40,24,44
45,36,50,15,43,33,16,27,12,41
90,86,50,15,43,34,16,29,12,27
8,60,5,94,48,73,95,95,55,24
25,93,76,64,56,9,78,61,94,32
4,35,30,49,44,84,3,61,49,16
58,39,92,92,19,25,91,19,16,97
99,37,75,79,52,81,88,40,10,44
7,18,92,92,19,75,91,19,16,83
25,73,20,64,56,14,78,86,35,73
53,26,50,9,43,33,16,27,12,41
8,48,5,94,23,73,95,95,55,82
25,93,20,64,65,9,12,86,35,14
61,5,66,97,53,48,37,4,2,31
25,73,76,13,45,14,78,50,28,32
90,26,50,15,84,33,16,29,12,8
16,35,30,49,44,84,16,94,49,16
7,71,11,96,19,25,66,19,16,83
45,86,90,15,43,34,16,29,19,27
61,5,66,38,70,1,98,19,2,23
90,26,61,9,43,34,16,29,12,41
58,39,92,92,19,64,86,94,79,83
53,36,61,9,43,34,16,27,19,41
57,71,92,96,19,64,91,94,16,97
57,18,11,96,19,75,86,44,16,97
64,40,50,66,68,25,99,78,99,20
58,39,11,96,19,75,86,19,79,97
53,86,50,9,43,33,16,29,12,8
61,5,66,38,53,1,37,4,2,70
92,40,50,66,73,25,99,23,6,58
17,37,75,40,52,81,88,82,10,97
58,76,66,20,33,10,25,91,38,99
57,18,92,92,19,25,91,19,16,83
25,73,76,13,56,14,12,86,28,32
8,76,10,20,33,10,90,91,38,21
7,18,11,96,19,75,91,19,16,97
25,73,20,13,45,9,78,86,35,14
7,71,92,92,19,75,91,19,16,97
99,37,75,40,53,42,88,82,10,97
25,44,76,13,65,14,3,86,35,73
25,73,20,64,56,14,12,61,28,73
25,73,76,13,56,9,3,61,28,32
7,39,92,96,19,75,66,94,47,83
25,44,20,13,45,9,12,61,35,73
7,39,11,96,19,75,91,19,79,83
36,60,5,94,23,73,95,99,55,26
7,18,92,96,19,64,86,19,16,83
45,36,90,15,84,34,16,27,12,41
25,44,76,13,45,14,12,50,28,32
7,18,92,92,19,64,86,19,16,83
36,48,5,94,79,73,95,99,55,26
25,44,76,13,45,14,78,50,94,73
8,93,66,20,33,10,25,91,38,21
58,18,11,96,19,64,66,19,47,97
7,71,92,96,19,64,91,94,47,97
25,73,20,64,45,9,78,86,28,14
87,97,3,46,39,16,41,92,40,85
12,81,63,38,1,49,95,96,42,21
61,5,66,38,53,1,98,19,2,23
45,36,90,96,43,33,16,27,12,41
53,86,61,15,84,34,16,27,12,27
45,86,61,96,84,34,16,29,12,41
7,39,11,92,19,25,86,19,16,83
25,73,20,64,56,14,3,50,28,32
31,37,75,79,53,42,88,40,10,97
53,86,50,9,43,34,16,29,12,41
25,44,20,64,56,9,78,86,35,14
25,44,20,13,65,14,3,50,94,14
25,93,76,13,45,9,12,50,35,14
25,93,76,13,56,14,78,86,28,14
7,71,92,92,19,64,91,44,47,97
53,36,90,9,43,34,16,27,19,41
45,86,50,96,84,33,16,29,19,41
7,39,11,96,19,75,66,94,79,97
25,93,76,13,65,14,78,50,94,32
57,18,92,92,19,64,86,94,79,97
25,44,20,13,56,14,3,86,35,14
18,5,66,97,53,48,37,4,2,23
7,39,11,96,19,25,66,44,47,97
61,5,66,97,70,1,37,4,2,31
99,37,75,40,53,42,88,82,10,44
57,39,92,96,19,64,91,44,47,97
45,86,61,96,84,34,16,27,19,8
90,86,50,15,84,34,16,27,19,27
7,39,92,92,19,64,86,19,16,97
4,35,30,49,90,84,96,94,49,7
45,86,61,9,43,34,16,29,19,8
55,81,63,38,1,49,95,96,42,42
58,39,92,92,19,25,86,19,47,97
4,35,30,14,44,84,3,94,49,16
7,71,11,92,19,75,66,94,79,97
58,39,92,92,19,64,86,94,16,97
25,44,20,13,56,9,78,61,35,73
25,73,20,13,45,9,78,50,94,14
25,44,76,64,56,9,12,86,28,73
53,86,61,9,84,33,16,29,12,27
7,18,92,92,19,25,91,44,16,83
7,18,11,96,19,64,86,94,16,97
58,39,11,92,19,25,86,94,16,83
58,71,11,92,19,25,91,19,47,97
58,18,11,92,19,75,86,94,47,83
25,93,20,13,56,14,12,86,35,14
58,39,92,92,19,64,86,94,47,83
53,26,50,96,84,33,16,29,19,41
90,26,61,15,43,34,16,29,12,27
57,18,92,96,19,64,91,19,16,83
53,86,90,9,84,34,16,27,19,8
25,73,76,64,45,14,3,50,94,32
7,18,11,92,19,75,91,94,47,83
55,81,63,38,1,99,95,96,42,21
64,100,50,66,88,25,99,2,6,20
8,48,77,94,23,73,95,95,13,26
92,100,50,99,68,25,99,2,99,20
25,93,20,13,45,14,78,61,28,14
58,18,11,96,19,64,66,19,47,83
25,44,20,13,65,9,78,61,28,32
45,36,50,96,43,34,16,27,19,41
50,94,18,8,78,89,39,89,89,34
12,81,63,38,1,49,36,1,42,47
92,100,50,99,73,25,99,2,6,58
53,26,61,15,84,34,16,29,19,8
95,93,66,20,33,1,90,91,38,37
36,48,5,94,23,73,95,99,55,24
17,87,91,67,52,72,34,100,40,91
57,18,92,92,19,25,91,44,79,97
25,73,76,64,45,9,12,86,28,14
90,26,61,96,43,33,16,27,12,27
25,73,20,13,56,14,12,50,94,14
73,59,7,72,97,13,5,38,75,83
25,44,76,13,45,14,3,50,94,73
31,37,75,79,52,81,88,82,24,15
45,36,61,96,84,34,16,27,12,8
45,86,50,15,84,33,16,27,12,27
90,36,61,96,84,33,16,27,19,8
25,93,76,64,45,9,3,50,94,32
90,36,90,15,84,33,16,27,19,41
90,86,61,15,43,33,16,27,12,41
36,60,77,94,48,10,95,99,55,24
90,26,61,9,84,34,16,29,12,41
25,44,76,64,45,9,78,86,35,32
45,26,90,15,43,34,16,29,19,41
25,73,20,64,65,14,12,61,28,14
25,73,20,64,45,9,3,61,35,32
45,26,50,9,84,34,16,27,12,41
53,26,50,9,84,34,16,29,19,27
58,39,11,92,19,25,66,19,47,97
25,93,76,13,56,9,3,50,35,14
25,93,76,64,65,9,3,61,94,14
25,93,20,64,56,9,12,50,28,14
57,18,11,92,19,25,66,44,47,83
12,81,63,38,37,49,95,96,32,21
7,39,11,92,19,75,86,44,47,97
25,93,20,64,45,14,12,86,35,73
53,36,61,15,43,33,16,27,12,27
8,48,5,94,79,10,95,95,13,82
57,18,92,92,19,25,91,44,47,97
25,73,20,13,56,9,78,61,28,14
75,27,32,65,25,48,8,20,68,48
25,93,76,13,56,9,78,86,35,73
58,71,11,96,19,25,86,44,47,97
25,73,76,64,56,9,3,50,94,32
45,86,50,15,84,33,16,27,19,41
53,36,61,15,84,33,16,27,19,41
45,86,50,96,84,34,16,27,12,8
25,44,76,13,56,14,12,61,94,14
25,73,20,64,45,14,78,61,94,32
90,86,50,9,84,34,16,29,19,41
25,44,76,13,45,14,3,50,94,32
58,39,11,96,19,64,91,44,79,83
57,39,92,92,19,25,86,44,47,83
25,93,20,13,56,14,12,50,94,73
25,93,76,13,65,9,78,50,94,32
63,22,74,87,59,88,60,26,32,83
25,44,20,64,65,14,12,86,94,73
50,75,18,8,78,89,33,89,89,34
58,71,11,96,19,64,91,19,16,97
58,39,11,92,19,25,91,94,47,97
58,18,11,92,19,64,86,44,16,97
33,27,32,15,33,7,8,20,68,48
53,36,90,96,84,33,16,27,19,27
45,26,50,15,84,33,16,27,12,27
90,26,90,96,43,34,16,27,12,41
90,86,61,96,43,33,16,29,12,41
25,73,76,13,65,9,12,61,28,32
18,5,66,97,53,1,37,96,2,70
25,73,76,64,45,14,12,50,28,73
64,40,50,66,73,25,99,2,99,20
7,18,11,96,19,64,91,94,47,97
57,71,92,92,19,75,66,94,79,83
58,18,92,92,19,25,86,94,47,83
7,18,92,96,19,25,66,19,16,83
7,39,92,96,19,75,86,44,79,97
25,93,76,64,56,14,78,86,35,14
53,26,61,15,43,33,16,29,12,8
57,39,11,96,19,25,66,94,16,97
95,76,66,20,33,59,25,91,38,99
25,93,76,13,45,9,3,50,35,14
31,37,75,40,53,81,88,82,24,15
53,36,90,9,43,33,16,29,12,41
57,18,92,92,19,75,66,44,79,83
25,73,20,13,65,9,78,86,28,73
25,93,76,13,65,14,12,61,28,32
90,36,61,15,43,34,16,27,19,8
25,44,20,13,65,9,12,61,28,32
25,44,20,64,65,14,3,86,28,73
12,81,63,38,37,99,95,1,42,47
58,39,92,96,19,25,91,44,16,83
7,18,92,92,19,75,86,44,16,83
57,18,11,92,19,64,66,94,16,83
25,44,76,64,65,9,78,61,94,14
7,40,50,66,73,25,99,78,99,20
25,73,20,13,56,9,78,50,35,73
73,10,90,72,97,13,5,68,11,83
25,44,20,64,56,14,78,61,35,73
8,48,5,94,23,73,95,99,13,24
48,7,38,54,34,72,95,14,22,77
53,36,61,96,84,33,16,29,12,8
17,94,86,68,21,33,33,59,10,66
25,93,20,64,56,14,12,61,94,14
53,26,61,9,43,34,16,29,19,41
92,100,50,66,88,25,99,78,6,58
25,44,20,64,56,14,3,50,35,14
25,93,76,64,65,14,3,50,35,73
42,5,66,97,70,1,37,19,2,70
92,40,50,99,73,25,99,78,99,58
45,26,61,96,43,33,16,27,19,8
7,71,92,92,19,64,66,19,79,97
58,18,92,92,19,64,66,19,79,83
57,39,11,96,19,75,66,19,16,83
64,40,50,99,68,25,99,2,6,20
53,86,61,15,43,34,16,29,19,27
45,26,90,9,43,34,16,29,19,27
61,5,66,38,53,99,37,19,2,70
25,73,20,64,56,9,78,86,28,73
7,39,92,96,19,75,91,44,16,83
25,44,20,13,56,14,3,50,28,32
7,18,11,92,19,64,66,94,16,97
17,37,75,79,53,42,88,51,24,44
61,5,66,97,70,48,37,4,2,31
53,36,90,15,43,34,16,27,12,27
58,39,92,96,19,75,66,44,79,97
7,71,11,96,19,75,66,44,47,83
53,86,50,96,84,33,16,29,12,41
25,44,20,64,56,14,12,61,35,73
45,86,90,9,84,34,16,29,12,8
25,44,76,64,56,9,12,50,94,14
25,73,20,64,56,9,12,61,94,32
25,93,76,13,45,14,12,50,28,73
99,37,75,40,79,81,88,51,10,15
25,93,20,64,56,9,12,61,35,73
18,5,66,97,53,1,37,4,2,23
57,39,92,92,19,64,66,94,16,83
53,86,50,9,43,33,16,27,19,8
25,93,76,64,65,9,12,61,28,14
25,93,76,64,45,14,3,50,94,14
57,18,92,92,19,64,86,44,79,97
90,26,61,15,84,33,16,29,19,27
25,73,20,13,65,14,3,86,28,73
25,44,20,13,56,9,3,86,94,32
45,86,90,9,84,34,16,27,19,41
7,71,11,96,19,64,66,19,47,83
73,10,7,72,97,13,5,68,75,89
8,63,66,20,33,59,25,91,38,21
53,26,61,15,84,33,16,27,12,41
58,18,11,96,19,64,66,94,47,97
25,44,76,13,65,14,3,61,28,73
58,39,11,92,19,25,86,19,16,83
53,86,90,9,43,34,16,29,12,8
58,18,92,96,19,75,86,19,47,83
90,86,61,96,43,33,16,29,19,41
92,100,50,99,73,25,99,78,6,58
25,44,20,64,65,14,78,61,94,73
25,44,20,13,45,14,78,61,28,14
90,36,90,96,43,33,16,27,12,8
25,73,20,64,56,9,12,61,35,14
25,44,20,64,65,9,3,61,94,73
90,26,61,96,43,33,16,29,19,27
25,93,76,64,56,9,12,61,94,73
25,93,76,64,56,14,3,61,28,73
25,93,20,64,56,14,78,86,28,14
25,73,20,13,65,14,3,61,35,73
90,26,61,96,43,33,16,27,19,27
25,93,20,64,56,14,3,61,28,14
90,86,50,9,84,34,16,29,12,41
58,18,92,92,19,64,66,44,47,83
58,71,11,96,19,25,86,19,47,97
25,73,76,13,65,9,12,61,28,14
45,26,50,96,84,34,16,27,12,27
90,26,61,96,84,34,16,27,19,27
4,35,30,14,44,84,3,94,49,7
7,71,92,92,19,75,66,19,79,97
57,18,92,96,19,75,66,44,79,83
25,93,76,64,45,14,12,61,94,32
53,86,61,15,43,34,16,29,12,41
7,71,92,96,19,64,66,94,79,97
45,26,50,96,43,34,16,29,19,8
25,93,20,64,45,14,12,86,28,73
57,71,11,92,19,75,91,44,47,83
17,37,75,79,52,81,88,82,10,97
92,100,50,99,68,25,99,2,6,58
16,35,30,49,90,31,16,61,49,16
7,71,11,96,19,75,66,94,79,83
58,18,11,96,19,75,91,94,47,83
57,18,92,96,19,25,66,19,79,97
72,49,27,36,22,98,79,84,95,73
57,39,92,92,19,75,86,94,16,97
7,71,11,92,19,25,66,44,79,97
25,73,20,64,56,9,78,50,94,73
58,71,92,96,19,75,91,94,79,83
58,39,92,96,19,75,86,19,16,97
7,71,11,92,19,64,91,44,47,97
25,93,20,13,56,14,12,61,94,32
57,18,11,96,19,75,91,44,16,97
25,93,20,64,45,14,3,50,28,73
92,100,50,99,73,25,99,2,99,58
57,71,92,92,19,75,86,19,79,83
25,93,76,64,45,9,78,50,28,73
35,91,18,8,78,89,92,89,89,34
57,18,11,92,19,64,91,44,79,83
25,93,20,64,65,14,78,50,28,73
16,35,30,14,44,73,96,61,49,7
45,86,90,15,84,33,16,27,19,27
8,48,5,94,48,10,95,99,13,82
42,5,66,38,70,1,37,4,2,31
45,36,50,15,84,34,16,29,12,8
58,39,92,92,19,25,86,19,16,97
25,93,20,13,45,14,3,61,28,32
25,93,20,13,56,9,12,61,94,32
25,93,76,13,45,9,12,86,35,14
12,81,63,38,1,49,36,96,42,47
53,36,61,96,43,34,16,27,12,41
57,18,11,96,19,75,66,94,47,83
57,71,11,96,19,75,66,44,47,97
8,63,10,20,33,10,90,91,38,37
25,93,20,64,45,9,12,86,28,73
25,73,20,13,56,14,78,61,28,32
12,81,63,38,37,49,95,1,32,42
90,86,50,96,43,34,16,29,12,41
58,71,92,92,19,75,86,19,16,97
53,86,90,9,84,34,16,27,19,27
25,44,20,13,56,14,12,61,35,32
31,37,75,40,79,81,88,51,10,15
25,73,76,13,56,14,78,61,35,14
4,35,30,49,44,31,96,94,49,7
25,93,76,13,56,9,3,86,35,32
53,36,61,9,84,33,16,29,19,8
45,26,50,15,43,33,16,27,19,8
90,36,50,9,84,34,16,27,19,41
73,59,7,72,76,75,5,38,75,83
33,27,32,15,25,48,79,20,68,48
25,44,20,64,65,9,78,86,28,32
7,71,11,92,19,75,66,44,79,97
57,39,11,96,19,64,66,44,79,83
45,86,50,9,84,33,16,27,12,27
25,73,76,13,56,14,78,61,28,14
53,26,61,9,43,33,16,27,12,27
25,44,20,64,65,14,78,61,35,73
25,73,76,64,45,9,3,50,94,73
90,36,50,15,84,33,16,29,19,8
57,39,11,96,19,75,66,44,47,97
36,60,5,94,48,73,95,95,13,24
7,100,50,99,73,25,99,23,99,58
25,73,76,13,56,9,3,86,94,73
73,59,12,72,97,13,5,68,11,89
53,26,90,96,84,34,16,27,12,41
69,97,3,46,39,16,78,92,40,85
25,73,76,13,45,9,78,50,28,73
31,37,75,79,79,81,88,40,10,44
53,26,90,15,43,34,16,27,19,27
55,81,63,38,43,49,95,1,32,21
53,36,50,9,84,33,16,29,12,8
73,59,90,72,76,13,5,68,75,83
58,39,11,92,19,25,86,44,79,83
57,39,11,96,19,25,86,44,47,97
25,73,76,64,65,14,78,50,28,73
57,39,92,96,19,25,91,19,47,83
58,39,92,96,19,25,86,94,47,97
45,26,61,96,43,34,16,27,12,41
90,86,50,9,43,34,16,27,19,27
99,37,75,79,53,42,88,82,24,15
56,81,63,38,1,99,36,1,42,47
7,71,92,96,19,75,86,94,79,97
53,86,61,96,84,33,16,27,12,27
92,40,50,66,73,25,99,23,93,58
73,59,12,72,76,13,5,38,75,89
25,5,13,28,48,21,98,97,6,4
25,44,20,13,65,14,78,50,94,32
25,44,20,64,45,14,3,61,94,14
57,39,92,96,19,75,91,19,79,97
64,40,50,99,68,25,99,23,93,20
25,44,76,13,65,9,12,50,35,32
90,36,50,15,43,34,16,27,19,8
25,73,76,13,45,14,3,50,94,32
56,81,63,38,43,99,95,96,32,21
25,44,76,64,45,9,3,61,35,73
73,22,7,72,97,13,5,16,11,89
53,86,90,96,84,33,16,29,19,8
7,71,92,92,19,64,66,44,47,97
58,18,92,96,19,75,91,44,16,83
63,22,74,87,59,88,61,100,36,14
25,73,20,13,65,9,78,86,94,32
25,73,20,13,65,14,12,50,94,14
25,44,76,64,56,14,3,61,28,73
90,26,50,96,43,33,16,27,19,27
25,73,20,13,45,14,12,61,94,73
45,36,61,9,43,33,16,27,19,8
7,39,11,96,19,75,66,94,16,97
25,73,20,64,56,9,12,61,35,32
58,39,11,96,19,75,66,94,47,97
58,71,92,92,19,25,86,44,79,97
25,93,76,13,45,9,3,61,28,14
25,73,20,13,65,14,3,61,28,32
7,39,92,96,19,25,86,19,47,97
25,73,20,13,45,9,12,86,28,14
55,81,63,38,37,49,36,96,32,21
64,100,50,66,73,25,99,78,93,20
18,5,66,97,70,48,98,4,2,23
17,87,91,67,52,72,57,100,40,91
25,93,76,13,56,9,78,61,28,73
90,36,50,96,43,34,16,27,12,8
25,44,20,13,56,9,3,50,94,73
63,22,91,87,59,88,61,26,36,14
25,73,76,64,65,9,3,50,35,73
53,26,61,15,43,33,16,29,19,41
25,73,20,13,45,9,78,61,35,14
17,37,75,40,53,42,88,82,24,97
17,60,56,1,52,72,57,100,46,91
25,93,20,13,56,9,3,86,94,32
7,71,11,96,19,64,86,19,16,97
25,44,20,64,45,14,78,50,94,73
33,27,32,91,33,67,79,20,68,71
64,100,50,99,88,25,99,78,93,20
25,44,20,64,65,9,78,61,94,73
8,48,5,94,23,10,95,99,55,24
99,37,75,40,79,81,88,40,24,15
25,93,76,13,45,9,3,61,28,32
25,73,76,64,56,9,12,61,35,73
18,5,66,97,53,48,98,4,2,70
53,36,90,96,84,33,16,29,12,8
53,36,90,15,84,33,16,29,12,27
90,86,50,9,84,34,16,29,19,8
7,18,92,92,19,75,66,44,16,97
45,36,90,15,43,34,16,27,19,8
99,37,75,79,53,81,88,40,24,15
90,26,50,15,43,34,16,27,12,27
25,73,20,64,45,14,78,61,94,14
57,39,92,96,19,64,86,44,16,83
4,35,30,49,44,31,96,61,49,7
4,35,30,49,44,31,96,13,49,7
53,36,90,15,84,33,16,29,12,41
25,93,20,13,65,14,3,61,28,32
7,18,11,92,19,25,91,94,47,97
25,93,20,64,65,9,12,86,94,73
58,93,66,20,33,10,25,91,38,37
25,93,20,64,65,14,3,86,94,14
25,93,76,13,45,9,78,50,28,14
53,26,90,15,84,34,16,27,12,27
8,60,77,94,79,10,95,95,13,26
45,86,61,9,43,33,16,29,19,8
25,93,76,13,65,14,12,50,35,32
73,59,90,72,76,75,5,68,11,83
25,93,76,64,56,9,12,86,28,73
25,44,76,64,45,14,78,50,35,14
16,35,30,14,44,73,96,61,49,16
31,37,75,79,52,81,88,40,24,15
25,5,20,28,11,21,98,97,6,33
90,86,50,15,84,33,16,29,12,8
25,73,20,13,65,9,12,50,35,32
7,18,92,96,19,25,91,44,16,97
25,44,20,64,65,9,12,50,94,14
53,26,50,96,43,34,16,29,19,8
17,37,75,79,53,81,88,82,24,44
25,44,76,13,56,9,12,61,28,73
57,71,92,92,19,64,86,19,79,97
25,93,20,13,56,9,78,61,94,32
56,81,63,38,43,49,36,1,32,21
25,73,20,13,45,9,78,86,28,73
25,73,20,64,45,9,12,50,28,32
7,18,11,92,19,64,91,94,47,83
57,39,11,96,19,75,66,44,79,83
12,5,20,44,11,21,76,97,6,6
53,36,50,15,43,33,16,29,19,27
25,44,76,13,65,9,3,86,94,73
25,73,20,13,65,9,12,86,35,32
8,60,5,94,79,73,95,99,55,26
92,100,50,66,88,25,99,78,93,58
25,73,76,64,45,9,3,61,28,14
25,44,20,13,56,9,3,86,94,73
58,18,11,92,19,75,66,19,79,83
57,71,11,96,19,75,91,44,16,83
45,26,61,9,84,33,16,27,19,27
99,37,75,79,53,81,88,51,10,15
7,39,92,96,19,25,86,44,79,83
25,44,20,64,56,14,78,61,94,14
25,73,76,13,56,14,78,50,94,32
73,10,12,72,97,75,5,38,75,83
42,5,66,97,70,99,37,19,2,31
90,86,50,9,43,33,16,27,12,27
55,81,63,38,37,49,95,1,32,21
25,73,20,64,45,9,12,50,94,32
25,44,20,13,65,14,12,50,35,32
57,39,92,92,19,64,86,44,47,83
57,71,92,96,19,64,66,44,79,83
61,5,66,38,53,48,98,19,2,23
58,63,66,20,33,1,25,91,38,21
57,18,11,92,19,25,66,94,79,97
7,71,92,96,19,25,91,19,16,83
45,36,90,9,43,34,16,29,12,41
36,48,5,94,23,73,95,95,55,26
57,71,11,92,19,75,66,19,16,97
73,10,90,72,76,13,5,16,11,89
17,60,62,1,52,72,57,100,46,91
45,86,90,15,84,33,16,29,19,27
90,36,61,15,84,34,16,29,12,8
90,86,90,96,84,34,16,29,12,27
25,44,76,64,56,9,3,86,94,14
45,26,90,9,84,33,16,29,19,27
7,39,11,96,19,64,66,94,79,83
18,5,66,38,53,1,98,96,2,23
45,26,61,15,84,33,16,27,19,27
17,87,56,67,52,72,57,95,54,91
4,35,30,14,44,31,16,13,49,16
58,71,92,96,19,64,66,19,79,97
58,39,92,92,19,25,66,19,47,83
25,44,20,64,65,14,78,50,28,14
63,22,74,95,59,88,60,100,36,14
25,44,76,13,65,9,12,86,94,73
57,18,11,96,19,64,66,44,79,97
53,86,61,96,84,34,16,27,19,27
25,73,20,13,65,9,3,86,94,32
7,18,92,92,19,75,86,44,79,97
56,81,63,38,1,99,36,1,32,21
58,71,92,92,19,25,86,19,47,83
25,44,76,64,56,9,3,61,28,14
58,39,92,92,19,25,66,94,16,97
58,71,11,96,19,75,66,19,79,97
58,39,11,92,19,75,86,44,79,97
57,71,92,92,19,25,91,19,47,83
25,44,20,64,56,9,12,86,94,32
17,60,56,20,52,72,57,95,46,91
7,39,11,92,19,64,86,94,16,83
25,73,20,13,65,9,78,50,94,73
45,86,90,9,84,33,16,27,19,8
90,86,90,9,43,34,16,27,12,41
25,93,76,64,56,9,78,86,94,73
45,36,61,9,84,33,16,29,12,27
58,18,92,92,19,25,91,19,16,97
73,10,12,72,76,13,5,68,75,89
58,18,92,92,19,25,91,19,79,83
17,87,62,20,52,72,57,95,46,91
7,39,92,96,19,25,91,94,47,83
45,86,61,9,43,33,16,29,12,8
92,100,50,66,88,25,99,2,99,58
73,22,90,72,97,13,5,68,11,89
64,40,50,66,88,25,99,78,6,58
75,27,32,15,25,48,8,20,68,71
25,93,76,64,56,14,3,50,28,14
99,37,75,40,52,42,88,82,24,15
58,39,92,96,19,64,66,19,79,83
92,40,50,66,68,25,99,78,99,20
58,18,92,96,19,25,86,19,16,83
90,26,90,9,84,34,16,27,19,27
64,40,50,99,88,25,99,78,93,58
25,93,76,64,65,9,78,61,94,14
45,86,50,9,84,34,16,29,19,41
25,44,76,13,65,14,78,50,35,32
25,73,76,13,45,9,78,50,28,14
58,18,92,96,19,25,66,19,79,83
25,73,20,13,45,9,12,50,35,32
57,39,92,96,19,25,66,94,79,83
73,22,12,72,76,75,5,16,75,89
55,81,63,38,37,49,36,96,42,42
58,39,11,92,19,75,91,94,16,97
16,35,30,14,90,73,16,61,49,7
53,36,90,15,43,33,16,27,19,27
17,60,56,1,52,72,65,95,54,91
90,26,90,15,43,34,16,29,19,41
25,44,76,13,45,14,12,86,28,73
7,18,11,96,19,64,86,44,47,97
53,26,61,96,43,33,16,27,19,27
25,93,20,13,56,9,3,50,35,32
58,71,11,96,19,75,91,44,47,83
7,39,11,96,19,25,91,19,79,83
35,94,18,21,78,89,92,89,36,34
25,44,20,64,56,9,78,86,94,73
58,71,92,96,19,75,66,44,79,97
25,93,20,64,65,14,78,86,28,32
7,39,92,92,19,25,66,19,79,97
4,35,30,49,44,84,96,94,49,16
4,35,30,49,44,31,3,61,49,16
57,39,92,96,19,64,66,44,79,97
36,60,77,94,48,73,95,95,55,82
73,10,7,72,76,75,5,68,75,89
45,26,90,15,43,33,16,29,12,8
57,18,11,92,19,64,86,44,16,97
57,18,11,96,19,64,91,19,47,97
95,76,66,20,33,1,25,91,38,99
31,37,75,79,53,42,88,40,10,44
25,73,76,64,56,9,78,50,35,73
53,36,90,96,43,34,16,29,19,8
25,73,20,64,56,9,78,86,94,73
25,73,76,64,65,14,12,61,35,14
25,44,20,13,65,14,3,86,28,73
25,73,76,64,65,9,78,86,35,14
58,39,92,96,19,64,86,19,79,97
53,86,50,15,84,34,16,29,12,41
45,36,50,96,43,33,16,29,12,27
90,36,90,9,43,34,16,27,19,8
58,39,11,92,19,25,91,19,16,83
45,36,50,15,84,33,16,27,19,27
58,71,92,96,19,25,86,44,47,83
45,26,50,15,43,34,16,29,12,8
7,18,11,92,19,64,66,44,47,83
53,26,90,9,84,33,16,29,12,41
25,93,76,13,56,14,78,61,28,73
75,27,32,15,33,7,8,20,68,48
64,100,50,66,88,25,99,23,6,58
25,93,20,13,56,14,12,50,28,32
25,44,20,64,56,9,3,86,28,73
17,37,75,79,79,81,88,40,24,44
4,35,30,49,90,84,3,13,49,16
57,18,92,92,19,25,66,94,47,83
7,100,50,99,73,25,99,2,99,58
36,48,77,94,48,10,95,95,55,82
61,5,66,97,53,48,37,19,2,70
35,75,18,21,78,89,33,89,89,34
90,86,90,15,84,34,16,29,19,27
58,71,11,96,19,75,86,19,79,83
25,93,76,64,45,14,78,61,35,14
25,44,20,64,65,9,78,50,35,32
58,18,92,96,19,64,66,44,79,83
61,5,66,97,53,48,98,19,2,31
45,86,90,9,43,33,16,29,12,8
25,93,76,64,65,14,12,61,28,73
25,44,20,13,45,14,3,50,28,32
53,26,50,9,84,33,16,29,19,8
25,73,76,64,56,14,12,61,28,32
25,73,20,64,45,9,12,50,28,14
57,39,92,92,19,64,66,19,79,83
31,37,75,79,79,42,88,51,24,97
35,91,18,77,78,89,92,89,36,34
12,5,20,28,43,21,76,97,6,4
25,93,20,64,65,14,12,50,28,73
25,93,20,13,65,9,78,86,35,32
25,93,20,64,56,9,12,61,94,73
63,22,83,95,59,88,61,100,36,83
53,86,90,9,43,33,16,29,12,27
45,26,61,9,43,34,16,27,19,8
90,36,61,96,43,34,16,29,12,27
53,86,50,9,43,34,16,27,19,27
58,18,11,96,19,25,86,19,16,97
58,71,11,96,19,25,86,94,47,97
12,81,63,38,37,99,36,96,32,42
7,39,11,92,19,75,66,44,47,83
53,36,90,9,84,33,16,27,12,8
90,26,90,15,43,33,16,27,12,8
33,27,32,91,33,48,8,20,68,71
25,44,20,64,56,9,12,61,35,14
25,73,76,13,56,9,3,86,35,73
25,73,20,64,65,14,12,61,94,14
53,86,61,9,43,34,16,29,19,41
17,60,91,20,52,72,65,100,40,91
7,39,92,92,19,64,86,94,47,83
25,44,20,64,45,14,12,86,28,32
58,18,11,92,19,75,91,44,16,83
12,81,63,38,1,99,36,1,42,42
90,86,50,9,43,34,16,27,19,41
57,18,11,96,19,25,66,44,47,97
87,97,71,46,17,95,100,92,40,85
7,71,11,92,19,25,86,19,47,83
99,37,75,79,52,42,88,82,10,97
25,93,76,64,45,14,3,50,94,73
25,73,76,64,65,9,12,61,28,32
64,100,50,99,88,25,99,78,99,20
16,35,30,14,90,73,16,13,49,7
17,37,75,79,52,81,88,51,10,44
25,73,76,13,65,9,12,61,94,32
8,60,77,94,79,10,95,95,55,24
12,81,63,38,1,99,36,96,32,42
25,73,76,64,45,9,78,61,94,32
7,39,11,92,19,64,91,44,79,83
25,73,76,64,45,9,12,61,28,73
7,18,92,92,19,25,91,19,79,83
53,26,90,96,43,33,16,27,19,27
7,18,92,96,19,25,86,44,16,83
25,44,20,13,45,14,3,61,28,32
53,86,61,15,84,34,16,27,12,8
58,18,11,92,19,25,66,94,47,97
90,36,90,15,84,34,16,27,19,27
7,71,92,96,19,75,66,19,79,83
45,26,90,96,84,33,16,29,19,8
7,39,11,96,19,75,86,19,79,97
45,36,90,96,84,33,16,27,12,27
58,76,10,20,33,1,90,91,38,37
99,37,75,40,79,81,88,40,24,97
7,71,11,96,19,25,86,94,79,83
25,44,76,13,65,9,12,61,28,32
25,93,20,64,56,14,78,61,35,14
90,36,50,9,84,34,16,29,12,27
57,39,92,92,19,75,91,19,79,83
45,36,50,15,84,33,16,27,12,27
58,63,66,20,33,10,90,91,38,99
7,39,11,92,19,75,66,94,16,83
57,71,92,96,19,64,66,19,16,97
53,36,90,9,84,33,16,29,12,27
90,86,50,96,84,33,16,27,19,27
25,93,20,64,45,9,78,86,35,73
25,5,13,28,43,21,98,97,6,6
58,71,92,92,19,64,86,19,47,83
57,39,11,92,19,75,66,44,47,97
7,71,11,96,19,75,86,94,79,97
17,87,56,67,52,72,57,100,40,91
25,73,76,13,56,14,3,61,94,73
7,39,11,96,19,75,86,19,16,97
7,18,92,96,19,64,86,44,16,97
57,71,92,92,19,75,91,94,47,97
58,71,11,92,19,75,66,19,47,83
58,39,11,96,19,75,91,44,16,97
7,18,92,92,19,75,66,19,47,83
36,60,77,94,48,73,95,99,13,82
56,81,63,38,37,49,95,1,32,21
7,71,92,96,19,25,86,19,47,83
7,100,50,66,73,25,99,78,6,58
25,44,76,13,45,14,3,86,94,32
53,86,90,9,43,34,16,29,12,27
73,10,7,72,97,75,5,16,75,89
7,71,92,96,19,25,91,94,79,97
87,94,26,68,21,33,33,59,10,66
17,87,56,20,52,72,34,100,40,91
45,86,61,9,84,34,16,27,12,41
90,86,50,15,84,34,16,27,19,8
90,26,61,9,43,34,16,29,19,8
25,44,20,64,56,9,12,86,94,14
58,39,92,96,19,75,66,94,16,97
45,26,50,96,43,34,16,27,12,8
58,71,92,92,19,75,86,94,47,83
25,93,20,64,65,9,3,50,35,32
58,18,11,92,19,25,91,94,79,97
8,48,77,94,79,73,95,95,13,26
17,37,75,40,53,42,88,40,24,15
17,37,75,79,52,42,88,82,10,15
58,71,11,92,19,75,86,19,16,97
25,44,20,13,45,9,12,61,94,32
25,73,20,13,45,9,3,86,28,73
99,37,75,40,52,81,88,51,10,15
25,73,76,64,56,14,12,86,35,73
45,86,90,96,84,33,16,29,12,8
33,27,32,91,33,48,79,20,68,71
25,44,20,13,45,9,3,50,94,14
92,100,50,66,88,25,99,78,6,20
53,86,90,9,43,33,16,27,12,8
25,93,76,64,45,9,3,50,35,32
25,44,20,13,65,14,78,86,28,73
58,71,92,96,19,25,66,44,79,83
95,76,10,20,33,59,25,91,38,37
7,18,92,96,19,25,66,19,79,97
7,39,11,92,19,25,91,44,79,97
73,22,7,72,76,75,5,16,75,89
58,39,92,92,19,64,66,94,16,83
42,5,66,97,70,1,98,4,2,70
25,93,20,64,45,9,78,61,35,14
17,37,75,79,52,42,88,51,24,44
45,86,50,15,43,33,16,29,19,27
58,18,92,92,19,75,86,19,79,83
45,36,61,96,43,34,16,27,12,27
16,35,30,49,90,31,3,61,49,16
45,36,90,9,43,33,16,29,19,41
56,81,63,38,37,99,95,96,42,47
25,44,76,64,45,14,12,86,35,73
25,93,76,13,65,14,3,86,35,32
53,86,61,15,84,33,16,27,19,8
7,18,11,92,19,64,86,19,79,97
25,73,76,64,65,9,12,50,28,32
7,18,11,92,19,64,66,94,79,83
17,37,75,40,52,42,88,51,24,97
57,71,11,96,19,75,86,94,16,97
25,73,76,64,45,9,78,86,28,14
25,93,20,13,56,9,12,86,94,14
58,71,11,96,19,64,86,19,16,83
57,71,92,96,19,75,91,44,79,97
25,73,20,13,56,14,3,50,28,73
25,44,76,64,65,14,3,86,28,73
7,71,92,96,19,25,86,94,16,97
45,36,50,9,43,34,16,29,12,27
58,71,92,96,19,75,66,44,16,83
25,44,20,13,56,14,12,61,35,14
45,26,50,15,84,34,16,29,12,8
45,86,90,9,84,34,16,29,19,27
25,44,76,13,56,14,3,86,35,32
61,5,66,38,70,99,37,96,2,31
53,86,61,9,84,34,16,27,19,41
25,73,76,64,65,9,12,86,28,14
53,26,90,96,43,34,16,29,12,8
25,93,76,64,56,14,3,86,28,73
25,93,76,64,65,9,12,50,28,32
58,71,92,96,19,75,86,94,47,97
58,71,11,92,19,25,86,44,16,97
58,71,11,96,19,75,66,19,16,97
7,71,92,92,19,64,91,19,79,83
25,44,76,13,65,14,78,50,28,73
25,44,20,13,56,14,12,61,28,32
25,5,85,44,48,21,98,97,6,33
18,5,66,97,53,48,37,4,2,70
25,93,76,64,65,14,78,50,94,32
58,71,11,96,19,25,86,44,16,83
25,73,20,64,65,14,78,50,28,32
25,73,76,64,56,14,12,50,35,14
25,73,76,13,45,9,12,50,94,32
90,36,50,96,84,34,16,27,12,8
90,26,50,15,43,33,16,27,19,41
58,18,11,96,19,64,91,44,79,83
36,48,5,94,48,10,95,95,13,24
56,81,63,38,43,99,95,96,32,47
75,27,32,15,25,7,8,20,68,48
25,44,20,64,45,9,78,61,28,73
25,44,20,13,45,9,3,50,28,32
7,39,92,92,19,64,66,44,16,83
25,73,20,64,65,14,12,86,28,32
58,76,66,20,33,10,90,91,38,37
25,93,76,64,45,14,78,86,94,32
7,71,11,96,19,64,86,44,79,97
7,39,11,92,19,25,66,19,79,97
17,37,75,79,79,81,88,40,24,15
35,91,18,21,78,89,33,89,89,34
57,18,92,96,19,25,66,94,47,97
73,22,90,72,97,75,5,16,11,83
53,36,61,15,43,33,16,29,12,27
25,44,76,64,56,9,3,50,28,73
25,73,76,13,56,9,3,86,35,32
25,44,20,64,56,9,12,50,94,14
25,44,20,13,56,14,3,50,35,32
36,48,5,94,79,73,95,99,55,82
4,35,30,49,44,84,16,13,49,16
17,37,75,40,79,81,88,82,24,44
25,44,76,64,56,9,78,61,35,14
7,18,11,96,19,25,66,94,79,97
42,5,66,38,70,48,98,96,2,23
25,93,76,13,65,14,3,86,94,32
25,44,76,13,56,9,3,86,28,14
75,27,32,91,33,48,8,20,68,48
53,86,61,15,43,33,16,29,19,41
25,73,20,64,56,9,3,61,35,14
90,26,50,9,43,33,16,29,19,27
90,86,90,15,84,34,16,27,19,27
7,18,92,92,19,25,86,44,16,83
25,93,20,13,56,14,12,61,35,32
75,27,32,65,33,67,8,20,68,71
73,10,7,72,97,75,5,68,75,89
18,5,66,97,53,99,98,4,2,70
58,71,92,96,19,75,86,44,79,97
58,18,11,92,19,64,86,44,79,97
90,86,90,15,84,33,16,27,12,8
53,36,50,96,43,34,16,27,19,8
58,39,11,92,19,75,91,44,47,97
8,60,5,94,79,73,95,99,13,82
25,93,76,13,56,9,3,50,28,14
92,40,50,66,68,25,99,2,99,20
18,5,66,38,53,99,37,96,2,31
16,35,30,49,44,73,16,13,49,16
12,5,20,44,11,21,98,97,6,33
90,36,90,96,84,34,16,29,12,27
25,73,20,13,45,14,3,86,28,14
25,93,76,64,65,14,78,86,94,14
25,44,20,64,65,9,3,61,28,32
87,94,26,75,21,33,33,59,75,66
7,71,92,92,19,64,66,44,79,97
58,71,92,96,19,25,91,44,47,83
25,44,76,64,56,9,3,61,94,32
25,93,76,64,65,14,3,86,35,14
90,36,61,9,43,34,16,29,12,27
58,39,92,96,19,25,66,94,79,83
58,71,92,96,19,64,91,44,47,97
57,39,11,92,19,25,86,44,16,97
55,81,63,38,37,99,36,96,32,21
57,71,92,92,19,75,91,19,79,97
17,37,75,79,53,42,88,40,24,97
7,39,92,96,19,75,86,19,47,83
55,81,63,38,37,49,36,96,32,42
7,18,11,92,19,64,66,94,16,83
7,39,92,96,19,64,86,19,16,97
90,36,50,9,84,33,16,29,19,27
7,18,11,92,19,64,86,44,47,83
25,44,76,64,65,9,12,86,28,32
25,93,76,13,56,9,78,86,28,32
58,18,11,96,19,64,86,19,16,83
25,93,20,13,45,14,3,61,35,32
73,59,12,72,76,13,5,16,11,89
58,39,11,96,19,64,66,19,47,97
7,39,92,92,19,64,86,94,47,97
58,71,11,96,19,75,66,44,79,83
90,26,90,9,43,34,16,29,19,27
7,39,11,96,19,75,91,94,79,83
90,86,50,15,43,34,16,27,12,41
58,18,92,96,19,64,91,44,79,83
25,73,20,13,56,9,3,50,28,14
99,37,75,40,52,81,88,51,10,44
58,18,11,96,19,64,86,94,79,97
90,36,90,9,43,33,16,29,12,41
64,40,50,66,88,25,99,78,93,20
25,73,76,64,45,9,12,61,28,32
25,73,20,13,65,9,78,61,35,14
25,73,76,64,56,9,12,50,35,73
53,36,90,15,43,34,16,29,19,8
53,86,50,9,84,33,16,29,19,27
57,39,92,92,19,75,91,19,47,97
4,35,30,49,90,31,96,94,49,16
25,93,20,13,45,14,78,86,35,73
25,44,20,13,56,9,78,86,94,14
90,26,50,96,84,34,16,27,12,41
42,5,66,38,70,99,37,96,2,23
7,71,92,96,19,25,86,94,47,83
31,37,75,79,53,42,88,51,24,97
25,44,76,64,56,9,3,61,94,14
63,22,91,95,59,88,61,26,32,14
25,73,20,13,45,14,78,50,35,14
25,93,20,13,45,9,12,86,94,32
57,39,92,96,19,75,86,94,16,83
53,86,90,15,84,33,16,29,12,8
25,44,20,13,56,9,78,61,28,32
90,26,61,9,84,33,16,29,12,41
25,73,76,13,65,9,78,86,35,14
25,44,76,13,56,14,12,86,94,73
25,73,20,13,56,9,78,86,28,32
90,36,50,96,43,33,16,29,12,27
45,36,61,96,43,34,16,29,12,27
25,44,76,13,65,14,12,61,28,32
42,5,66,38,53,1,37,19,2,70
25,44,76,64,45,14,3,50,94,32
53,26,50,9,43,33,16,27,19,41
45,86,61,15,84,34,16,27,12,41
58,71,92,96,19,25,91,44,16,83
25,73,20,64,65,14,3,50,94,32
25,44,76,13,45,9,12,50,35,32
7,100,50,66,73,25,99,23,99,58
95,93,66,20,33,1,25,91,38,21
58,39,92,92,19,75,86,94,47,97
25,93,20,13,65,9,12,50,28,73
25,44,20,13,65,9,3,61,35,73
73,59,90,72,76,75,5,38,75,89
56,81,63,38,1,49,36,1,42,42
25,44,20,13,45,14,3,50,35,73
53,86,61,15,84,33,16,29,19,8
58,71,11,96,19,25,66,19,16,97
53,36,61,96,43,33,16,27,19,41
36,48,5,94,79,10,95,95,55,24
45,86,90,96,43,33,16,27,19,8
58,71,11,96,19,75,91,44,16,83
53,36,61,15,43,34,16,27,19,27
25,93,76,64,56,9,12,61,28,14
57,39,11,92,19,64,66,19,16,83
61,5,66,38,70,1,98,4,2,70
25,93,20,13,45,14,12,50,94,32
25,44,76,64,56,14,78,61,94,14
7,40,50,66,68,25,99,78,99,20
36,60,5,94,79,10,95,95,13,82
57,39,11,92,19,25,86,44,47,83
57,18,11,92,19,25,91,94,47,83
25,93,76,13,56,9,78,50,94,14
7,71,92,96,19,75,66,19,47,97
92,40,50,99,73,25,99,2,6,58
58,71,92,92,19,75,86,44,16,97
25,73,76,13,45,9,12,61,28,73
25,73,76,13,65,14,3,86,35,73
45,26,50,96,84,34,16,27,19,8
31,37,75,40,79,42,88,51,10,97
12,5,85,44,11,21,76,97,6,4
25,73,76,13,56,14,12,61,35,73
99,37,75,40,53,42,88,82,24,97
25,44,76,64,56,14,3,50,35,14
45,86,90,15,43,33,16,29,12,41
25,73,20,64,56,14,78,50,35,32
58,71,92,92,19,75,91,19,79,83
17,60,56,67,52,72,34,95,46,91
90,36,90,96,43,33,16,27,19,41
31,37,75,40,53,42,88,82,24,97
57,18,11,92,19,75,91,44,79,83
7,39,11,92,19,64,66,19,16,97
64,40,50,66,88,25,99,23,93,58
90,36,61,9,43,33,16,27,12,8
53,26,50,9,43,33,16,29,12,41
25,44,76,13,45,9,78,86,94,32
25,73,76,64,56,9,12,50,94,73
36,48,77,94,23,10,95,95,13,82
25,93,20,64,65,9,3,61,35,32
95,93,10,20,33,10,25,91,38,37
45,86,50,9,43,33,16,27,19,41
25,44,76,64,45,9,3,61,94,32
25,73,20,13,45,14,78,86,35,73
36,48,5,94,48,10,95,95,55,26
58,71,11,92,19,64,86,94,47,83
25,73,20,64,45,14,12,61,94,73
55,81,63,38,37,99,95,96,42,42
25,73,20,64,65,9,12,50,35,73
25,93,76,13,56,14,78,50,94,32
57,39,92,92,19,25,66,94,47,97
57,18,92,92,19,75,86,94,16,97
53,26,61,96,43,34,16,29,19,41
45,36,50,96,43,33,16,27,12,27
7,39,11,92,19,75,66,19,16,83
7,71,92,92,19,64,86,94,47,83
73,59,7,72,97,13,5,38,75,89
87,97,3,46,39,95,78,92,40,85
25,73,76,64,45,9,12,86,35,32
25,44,76,64,45,14,12,50,28,73
25,44,20,64,45,9,3,86,28,73
25,93,76,64,56,14,78,86,35,32
7,71,11,92,19,25,86,44,16,83
45,86,50,15,84,33,16,29,12,8
25,44,76,13,45,14,78,86,28,14
25,93,20,13,45,9,3,61,35,32
73,10,90,72,76,13,5,38,11,89
45,26,50,96,84,34,16,27,12,41
25,93,76,13,56,9,3,61,28,32
53,26,50,96,84,33,16,27,19,8
25,93,20,13,56,14,3,61,28,73
57,18,92,92,19,25,91,94,47,97
90,86,61,15,43,33,16,29,19,8
58,39,11,96,19,75,86,19,79,83
25,93,76,64,65,14,12,50,94,32
45,86,50,15,43,33,16,29,19,41
53,86,90,9,84,34,16,29,12,27
64,40,50,66,68,25,99,23,99,58
25,73,20,13,56,14,3,50,28,14
25,73,20,13,65,14,78,86,35,73
25,44,76,13,56,14,12,86,94,14
25,44,76,64,65,14,12,50,35,32
25,73,20,13,65,14,12,50,28,32
58,71,11,96,19,25,86,94,79,97
53,26,90,96,43,34,16,29,12,41
7,71,11,92,19,75,66,44,47,97
58,71,11,92,19,75,86,44,16,83
25,44,76,64,65,9,78,61,28,32
42,5,66,97,70,99,37,4,2,23
53,26,61,9,84,34,16,27,19,8
4,35,30,49,90,73,3,94,49,7
57,18,11,96,19,25,86,19,16,97
8,60,77,94,79,73,95,99,13,26
55,81,63,38,43,99,95,96,42,21
25,44,76,64,65,14,78,61,28,73
25,44,76,64,56,9,3,61,28,32
7,71,92,92,19,75,86,94,16,83
58,71,92,96,19,64,86,44,47,83
17,37,75,40,53,81,88,82,10,97
25,73,76,64,45,14,12,50,35,32
45,36,90,15,84,33,16,29,12,8
25,93,76,13,65,9,12,86,94,73
64,40,50,66,73,25,99,23,6,20
58,71,11,92,19,75,91,44,79,97
57,71,11,92,19,75,91,19,16,97
58,71,92,92,19,64,86,44,47,97
7,39,92,96,19,64,66,19,79,97
25,44,76,64,65,14,78,86,28,32
57,39,92,92,19,75,86,19,79,97
17,37,75,79,79,81,88,51,24,15
53,26,61,9,43,34,16,29,12,8
57,18,11,92,19,75,66,94,47,97
31,37,75,40,53,81,88,40,10,15
90,86,61,96,84,34,16,29,19,8
95,63,66,20,33,1,90,91,38,99
25,73,20,13,65,14,3,50,28,73
18,5,66,38,70,48,98,4,2,23
57,18,92,96,19,75,86,19,47,97
25,73,76,13,45,14,3,86,35,32
61,5,66,97,70,1,37,19,2,31
25,73,20,64,65,14,78,50,94,73
58,18,11,96,19,75,86,94,79,83
25,73,20,64,45,14,78,86,28,73
8,63,10,20,33,59,25,91,38,21
45,26,61,9,84,33,16,27,19,41
99,37,75,79,79,81,88,82,24,44
25,44,20,64,45,14,78,61,94,32
53,26,50,9,43,34,16,27,12,27
73,22,7,72,76,75,5,68,75,83
58,39,92,92,19,25,66,94,79,97
53,36,61,15,84,34,16,29,19,8
25,73,20,64,45,9,3,61,94,73
25,73,20,13,56,9,12,61,35,14
25,93,76,64,65,9,12,50,94,32
53,36,90,96,84,34,16,27,19,41
25,73,76,64,45,14,78,50,35,14
58,71,11,96,19,64,66,19,79,97
25,93,76,64,65,14,78,61,28,14
53,36,90,96,84,34,16,29,19,41
64,40,50,66,73,25,99,78,6,20
25,93,20,13,65,14,3,86,94,32
12,5,20,44,11,21,76,97,6,33
7,39,11,92,19,25,66,94,16,97
58,71,92,96,19,25,91,44,47,97
7,100,50,66,88,25,99,23,6,20
90,36,90,9,43,34,16,27,19,41
45,86,61,96,84,33,16,29,12,27
45,26,61,96,43,33,16,27,19,41
73,10,7,72,97,13,5,16,11,89
25,5,85,44,43,21,98,97,6,33
25,44,76,13,65,9,78,86,94,14
64,100,50,99,88,25,99,2,93,58
53,36,50,9,84,33,16,27,12,27
90,36,50,9,43,33,16,29,19,41
45,36,61,15,84,33,16,29,19,41
7,18,11,92,19,64,66,94,79,97
58,71,11,92,19,25,91,44,16,83
25,93,20,13,56,9,3,50,35,14
73,22,7,72,97,13,5,38,11,89
53,36,50,15,84,33,16,29,19,27
45,26,90,15,43,34,16,29,12,41
25,93,76,64,45,9,12,86,35,32
99,37,75,40,52,81,88,51,24,44
57,18,92,92,19,75,91,44,16,83
25,73,76,13,45,14,78,61,94,14
45,86,50,9,43,33,16,29,12,27
36,48,5,94,79,73,95,99,13,82
25,44,76,13,56,9,12,50,94,73
7,18,11,96,19,64,91,19,16,97
57,71,92,96,19,75,66,94,79,97
57,71,92,92,19,75,86,94,47,83
25,93,20,13,65,9,78,50,94,73
8,76,66,20,33,10,90,91,38,21
90,36,50,96,43,33,16,27,12,8
45,86,50,15,43,34,16,29,19,8
8,60,77,94,48,10,95,95,13,24
90,26,61,96,84,33,16,27,12,8
25,93,76,13,65,9,3,61,28,14
45,26,50,9,84,34,16,27,12,8
25,44,76,64,65,14,3,50,35,14
57,18,92,92,19,25,66,19,79,83
25,73,76,64,45,9,12,50,28,32
57,18,11,96,19,75,66,44,16,83
16,35,30,49,44,84,16,13,49,16
25,44,76,64,65,14,78,50,35,14
25,44,76,13,56,14,12,61,94,32
25,73,76,64,65,9,78,61,35,32
57,18,92,96,19,25,66,19,16,83
25,93,76,13,56,14,12,86,94,14
45,26,50,15,84,33,16,27,12,41
7,71,11,96,19,75,91,19,47,83
64,100,50,99,73,25,99,2,99,58
57,18,92,92,19,25,91,94,79,83
58,71,11,92,19,25,66,44,47,83
58,71,11,96,19,75,66,94,79,83
25,93,20,13,45,14,78,61,35,14
57,39,11,92,19,25,91,19,47,97
25,44,20,64,56,9,78,61,35,32
8,60,5,94,48,10,95,95,55,26
58,71,92,96,19,25,86,19,16,97
25,73,76,64,56,9,78,86,35,73
25,73,76,64,45,14,78,86,94,14
7,71,92,92,19,75,66,19,16,97
45,86,90,15,84,34,16,29,12,27
92,100,50,99,73,25,99,78,93,20
57,18,92,92,19,75,86,44,16,97
61,5,66,97,53,1,98,19,2,23
57,39,11,96,19,75,86,94,16,83
7,71,11,96,19,75,66,44,47,97
25,44,76,13,65,9,12,61,35,32
57,39,92,92,19,25,86,19,16,97
4,35,30,14,90,84,3,61,49,16
90,26,50,9,43,34,16,27,19,41
53,86,61,15,84,33,16,29,19,27
31,37,75,40,53,81,88,82,10,97
7,18,11,92,19,25,91,19,79,83
25,73,20,13,65,9,78,50,28,73
7,18,92,96,19,25,91,94,47,97
92,100,50,66,88,25,99,2,93,20
25,93,20,13,65,14,78,86,28,14
25,73,76,64,56,14,3,61,94,73
58,71,11,92,19,75,86,94,47,83
58,18,92,96,19,64,86,94,79,97
45,26,50,9,84,34,16,27,12,27
7,71,92,96,19,75,66,94,47,97
57,71,92,96,19,75,66,44,47,97
25,44,20,13,65,14,3,61,94,73
61,5,66,97,70,48,98,19,2,31
58,71,11,92,19,64,86,44,16,83
25,44,20,64,65,9,12,50,94,73
25,73,76,13,45,14,78,61,35,73
57,71,92,96,19,25,66,44,79,83
53,36,50,9,43,34,16,29,19,41
95,93,10,20,33,1,90,91,38,99
18,5,66,97,53,1,98,19,2,23
57,71,92,92,19,25,66,19,79,83
45,26,90,9,43,34,16,27,12,41
90,26,61,9,84,33,16,29,19,27
90,26,90,9,84,33,16,27,12,8
57,71,92,96,19,25,86,19,79,97
18,5,66,38,53,99,98,4,2,23
57,18,92,96,19,64,86,19,79,83
45,36,90,96,84,33,16,27,19,27
7,71,11,92,19,75,66,94,47,83
25,93,76,64,65,9,3,50,94,73
57,18,11,96,19,25,86,94,79,83
92,40,50,99,73,25,99,78,93,20
57,18,11,92,19,75,91,19,79,97
92,40,50,99,88,25,99,2,99,20
58,39,11,96,19,64,66,44,16,97
73,59,90,72,76,13,5,68,75,89
12,81,63,38,43,49,95,1,42,21
25,44,20,13,45,9,3,86,28,73
8,48,77,94,79,10,95,95,13,82
25,73,20,64,56,14,3,61,28,32
25,73,76,64,65,14,12,86,35,32
64,40,50,99,73,25,99,78,99,58
25,93,76,64,56,9,78,61,28,73
53,36,61,9,84,33,16,29,19,27
64,40,50,99,68,25,99,78,6,58
58,18,92,96,19,64,86,94,47,97
7,40,50,66,88,25,99,78,6,58
90,26,90,96,43,34,16,27,12,8
95,76,66,20,33,1,90,91,38,21
36,48,77,94,79,73,95,95,13,82
25,44,76,13,65,14,78,50,94,73
73,22,90,72,97,13,5,38,11,83
45,86,61,9,43,34,16,29,12,41
7,71,11,92,19,64,86,44,47,83
61,5,66,97,53,1,98,96,2,31
25,93,76,64,65,9,3,86,94,73
58,18,11,96,19,64,66,94,79,97
25,93,76,64,45,14,78,86,28,73
25,44,20,64,65,9,3,86,94,14
7,71,11,96,19,75,91,44,16,83
58,71,11,92,19,64,66,94,79,97
58,39,92,96,19,25,91,44,47,97
8,60,77,94,48,10,95,99,55,82
25,73,76,13,45,14,78,50,35,73
53,86,90,15,84,33,16,29,19,8
25,73,76,13,56,14,78,86,28,73
25,73,76,64,65,9,3,50,28,32
92,100,50,99,68,25,99,23,93,20
25,44,76,13,56,14,12,50,94,14
45,86,50,15,84,34,16,29,12,27
7,18,11,96,19,75,66,94,47,97
64,40,50,99,73,25,99,2,93,20
64,100,50,99,88,25,99,2,6,20
12,81,63,38,1,49,36,96,42,42
25,93,20,64,56,14,3,61,35,14
58,71,11,96,19,75,91,94,47,97
57,39,92,92,19,64,66,44,79,97
73,22,7,72,76,13,5,38,11,89
58,39,11,96,19,64,91,94,79,83
25,5,13,44,11,21,98,97,6,6
4,35,30,49,44,31,16,94,49,16
25,73,20,64,45,14,12,61,94,14
90,26,50,96,43,33,16,27,12,27
25,73,76,13,45,9,78,50,94,14
57,39,11,96,19,64,91,44,16,83
50,75,18,21,78,89,33,89,89,34
25,93,20,13,45,14,12,61,35,73
25,44,20,13,65,14,78,86,35,14
99,37,75,40,79,42,88,40,10,44
58,18,92,96,19,75,86,44,47,83
25,73,20,64,56,9,3,50,94,73
45,36,61,15,84,34,16,29,12,27
25,73,20,64,56,14,78,61,28,32
25,44,20,13,45,14,12,61,35,32
57,18,92,92,19,64,91,19,47,83
7,39,11,92,19,64,66,19,79,83
17,87,62,67,52,72,65,95,40,91
58,71,92,96,19,64,66,94,79,83
8,76,66,20,33,59,25,91,38,37
17,87,62,1,52,72,34,95,54,91
25,44,20,13,45,9,12,86,35,73
45,36,90,15,43,34,16,27,19,41
58,39,11,92,19,64,91,44,47,97
25,44,76,13,45,14,12,61,28,14
57,18,92,92,19,64,91,19,16,83
92,100,50,66,73,25,99,23,99,58
25,44,20,64,65,14,12,50,94,73
53,36,61,96,43,34,16,29,12,27
53,26,61,9,43,33,16,29,19,41
12,81,63,38,43,49,95,1,32,47
25,44,76,64,56,14,3,86,35,32
25,44,20,64,45,14,12,86,94,14
58,71,92,96,19,25,86,19,47,97
25,73,76,64,45,9,78,50,35,32
17,60,62,1,52,72,34,95,54,91
25,73,20,13,56,14,12,50,94,73
17,87,91,67,52,72,57,100,46,91
64,40,50,99,88,25,99,23,6,20
56,81,63,38,1,99,95,96,42,21
25,93,20,64,45,9,3,86,28,32
58,71,92,92,19,64,91,44,16,83
7,39,11,92,19,25,91,44,47,83
45,86,61,9,43,33,16,29,12,27
95,76,10,20,33,10,90,91,38,99
57,71,92,96,19,25,66,19,47,97
7,39,11,96,19,75,86,44,79,83
45,36,90,96,84,34,16,29,19,8
87,97,9,46,17,16,41,92,40,85
58,39,92,96,19,75,66,44,79,83
7,71,11,96,19,64,91,19,16,83
90,26,90,96,84,34,16,27,19,8
7,71,11,96,19,75,86,44,47,97
25,73,76,13,65,9,3,61,94,32
25,93,20,64,56,9,78,61,35,73
25,93,20,64,45,9,12,86,35,14
58,18,11,96,19,75,86,94,47,97
90,26,50,96,84,33,16,29,19,41
53,26,90,9,43,33,16,27,19,8
25,44,20,64,65,9,3,50,35,32
90,26,50,96,43,34,16,27,12,41
25,93,76,64,45,14,3,86,35,14
25,73,20,64,65,14,12,61,28,32
7,100,50,99,73,25,99,78,93,20
90,86,90,9,43,34,16,29,12,27
7,18,11,92,19,75,66,19,16,83
25,73,20,13,45,9,12,50,28,73
7,18,11,96,19,64,86,44,47,83
99,37,75,40,79,42,88,51,24,15
25,44,76,13,56,14,78,86,28,32
90,26,90,9,43,33,16,29,19,8
61,5,66,97,53,48,98,4,2,23
90,36,90,9,43,33,16,27,19,27
36,48,77,94,79,10,95,99,13,82
64,100,50,99,73,25,99,23,93,20
7,39,92,96,19,64,91,19,16,97
58,18,92,92,19,25,66,94,79,97
42,5,66,97,53,1,98,4,2,23
58,71,11,92,19,75,66,94,47,97
90,26,90,15,84,33,16,29,19,27
17,37,75,40,79,81,88,51,24,44
61,5,66,97,70,48,98,19,2,70
25,93,76,13,45,14,78,50,28,32
90,36,61,96,84,34,16,27,19,27
25,73,76,64,56,9,78,61,28,73
25,44,20,13,56,14,3,86,35,32
25,73,20,13,65,14,12,86,35,73
73,59,7,72,97,13,5,16,75,89
57,18,11,96,19,25,66,94,79,97
36,60,77,94,23,73,95,99,13,26
12,5,13,28,43,21,76,97,6,4
25,44,20,64,56,9,3,61,35,14
57,39,92,96,19,64,66,94,16,97
99,37,75,79,79,81,88,51,10,44
18,5,66,38,70,99,37,4,2,31
25,44,20,13,56,14,3,61,35,14
25,44,76,64,65,9,78,61,94,73
25,44,20,13,56,9,78,61,28,14
25,73,20,64,45,9,78,61,94,14
25,73,76,64,65,14,12,50,35,32
58,39,92,92,19,64,66,44,16,83
25,93,20,64,65,9,3,61,35,14
73,22,7,72,76,75,5,38,11,83
25,73,76,13,45,9,78,50,35,14
25,73,76,13,45,14,78,86,94,14
25,44,76,13,45,14,3,50,28,14
55,81,63,38,43,99,36,1,42,21
95,76,10,20,33,59,90,91,38,21
7,39,11,96,19,64,91,19,16,97
4,35,30,49,44,73,16,61,49,16
25,73,20,64,65,9,3,50,28,32
58,39,11,96,19,25,66,44,47,97
53,86,61,15,84,34,16,27,19,8
95,63,66,20,33,59,25,91,38,99
7,18,92,96,19,75,91,94,16,83
99,37,75,79,79,81,88,51,24,97
57,39,92,96,19,64,91,44,47,83
57,39,92,92,19,25,86,19,79,83
25,73,20,13,65,9,12,50,35,14
95,93,66,20,33,59,90,91,38,99
53,26,61,15,84,34,16,27,12,27
87,97,9,46,17,95,100,92,40,85
25,73,76,13,45,14,12,86,94,32
25,44,20,13,65,14,12,86,28,73
7,71,92,96,19,64,91,19,47,83
25,73,20,64,65,9,3,50,94,73
99,37,75,40,53,42,88,51,10,44
73,22,7,72,76,75,5,16,11,89
7,39,92,92,19,64,91,94,47,97
53,36,50,9,43,33,16,27,12,27
8,60,77,94,48,10,95,99,13,26
57,18,92,96,19,64,66,94,47,97
25,93,76,64,56,14,3,61,35,73
25,93,20,13,65,14,3,50,28,14
95,93,66,20,33,1,90,91,38,99
25,93,76,13,56,14,78,86,28,32
92,100,50,99,88,25,99,78,93,20
25,93,20,64,65,9,78,50,94,32
8,63,66,20,33,59,90,91,38,37
25,73,20,13,45,14,3,61,28,32
12,5,20,28,48,21,76,97,6,33
53,36,50,9,43,33,16,29,12,8
31,37,75,79,79,42,88,82,24,44
90,36,90,96,84,34,16,29,19,41
25,93,76,13,65,9,3,50,28,14
25,93,76,64,65,14,78,86,28,14
8,93,66,20,33,59,90,91,38,21
45,86,90,9,43,34,16,29,19,27
57,71,11,96,19,64,86,94,79,83
42,5,66,97,53,1,37,96,2,31
42,5,66,97,70,48,98,19,2,23
53,26,61,9,43,33,16,29,12,27
8,60,5,94,23,73,95,95,13,26
73,59,7,72,76,13,5,68,11,83
7,71,11,96,19,64,66,94,47,83
58,39,11,96,19,64,91,44,16,83
25,5,13,44,11,21,76,97,6,6
25,44,76,13,45,9,12,61,94,14
58,71,92,92,19,25,86,19,79,97
58,18,92,92,19,64,66,19,47,83
64,40,50,99,68,25,99,2,99,20
7,40,50,99,73,25,99,2,93,20
25,73,20,64,45,9,12,50,94,14
25,44,20,13,65,14,12,50,35,73
63,22,83,87,59,88,60,26,36,14
25,73,20,13,45,9,3,61,35,14
17,87,91,20,52,72,65,95,46,91
57,39,11,92,19,75,91,44,16,97
16,35,30,14,90,84,3,13,49,16
53,26,61,96,43,33,16,27,12,27
61,5,66,97,53,48,37,4,2,23
55,81,63,38,1,99,95,96,32,42
45,26,50,9,43,33,16,29,12,41
95,93,66,20,33,10,25,91,38,21
7,71,11,96,19,25,66,44,47,83
57,18,11,96,19,75,86,44,79,97
36,48,77,94,23,10,95,95,55,82
25,93,76,64,65,14,12,50,94,14
25,93,20,64,45,14,12,61,94,73
25,93,76,64,65,14,12,86,28,32
57,18,11,92,19,75,91,19,47,97
45,86,90,15,43,33,16,27,19,27
35,91,18,8,78,89,33,89,85,34
58,18,92,92,19,64,91,94,79,83
63,22,91,95,59,88,60,100,36,14
58,71,11,96,19,75,66,94,47,83
25,93,76,64,56,9,3,50,28,73
90,36,90,96,43,33,16,29,19,27
25,73,76,64,65,9,12,50,94,14
33,27,32,15,33,67,8,20,68,48
25,93,76,64,56,14,12,61,28,73
58,71,92,96,19,25,91,19,79,97
73,22,12,72,97,75,5,68,11,83
58,18,92,96,19,75,66,44,16,83
58,18,11,92,19,64,91,44,79,97
16,35,30,14,90,84,96,94,49,16
58,39,92,96,19,25,66,19,79,83
17,37,75,40,79,42,88,40,10,97
25,93,76,64,56,9,3,61,94,32
63,22,83,95,59,88,60,100,32,14
25,73,20,13,65,14,12,86,35,14
8,48,5,94,79,73,95,95,13,82
90,86,61,9,43,34,16,29,12,8
25,44,20,64,65,14,78,50,35,14
25,93,76,13,45,9,3,86,28,32
58,71,11,92,19,25,66,19,79,97
25,44,76,13,65,14,78,50,35,14
25,73,20,13,45,9,78,50,28,73
25,93,76,13,45,9,3,86,35,14
58,18,92,92,19,25,66,44,47,97
25,44,76,13,45,14,78,86,35,73
25,44,20,13,65,14,78,86,94,32
17,87,56,20,52,72,34,95,40,91
25,44,20,64,45,14,78,50,28,32
7,39,92,92,19,64,66,94,16,83
25,73,20,13,65,14,12,86,28,73
53,26,90,96,43,34,16,29,19,41
53,36,61,9,43,34,16,29,19,41
7,18,11,92,19,75,91,19,79,97
25,5,13,28,43,21,76,97,6,33
57,39,92,92,19,64,86,94,16,83
58,18,11,96,19,75,91,44,47,97
25,93,20,64,45,9,3,50,35,32
25,73,20,64,45,14,12,86,94,73
25,44,76,13,45,9,3,61,28,32
61,5,66,38,70,1,37,4,2,23
53,26,50,96,84,34,16,29,19,27
57,39,11,96,19,25,86,94,79,97
25,93,76,13,45,9,78,86,28,73
92,40,50,99,73,25,99,78,93,58
58,76,66,20,33,10,90,91,38,99
25,73,76,64,45,9,3,50,28,73
7,18,92,96,19,64,91,94,16,83
17,87,56,1,52,72,34,95,54,91
7,18,11,96,19,64,66,44,79,83
25,73,76,13,65,14,3,50,28,14
25,44,20,13,56,9,12,61,35,32
25,93,20,13,56,14,12,50,28,14
58,39,92,92,19,25,66,44,47,97
25,93,76,13,56,9,12,86,28,14
58,71,92,96,19,75,91,94,79,97
7,71,92,96,19,25,86,94,79,83
53,36,61,15,43,34,16,27,12,41
45,86,50,15,43,33,16,27,19,8
25,44,76,64,45,9,3,50,28,73
45,86,61,96,43,34,16,29,19,27
45,36,61,15,84,34,16,27,12,41
73,59,12,72,76,75,5,38,11,89
58,71,92,96,19,75,91,44,47,97
31,37,75,79,53,42,88,82,10,97
61,5,66,38,70,48,37,4,2,23
45,86,50,9,43,34,16,27,19,8
7,18,11,92,19,64,86,94,79,83
25,93,76,13,65,14,3,86,94,14
25,44,76,64,56,14,12,61,35,73
58,18,11,92,19,75,91,94,79,83
7,39,11,92,19,75,66,94,47,97
25,44,76,64,56,9,12,61,94,73
45,36,61,9,84,34,16,29,12,27
12,81,63,38,37,99,95,96,32,47
58,18,11,92,19,64,66,19,79,83
90,26,61,9,84,33,16,27,12,27
25,73,20,13,56,9,3,61,94,73
25,93,20,64,65,9,3,86,94,73
25,93,76,13,56,9,3,50,94,14
25,73,76,64,65,9,78,50,28,73
57,18,11,92,19,64,91,94,16,83
58,18,11,92,19,25,66,19,47,83
25,93,76,64,56,14,3,86,35,73
25,93,20,13,45,9,12,50,94,32
12,81,63,38,1,99,95,1,42,21
57,18,11,92,19,64,66,44,16,83
53,36,90,9,84,34,16,29,19,41
57,71,11,92,19,75,91,94,47,97
7,71,11,96,19,25,86,44,79,97
25,44,76,13,65,14,3,61,94,73
25,44,76,64,65,14,78,86,35,14
25,93,76,13,65,14,78,86,94,14
25,93,20,13,45,14,12,50,28,14
58,18,11,92,19,75,91,19,79,83
45,26,50,15,84,34,16,29,19,27
7,71,11,96,19,75,91,19,47,97
90,36,61,96,84,33,16,29,19,8
25,93,20,64,45,14,78,61,28,14
7,71,11,92,19,75,91,44,47,97
57,39,11,92,19,75,66,44,47,83
57,39,92,96,19,75,66,19,16,97
35,75,18,21,78,89,39,89,85,34
61,5,66,97,70,48,98,96,2,70
57,39,92,96,19,75,66,44,16,97
90,36,61,15,84,33,16,27,12,27
58,18,11,92,19,25,66,94,16,83
16,35,30,14,44,84,3,94,49,7
53,36,50,15,84,34,16,29,19,8
25,73,76,64,65,14,3,50,28,14
57,39,11,96,19,75,86,94,47,97
7,39,11,96,19,64,66,94,16,97
58,18,11,96,19,25,66,19,16,83
25,73,20,13,45,9,78,50,28,14
90,86,61,15,84,34,16,29,12,8
25,93,76,13,45,14,3,50,94,32
25,44,20,64,56,9,78,50,35,73
25,73,20,13,56,14,78,86,94,32
25,93,20,13,45,9,78,50,35,32
7,18,11,96,19,64,66,19,16,83
7,18,92,96,19,75,91,19,47,97
57,18,11,92,19,75,86,44,16,97
53,26,90,96,43,33,16,27,12,27
92,100,50,66,88,25,99,23,99,20
8,76,66,20,33,1,90,91,38,99
57,18,92,96,19,64,86,44,79,97
25,44,76,13,45,9,78,86,35,14
16,35,30,49,44,73,16,61,49,7
61,5,66,38,70,1,98,96,2,31
90,86,90,9,84,34,16,29,19,8
16,35,30,49,90,73,16,94,49,7
25,73,76,13,65,14,12,61,28,73
7,39,11,92,19,75,86,19,79,83
7,71,11,96,19,64,66,94,16,83
57,71,11,96,19,75,66,19,79,97
58,71,92,92,19,64,91,94,47,97
7,71,92,96,19,75,86,44,79,97
57,18,92,92,19,75,86,19,16,83
7,39,11,92,19,25,86,94,47,97
57,39,92,92,19,75,66,19,79,83
7,40,50,66,88,25,99,23,99,20
90,86,90,15,84,33,16,27,19,41
57,71,11,92,19,25,86,94,16,83
33,27,32,91,25,7,79,20,68,71
53,36,50,15,84,34,16,27,19,41
92,100,50,66,73,25,99,23,93,20
45,26,90,9,84,33,16,27,19,27
57,39,92,96,19,64,66,94,47,83
25,93,20,64,65,9,3,50,28,73
25,93,76,13,56,9,78,50,94,73
53,36,61,9,43,33,16,27,19,27
92,100,50,99,68,25,99,23,6,58
64,100,50,66,73,25,99,23,93,20
8,60,5,94,79,73,95,99,55,82
25,44,20,64,65,9,78,61,28,14
58,39,92,92,19,25,66,44,47,83
25,73,76,64,45,14,12,86,28,32
90,26,90,9,84,33,16,29,12,8
25,73,76,64,65,14,78,61,35,32
61,5,66,38,53,1,98,4,2,31
73,22,12,72,97,75,5,38,75,89
73,59,12,72,97,13,5,16,75,89
57,18,11,96,19,75,91,44,47,83
25,44,76,13,65,14,78,50,94,14
25,93,20,13,45,9,78,86,28,14
61,5,66,97,70,99,98,4,2,23
7,39,11,92,19,75,86,94,16,83
25,93,20,13,65,14,78,50,94,14
50,91,18,77,78,89,33,89,85,34
25,73,20,64,65,14,78,86,35,73
7,71,11,92,19,25,66,19,47,97
73,10,90,72,76,13,5,68,11,89
25,44,20,64,56,14,3,86,28,14
7,18,92,96,19,25,86,19,79,83
25,73,20,13,65,9,12,61,94,32
25,73,76,64,45,9,78,86,28,73
25,44,76,64,45,14,12,50,28,32
8,60,5,94,23,10,95,95,13,24
25,93,76,13,65,14,12,61,35,73
25,73,20,64,65,14,12,50,35,14
58,71,92,96,19,64,66,94,16,83
25,93,76,64,56,14,12,50,28,14
99,37,75,40,53,81,88,82,10,44
90,86,61,15,84,33,16,27,19,8
99,37,75,40,53,42,88,40,24,44
18,5,66,38,70,1,98,4,2,31
25,93,76,13,56,14,3,61,94,73
61,5,66,38,53,99,37,19,2,31
58,39,92,92,19,75,91,94,47,83
25,44,76,64,65,9,12,50,94,73
58,71,92,92,19,64,66,44,47,97
25,93,76,13,56,14,3,61,94,32
31,37,75,40,52,81,88,51,10,97
58,18,92,96,19,64,66,44,47,83
90,36,61,15,84,34,16,27,12,27
63,22,91,95,59,88,67,26,32,14
25,93,20,13,65,14,78,61,35,32
90,86,90,15,84,34,16,29,19,41
31,37,75,40,79,81,88,51,10,44
7,71,11,92,19,75,86,94,79,83
25,93,76,64,56,9,78,86,94,14
16,35,30,14,44,84,16,61,49,16
25,93,20,64,56,9,3,61,35,32
25,73,76,13,56,14,3,86,28,32
25,73,20,64,45,9,3,61,94,14
7,18,11,96,19,25,66,19,79,83
25,73,20,64,56,14,78,50,28,73
92,40,50,99,88,25,99,2,99,58
25,93,76,13,45,14,12,86,94,73
25,93,20,64,56,9,3,50,35,32
99,37,75,79,79,42,88,40,24,44
25,93,20,13,65,9,12,50,28,32
57,39,92,92,19,75,91,44,47,83
99,37,75,79,52,42,88,82,10,44
7,40,50,66,68,25,99,78,99,58
99,37,75,79,79,42,88,51,10,15
58,71,92,96,19,75,91,44,47,83
25,93,76,13,56,9,3,86,28,73
7,18,92,96,19,64,66,19,16,83
64,40,50,66,88,25,99,2,99,58
17,87,56,20,52,72,57,95,40,91
16,35,30,14,90,84,16,61,49,7
25,93,76,64,45,14,12,50,35,73
53,26,61,9,43,33,16,29,12,8
7,18,92,96,19,64,66,44,47,83
57,39,92,92,19,64,91,19,79,97
4,35,30,14,44,31,16,61,49,16
7,18,92,96,19,75,86,19,47,83
12,81,63,38,1,99,36,96,42,47
58,39,11,96,19,75,86,44,79,97
45,26,90,9,43,33,16,29,12,41
17,37,75,79,79,42,88,40,24,15
58,18,92,96,19,64,91,44,16,97
25,73,20,13,65,14,3,86,35,73
25,73,76,13,65,9,78,61,35,32
45,36,90,9,84,33,16,29,19,8
7,39,92,92,19,75,66,94,47,83
25,44,76,13,56,9,12,50,35,14
7,71,92,96,19,75,66,94,47,83
57,18,11,92,19,25,91,19,47,83
58,39,92,92,19,75,66,44,79,83
25,44,20,64,56,9,3,86,94,73
31,37,75,40,53,42,88,82,10,15
64,100,50,99,73,25,99,78,93,20
57,39,11,92,19,25,91,94,47,83
90,86,61,15,43,33,16,27,19,27
7,71,11,96,19,25,66,19,79,97
25,44,20,13,45,9,12,50,35,32
57,18,11,92,19,64,91,44,47,97
25,73,76,13,56,14,78,86,35,73
57,71,92,96,19,25,86,94,47,97
25,44,76,13,65,9,78,50,35,73
53,36,90,96,84,33,16,29,19,8
25,93,20,64,56,9,12,61,28,73
25,73,76,64,56,14,12,61,94,73
25,93,20,13,65,9,3,86,94,14
45,36,50,96,84,34,16,27,12,8
25,93,20,13,56,14,3,86,94,73
92,40,50,66,73,25,99,2,99,20
58,71,11,96,19,25,91,44,16,83
25,44,20,13,56,14,78,61,94,32
25,93,20,64,65,9,78,50,94,14
7,18,11,96,19,64,91,19,16,83
45,26,61,15,84,33,16,29,12,27
90,36,90,15,43,34,16,29,12,41
58,71,92,96,19,64,66,94,47,83
45,26,61,96,84,34,16,29,12,27
16,35,30,14,90,31,3,94,49,16
25,44,76,64,56,14,12,86,94,14
57,39,11,92,19,75,86,44,47,97
25,44,20,13,45,9,3,61,35,73
58,39,11,96,19,25,86,44,47,97
73,22,7,72,97,13,5,68,11,89
99,37,75,79,52,81,88,40,24,15
53,36,61,9,84,34,16,29,12,41
4,35,30,14,90,84,3,61,49,7
25,44,76,64,56,14,12,61,28,14
57,39,11,92,19,64,66,44,16,97
45,36,90,9,43,34,16,29,19,27
45,86,61,96,84,33,16,27,12,41
25,93,76,13,56,9,78,61,28,14
12,81,63,38,37,49,95,96,42,21
55,81,63,38,1,99,36,1,42,42
12,5,20,28,43,21,76,97,6,33
25,93,20,64,65,14,12,86,35,32
25,93,76,64,65,9,3,86,35,32
25,93,20,64,56,14,12,50,35,14
4,35,30,14,44,84,16,61,49,7
25,73,76,64,56,9,3,61,28,14
8,60,5,94,23,73,95,95,55,26
64,100,50,66,68,25,99,78,93,20
25,73,76,13,56,14,3,50,35,32
45,36,61,9,84,34,16,27,19,8
25,44,76,13,65,14,78,50,28,32
4,35,30,14,44,84,16,13,49,7
17,37,75,79,52,81,88,51,24,15
90,26,50,96,84,34,16,29,19,8
58,71,92,92,19,25,66,19,47,97
58,39,92,92,19,64,91,19,16,97
25,93,20,64,56,9,12,86,28,32
69,97,71,46,17,16,78,92,40,85
58,18,92,92,19,75,91,19,47,97
25,93,20,64,65,9,12,50,35,14
45,86,61,96,84,33,16,29,12,41
25,93,20,13,45,14,3,86,28,73
58,18,92,96,19,75,66,94,47,83
25,44,20,13,45,9,78,86,94,32
50,75,18,21,78,89,92,89,36,34
25,73,20,64,56,14,3,86,94,73
45,86,90,96,43,33,16,29,19,27
90,36,90,9,84,33,16,29,19,27
58,71,11,96,19,25,86,19,47,83
25,44,20,64,65,14,12,86,94,14
25,44,20,64,45,14,12,86,94,73
25,93,76,13,45,14,78,86,28,32
42,5,66,38,53,99,37,96,2,31
58,39,92,96,19,75,91,44,79,83
25,73,76,13,45,14,3,50,28,73
55,81,63,38,43,49,95,96,42,47
45,26,61,15,43,34,16,27,12,8
45,26,90,9,84,34,16,29,19,27
57,18,11,92,19,64,66,44,47,83
53,86,61,15,84,33,16,27,12,8
33,27,32,91,33,48,8,20,68,48
25,93,20,13,45,9,3,50,35,32
25,93,20,64,56,14,3,61,94,73
57,71,11,92,19,75,66,94,79,97
57,18,11,92,19,25,86,19,47,83
25,93,76,13,65,14,3,61,94,14
25,44,76,64,56,9,12,86,35,73
64,40,50,66,73,25,99,2,6,20
25,73,76,13,56,14,12,61,28,73
25,93,76,64,56,9,12,61,35,73
25,44,76,64,65,14,12,61,35,32
7,18,92,96,19,64,91,44,47,83
90,86,50,15,43,33,16,27,12,8
42,5,66,38,70,48,37,96,2,31
53,26,61,96,43,33,16,29,12,8
58,71,11,96,19,75,91,44,16,97
55,81,63,38,43,49,36,96,42,21
58,71,92,96,19,25,86,44,16,83
25,73,76,13,56,14,3,50,94,32
90,36,90,9,43,34,16,29,12,41
17,60,62,1,52,72,34,95,46,91
17,37,75,79,79,81,88,82,10,97
57,18,11,96,19,75,86,94,47,97
7,71,11,96,19,25,86,44,47,97
90,26,50,15,43,34,16,27,12,41
12,5,13,28,11,21,98,97,6,33
25,93,76,64,56,9,12,50,94,32
7,39,11,96,19,64,86,94,16,83
53,86,50,9,84,33,16,27,19,27
53,26,90,96,43,34,16,27,19,8
25,73,20,13,56,14,78,50,35,73
56,81,63,38,1,99,95,1,42,21
25,73,20,13,56,9,3,50,35,32
7,71,11,96,19,64,86,19,47,83
25,44,20,64,65,9,3,86,35,73
25,73,76,64,45,9,3,86,94,14
57,39,92,92,19,64,91,94,79,97
53,86,61,9,43,34,16,29,12,27
17,87,91,20,52,72,34,95,46,91
61,5,66,38,70,1,98,4,2,23
53,36,61,96,84,33,16,27,12,41
25,73,20,13,45,9,78,86,35,73
53,26,61,96,43,33,16,27,12,41
45,86,50,15,84,33,16,27,19,8
25,44,20,64,56,9,12,86,28,73
17,87,56,1,52,72,34,100,54,91
57,39,11,96,19,25,91,94,16,97
25,44,20,13,45,9,12,50,28,14
42,5,66,38,53,48,37,19,2,31
45,26,61,96,43,34,16,29,12,8
8,63,10,20,33,59,90,91,38,37
7,39,92,92,19,75,66,19,16,97
73,10,7,72,97,13,5,68,75,83
90,26,61,9,84,33,16,27,19,8
25,93,20,64,65,14,78,61,35,14
58,71,92,96,19,75,91,19,47,97
7,39,92,92,19,75,86,94,47,83
57,71,11,96,19,75,86,19,16,97
25,93,76,64,65,14,78,86,35,14
25,44,76,13,65,9,78,61,94,73
90,26,61,96,84,33,16,29,12,8
18,5,66,97,53,1,98,96,2,31
73,59,90,72,97,75,5,16,75,83
64,40,50,99,73,25,99,23,93,58
73,59,7,72,76,75,5,38,75,89
90,26,90,15,84,33,16,27,12,8
7,71,92,96,19,75,66,94,79,83
25,93,20,13,45,9,78,50,28,73
73,22,90,72,97,13,5,16,11,83
25,44,76,64,45,9,12,50,94,32
25,93,76,64,45,14,12,61,28,32
12,81,63,38,1,99,95,96,42,42
42,5,66,97,53,48,37,19,2,70
25,73,76,64,56,9,78,61,94,14
25,44,76,64,45,14,12,61,35,14
17,94,26,75,21,76,33,59,75,66
53,86,61,9,43,33,16,27,19,8
58,39,92,92,19,75,91,19,16,83
90,26,61,96,43,34,16,27,12,8
56,81,63,38,37,99,95,1,32,42
25,93,76,64,45,14,78,61,28,14
25,44,20,64,56,9,78,50,28,14
57,18,92,96,19,75,66,94,47,97
25,73,76,64,56,9,12,50,94,32
25,93,20,64,45,9,3,50,28,14
25,44,76,13,65,14,3,50,28,73
53,86,61,9,43,34,16,27,12,8
35,75,18,77,78,89,92,89,36,34
75,27,32,15,33,48,8,20,68,71
25,93,20,64,45,14,3,61,35,73
12,81,63,38,37,99,95,96,32,21
25,73,76,64,45,9,78,61,35,73
25,93,76,64,65,9,78,86,28,32
45,36,90,15,84,34,16,29,12,27
25,93,20,64,45,9,3,86,94,73
25,93,76,64,65,14,3,50,94,73
7,39,11,92,19,25,86,44,16,97
64,40,50,99,68,25,99,2,93,20
25,44,76,13,56,9,3,86,28,32
57,18,11,96,19,25,86,19,79,97
57,18,11,96,19,25,66,44,47,83
25,73,20,64,56,9,12,61,94,14
73,22,12,72,97,75,5,68,75,89
16,35,30,49,90,31,16,13,49,16
42,5,66,38,53,99,37,19,2,23
25,93,20,13,45,14,12,86,94,32
56,81,63,38,37,99,95,96,32,47
90,26,90,9,43,34,16,27,12,27
25,93,20,13,56,14,78,86,94,73
25,44,76,13,45,14,3,50,94,14
25,44,20,64,45,9,12,61,28,73
25,73,76,64,45,9,12,86,35,73
25,73,76,64,45,14,12,61,94,73
45,86,90,96,84,34,16,29,19,27
25,73,76,64,65,14,78,50,94,32
7,18,92,96,19,64,91,44,16,97
25,44,76,64,56,14,12,50,28,73
25,44,20,13,65,9,12,86,28,32
45,86,61,9,43,33,16,29,12,41
25,73,20,64,65,14,3,50,94,73
53,86,50,15,84,33,16,27,19,27
58,18,11,96,19,25,86,94,79,97
90,36,50,96,43,34,16,27,12,27
25,73,20,64,56,14,12,50,94,32
17,60,62,20,52,72,34,100,54,91
25,73,20,13,65,14,3,50,35,14
64,40,50,66,88,25,99,23,6,20
7,71,92,96,19,75,91,19,16,83
25,73,76,13,56,9,12,50,28,14
53,36,50,15,43,33,16,29,12,41
33,27,32,15,25,67,8,20,68,71
25,93,76,64,65,14,3,50,35,14
53,86,90,9,84,34,16,27,12,27
25,73,76,64,45,14,78,61,35,73
25,73,20,13,56,14,78,86,28,14
7,39,92,96,19,25,86,94,47,97
53,86,50,9,43,34,16,29,12,8
25,93,76,64,45,14,3,50,28,14
58,76,66,20,33,1,25,91,38,37
7,39,11,92,19,64,66,19,79,97
58,18,92,96,19,25,91,94,47,97
7,71,11,92,19,75,91,94,47,83
25,44,76,64,45,14,78,61,35,73
17,60,91,1,52,72,34,100,54,91
7,18,92,92,19,25,66,19,79,97
7,39,92,96,19,64,91,94,47,97
7,18,11,92,19,75,91,19,47,83
58,18,11,96,19,64,91,44,16,97
73,59,7,72,97,13,5,16,11,89
57,39,11,92,19,75,86,94,16,83
57,18,11,96,19,64,91,44,16,97
25,44,76,64,56,14,12,86,28,73
7,71,11,92,19,25,91,44,16,83
25,73,20,64,65,14,3,61,35,32
25,73,20,64,56,14,3,86,35,14
17,87,91,1,52,72,34,95,54,91
90,86,61,96,84,34,16,27,19,41
61,5,66,97,53,99,37,19,2,31
25,93,20,13,56,14,12,61,94,73
25,93,76,13,45,9,78,50,94,32
45,86,61,15,84,34,16,27,19,8
63,22,91,95,59,88,61,26,36,14
18,5,66,38,70,99,37,19,2,23
53,86,61,9,43,33,16,29,12,8
90,26,50,9,43,33,16,29,12,41
57,18,92,92,19,25,66,44,79,97
61,5,66,97,70,48,98,4,2,70
57,71,11,96,19,75,66,19,16,97
25,93,20,64,65,14,12,50,35,73
31,37,75,40,52,81,88,40,24,44
58,39,11,96,19,64,66,19,16,97
58,71,92,96,19,25,66,94,16,83
25,44,76,64,45,14,78,61,35,14
25,44,20,64,65,9,78,61,94,32
25,44,20,64,56,14,78,86,28,14
7,39,11,96,19,25,66,44,79,97
57,39,11,96,19,75,66,44,16,97
17,37,75,79,79,42,88,40,10,44
25,93,76,64,56,9,12,86,94,73
8,93,66,20,33,59,25,91,38,21
58,39,92,96,19,64,86,44,47,97
25,73,76,13,65,9,78,50,94,32
57,18,92,96,19,25,66,94,16,97
25,44,20,13,45,9,12,50,35,14
31,37,75,40,52,81,88,82,10,44
58,71,92,96,19,64,91,44,16,97
25,44,20,64,65,9,3,86,35,32
7,18,11,92,19,75,86,94,16,83
25,44,20,13,56,14,78,50,28,32
58,18,11,96,19,64,86,44,47,83
4,35,30,14,44,31,96,61,49,7
7,39,92,92,19,25,91,94,47,97
25,73,76,64,56,14,3,86,28,32
55,81,63,38,1,49,95,96,42,21
25,73,76,13,65,14,12,86,94,73
31,37,75,79,52,42,88,82,10,97
90,86,50,15,43,34,16,29,12,8
25,44,76,13,65,14,78,61,28,73
53,26,61,15,84,34,16,27,19,27
92,40,50,99,88,25,99,78,93,58
58,18,11,96,19,75,91,94,16,83
25,93,76,13,56,14,3,50,94,14
7,18,11,96,19,64,91,94,79,83
25,44,20,13,45,9,78,50,94,32
57,39,92,96,19,64,66,19,79,83
57,71,11,96,19,75,91,94,16,83
25,73,76,64,56,14,78,50,28,32
57,18,11,96,19,25,86,19,16,83
45,36,90,96,43,33,16,29,19,8
25,73,76,64,56,9,78,61,28,32
95,76,66,20,33,59,25,91,38,37
7,39,92,96,19,64,91,19,79,97
25,93,20,13,56,9,3,50,94,14
25,5,13,28,48,21,76,97,6,6
53,26,90,96,43,34,16,27,12,27
53,86,61,96,43,34,16,27,12,8
45,86,90,15,43,34,16,27,12,8
25,73,20,64,56,14,3,50,28,14
57,39,92,96,19,64,66,19,47,97
7,39,92,96,19,75,86,19,16,97
73,22,7,72,76,13,5,16,75,89
53,26,61,15,43,34,16,27,12,41
25,44,20,64,56,9,3,61,35,73
42,5,66,38,70,1,37,96,2,23
53,86,90,15,84,33,16,27,12,8
42,5,66,97,53,99,37,19,2,23
7,39,11,96,19,25,91,94,79,83
8,60,77,94,23,10,95,99,13,82
16,35,30,49,90,73,96,61,49,16
25,73,76,64,56,9,12,86,35,14
53,86,61,9,84,33,16,29,19,8
8,60,5,94,23,73,95,95,55,24
45,26,50,15,84,33,16,29,12,27
42,5,66,97,70,48,37,96,2,70
45,86,61,15,43,33,16,27,12,8
35,75,18,77,78,89,33,89,85,34
25,73,76,13,65,14,3,61,94,73
57,39,11,96,19,75,91,44,47,83
25,93,76,13,45,14,3,61,35,32
53,36,50,96,84,33,16,29,12,27
25,93,76,13,56,14,12,86,35,14
58,18,11,96,19,25,66,44,47,97
53,36,61,96,43,33,16,29,19,8
7,39,11,96,19,64,66,44,47,97
25,44,76,64,65,14,3,50,94,32
16,35,30,49,90,73,16,61,49,7
25,5,20,28,43,21,98,97,6,4
25,93,20,64,45,14,3,61,28,14
73,59,7,72,97,75,5,16,75,83
58,18,11,96,19,25,66,44,47,83
45,36,50,96,43,34,16,29,19,8
57,39,11,96,19,64,66,94,79,83
58,39,11,96,19,25,91,44,47,97
25,93,20,64,56,14,3,50,94,73
36,48,77,94,48,10,95,95,55,24
7,39,92,92,19,75,86,19,79,97
90,86,90,9,43,34,16,27,12,27
58,39,92,92,19,25,91,19,47,83
90,86,50,9,43,33,16,29,12,41
57,71,92,92,19,25,66,44,16,83
58,18,11,96,19,75,91,94,16,97
58,18,11,96,19,75,86,19,16,97
25,73,20,64,56,9,3,61,28,32
90,36,50,15,84,34,16,29,19,8
58,39,11,96,19,75,86,44,16,83
25,93,20,13,45,9,12,50,35,14
7,40,50,99,88,25,99,23,99,58
45,86,61,15,43,33,16,29,19,8
25,93,20,13,65,9,3,50,35,73
7,18,11,96,19,75,91,94,47,97
7,39,11,92,19,25,91,44,16,83
57,18,11,92,19,25,66,44,79,97
25,93,20,13,65,9,12,61,28,32
25,73,76,64,65,9,3,50,94,14
25,44,76,13,56,9,78,50,28,14
25,93,76,13,56,14,78,86,28,73
4,35,30,49,90,73,96,94,49,16
75,27,32,91,25,7,8,20,68,48
25,93,20,64,56,14,12,86,94,14
7,71,11,96,19,75,86,94,47,83
25,73,76,64,45,9,78,50,94,32
73,22,7,72,97,13,5,68,11,83
25,73,76,64,56,14,12,50,35,32
90,86,50,15,43,33,16,27,19,41
25,73,20,13,45,14,78,86,28,32
90,36,90,9,84,34,16,27,12,27
25,93,20,64,45,14,3,61,94,32
7,39,92,92,19,75,86,19,47,83
25,93,20,64,56,9,12,50,28,32
58,71,11,92,19,25,66,44,79,83
7,18,11,92,19,25,91,94,79,97
57,71,92,96,19,75,66,94,16,83
25,93,20,13,45,9,3,61,94,73
92,100,50,99,88,25,99,2,99,58
90,26,61,96,84,34,16,29,12,27
25,44,20,64,45,9,78,50,35,73
53,86,61,15,43,33,16,27,12,8
53,26,90,15,84,33,16,27,12,27
57,18,92,92,19,64,66,94,16,97
45,86,90,15,43,34,16,27,12,27
25,93,20,64,65,9,3,86,94,32
7,18,92,96,19,64,91,19,47,97
58,39,11,96,19,64,86,44,16,97
95,76,66,20,33,59,90,91,38,21
92,40,50,66,88,25,99,78,99,20
7,39,92,96,19,75,91,19,79,97
7,18,92,96,19,25,91,44,16,83
25,44,20,64,45,9,12,50,35,32
58,18,11,96,19,75,91,19,16,97
12,81,63,38,1,49,95,96,42,47
12,81,63,38,1,49,95,1,32,42
55,81,63,38,43,99,95,96,42,47
17,37,75,79,52,42,88,82,24,15
17,37,75,79,79,81,88,82,24,15
7,39,92,96,19,25,91,19,16,83
25,73,20,64,56,14,78,50,94,73
25,44,76,64,45,14,3,50,28,14
57,39,11,92,19,64,91,94,16,97
12,81,63,38,43,49,36,96,42,42
57,39,92,92,19,64,66,94,16,97
25,44,76,64,56,14,12,61,28,73
90,86,61,96,84,33,16,27,19,27
45,26,50,15,84,33,16,29,19,41
56,81,63,38,1,49,95,96,42,47
25,44,76,64,65,9,3,61,28,32
53,86,61,96,84,33,16,27,12,8
25,93,20,64,45,9,3,50,35,14
17,37,75,79,79,42,88,51,10,44
36,48,5,94,48,73,95,99,13,82
73,10,12,72,97,13,5,16,75,89
58,39,92,92,19,64,91,94,47,97
25,73,20,13,65,9,3,61,94,14
45,86,50,96,43,34,16,27,12,27
25,44,20,64,45,9,78,50,28,32
25,93,76,64,56,14,3,50,35,73
25,73,76,64,65,14,3,86,35,14
55,81,63,38,43,49,36,1,42,21
25,93,20,64,65,9,12,50,28,32
90,36,90,15,84,33,16,27,12,8
8,60,77,94,79,10,95,99,55,82
7,18,11,92,19,75,91,44,79,97
25,73,20,64,45,9,78,50,94,73
7,18,92,96,19,25,66,19,16,97
53,36,50,96,43,33,16,29,12,41
12,81,63,38,43,49,95,96,32,21
90,86,61,9,43,34,16,27,12,27
36,48,5,94,48,73,95,95,13,24
53,36,90,9,84,34,16,27,19,8
58,39,11,96,19,75,66,19,16,97
7,39,11,92,19,64,91,94,79,83
45,86,90,9,43,34,16,27,12,27
57,71,92,96,19,25,91,44,47,97
7,71,11,96,19,25,91,19,16,97
53,26,61,96,43,34,16,27,19,41
25,44,20,64,45,14,12,61,28,14
7,39,11,96,19,75,66,94,47,83
57,71,11,96,19,25,91,19,79,97
12,81,63,38,1,99,95,1,32,47
8,60,5,94,23,10,95,99,13,24
57,39,11,92,19,75,91,94,79,83
7,39,92,92,19,75,66,44,79,97
56,81,63,38,43,99,36,96,42,42
90,26,61,9,84,34,16,29,12,27
25,73,20,13,45,9,78,61,28,14
53,36,61,9,43,33,16,27,12,27
7,39,92,96,19,25,66,44,16,83
35,75,18,77,78,89,39,89,85,34
25,73,20,64,65,9,12,61,28,73
58,71,11,96,19,64,86,19,47,97
53,86,50,9,43,34,16,27,19,41
58,39,92,92,19,75,91,94,16,97
25,44,20,13,65,9,78,86,28,14
57,39,11,96,19,75,66,94,47,83
17,60,56,20,52,72,34,95,54,91
73,59,7,72,97,75,5,68,11,89
57,71,11,96,19,75,66,19,79,83
45,86,50,15,84,33,16,29,19,41
64,40,50,99,88,25,99,23,93,20
57,39,92,96,19,25,86,94,16,97
25,93,20,13,45,14,78,86,94,14
57,18,11,96,19,64,86,44,47,97
25,5,20,44,43,21,76,97,6,6
57,18,92,92,19,25,91,19,79,83
7,71,92,96,19,25,66,19,47,83
16,35,30,14,44,31,3,13,49,16
57,71,92,92,19,75,86,19,16,83
36,60,5,94,79,73,95,99,13,26
58,18,11,96,19,64,66,44,47,97
53,26,61,96,84,33,16,29,19,8
57,71,11,92,19,25,86,44,16,83
31,37,75,40,52,42,88,51,24,15
53,36,90,9,84,33,16,27,12,41
7,39,92,92,19,64,91,44,79,83
42,5,66,38,70,99,37,4,2,31
25,93,20,64,45,14,12,50,35,73
25,73,76,64,45,14,78,86,94,73
25,93,20,13,56,9,12,86,94,32
90,26,90,96,43,33,16,29,19,27
58,71,92,96,19,75,86,94,47,83
57,71,92,96,19,64,66,19,16,83
25,93,76,13,65,9,3,50,94,73
25,93,20,64,56,9,3,50,28,73
25,44,76,64,65,14,3,61,94,32
7,39,92,96,19,64,66,94,47,83
25,5,13,28,43,21,98,97,6,33
58,18,11,92,19,75,91,44,79,97
25,73,76,64,45,14,3,50,94,14
92,100,50,99,68,25,99,2,99,58
25,93,76,13,45,9,12,86,94,73
57,71,11,96,19,75,86,94,47,97
18,5,66,97,53,1,37,19,2,31
53,36,90,96,84,34,16,27,12,8
57,18,11,92,19,25,66,94,16,97
25,73,20,13,65,14,3,86,28,32
25,93,20,13,65,14,12,86,28,73
7,39,11,92,19,64,86,19,79,83
25,5,20,44,11,21,76,97,6,33
45,36,50,96,43,34,16,29,19,27
57,71,92,92,19,64,91,44,79,83
57,39,92,96,19,64,91,94,79,97
25,73,20,13,45,14,3,61,94,32
25,44,20,64,45,9,12,86,94,32
58,18,11,96,19,75,66,19,47,83
16,35,30,49,44,84,96,13,49,7
57,18,92,96,19,75,91,19,47,97
7,18,92,96,19,64,66,19,79,83
45,36,50,9,43,33,16,29,19,27
61,5,66,38,70,99,98,4,2,23
45,26,90,9,84,33,16,27,19,41
58,18,11,92,19,64,86,44,16,83
90,26,61,15,43,34,16,27,19,27
92,40,50,66,68,25,99,2,6,58
17,37,75,79,52,81,88,82,24,15
31,37,75,79,79,42,88,82,10,97
25,44,76,64,65,14,12,50,35,14
50,94,18,8,78,89,33,89,85,34
8,76,66,20,33,10,25,91,38,99
16,35,30,49,44,73,96,13,49,16
25,93,20,13,56,9,78,61,94,73
12,5,13,44,48,21,98,97,6,33
17,60,56,67,52,72,57,100,54,91
58,71,11,92,19,75,91,44,47,83
25,44,76,64,65,9,3,50,35,73
25,93,76,64,56,9,78,61,35,32
57,71,92,92,19,25,86,94,79,83
25,93,20,13,65,14,12,86,94,14
55,81,63,38,37,99,95,1,42,47
69,97,71,46,39,95,78,92,40,85
7,71,92,92,19,25,66,19,16,83
12,5,13,28,48,21,98,97,6,4
25,73,20,64,65,9,3,61,94,73
57,71,92,96,19,25,86,44,16,97
53,36,61,96,84,34,16,27,12,41
57,71,11,92,19,64,91,94,16,97
25,44,76,13,45,9,78,61,94,73
73,59,12,72,97,13,5,38,11,89
45,36,90,96,84,33,16,27,12,8
7,71,11,96,19,64,66,19,79,97
25,73,20,64,65,9,12,50,28,32
7,39,92,96,19,64,86,94,79,83
90,26,50,15,43,34,16,27,19,41
17,60,91,67,52,72,34,100,40,91
7,71,11,92,19,75,66,44,47,83
25,73,20,13,65,9,78,61,94,32
53,26,50,96,43,34,16,29,19,27
25,73,76,64,56,9,3,61,35,32
25,73,76,13,45,9,78,50,94,73
53,26,90,9,84,33,16,29,12,8
17,37,75,40,52,42,88,40,24,15
7,39,92,92,19,64,91,19,79,97
25,5,13,44,48,21,76,97,6,4
18,5,66,38,53,48,37,19,2,31
55,81,63,38,1,49,95,1,32,47
25,93,76,13,56,14,78,61,94,73
58,63,66,20,33,1,25,91,38,37
36,60,77,94,48,73,95,99,13,26
90,26,50,15,84,34,16,29,12,41
16,35,30,49,44,73,3,61,49,7
45,26,90,15,84,33,16,27,19,41
64,40,50,99,73,25,99,2,99,58
57,71,92,96,19,25,91,44,16,97
58,18,11,96,19,25,91,19,79,83
75,27,32,15,25,48,8,20,68,48
25,93,20,64,56,14,3,86,35,14
25,73,20,13,65,14,12,61,35,14
7,18,92,92,19,64,86,44,47,97
90,86,50,9,84,34,16,27,12,8
25,73,20,64,45,9,12,86,28,32
7,18,11,92,19,75,91,94,79,83
90,26,90,15,84,34,16,29,12,8
25,44,20,13,45,9,78,50,28,73
58,93,10,20,33,1,25,91,38,99
25,73,20,13,56,14,12,61,35,73
58,39,92,92,19,75,91,44,47,97
25,73,76,13,45,9,12,50,94,73
58,39,11,92,19,75,66,44,47,97
90,36,50,9,43,34,16,29,19,41
7,39,11,96,19,25,86,19,47,83
8,63,66,20,33,1,90,91,38,99
45,86,61,15,43,34,16,29,19,27
25,93,76,13,45,9,12,61,94,32
25,5,20,44,48,21,76,97,6,4
17,87,62,67,52,72,34,100,54,91
7,39,92,92,19,25,66,44,47,97
33,27,32,65,33,48,8,20,68,71
25,73,20,64,65,9,12,50,94,14
45,86,50,9,43,33,16,27,19,27
95,63,66,20,33,59,90,91,38,21
73,10,90,72,76,75,5,16,11,83
25,73,76,64,65,9,3,61,28,32
58,71,92,96,19,25,86,94,79,83
58,39,11,92,19,25,86,44,79,97
53,36,50,96,84,33,16,27,19,8
25,44,76,13,65,14,3,61,94,14
58,18,92,92,19,25,66,19,16,97
57,71,11,96,19,25,86,19,79,83
25,93,76,64,56,9,3,61,35,32
57,39,11,96,19,75,86,19,79,97
17,60,62,20,52,72,34,95,46,91
92,40,50,99,68,25,99,2,93,20
57,18,11,96,19,75,91,19,16,97
25,93,20,13,65,9,78,50,28,32
4,35,30,14,44,84,96,13,49,16
8,48,5,94,23,10,95,95,55,24
73,22,7,72,97,13,5,68,75,89
45,86,61,9,43,34,16,27,19,8
45,26,90,96,84,33,16,29,12,8
63,22,83,87,59,88,61,100,36,83
58,71,92,92,19,75,66,94,16,97
25,44,20,13,65,9,78,86,28,32
25,44,76,64,45,9,3,61,28,73
25,93,76,13,56,14,3,61,94,14
17,94,86,75,21,76,33,59,75,66
25,73,20,13,45,14,78,61,35,14
90,36,50,15,43,34,16,27,19,41
25,93,20,13,45,9,3,50,94,73
55,81,63,38,43,49,95,1,42,21
58,71,11,96,19,75,66,94,16,97
58,39,11,96,19,64,66,94,47,97
25,73,76,13,45,9,3,50,35,32
31,37,75,79,52,42,88,51,24,97
7,71,92,92,19,64,86,94,47,97
25,5,13,44,11,21,98,97,6,33
90,36,50,96,84,33,16,29,19,41
25,93,76,64,65,14,78,86,35,73
7,100,50,66,68,25,99,2,99,20
45,86,50,96,84,33,16,27,12,8
7,71,11,92,19,25,66,94,47,83
58,18,11,96,19,64,86,94,16,83
25,73,20,13,65,14,3,61,94,32
57,18,11,96,19,64,86,19,47,83
25,73,76,64,56,9,78,61,94,32
17,37,75,79,53,81,88,51,10,44
53,26,90,15,84,33,16,27,12,8
25,93,20,13,56,14,12,86,28,14
8,93,66,20,33,1,90,91,38,21
7,39,92,96,19,75,66,94,16,97
25,44,20,13,56,14,12,50,28,73
45,36,90,9,84,33,16,27,19,8
90,36,90,9,43,34,16,27,12,41
7,71,11,92,19,25,91,94,79,83
53,86,50,96,84,33,16,27,12,41
25,73,20,64,45,14,12,61,28,32
90,26,50,9,84,33,16,27,12,27
42,5,66,97,70,48,37,19,2,23
57,71,92,96,19,75,86,19,47,83
45,36,50,9,43,33,16,29,12,8
45,86,61,15,43,34,16,27,12,27
58,71,11,92,19,64,91,94,47,97
7,39,11,96,19,64,91,94,79,97
25,73,76,13,65,14,12,50,94,32
7,39,11,96,19,64,91,19,47,97
25,44,76,64,45,9,78,61,28,73
4,35,30,49,90,84,3,94,49,7
8,63,10,20,33,1,90,91,38,99
25,44,76,13,56,9,78,86,28,14
35,75,18,77,78,89,33,89,36,34
57,18,11,92,19,64,91,94,47,97
90,36,90,96,43,33,16,29,12,41
12,5,85,44,11,21,98,97,6,6
45,26,50,15,84,34,16,29,12,27
25,93,20,64,56,14,78,86,28,73
56,81,63,38,37,49,36,96,32,21
53,36,61,96,84,34,16,29,12,27
58,63,10,20,33,10,25,91,38,21
4,35,30,14,90,73,96,13,49,16
31,37,75,79,53,42,88,51,24,15
45,26,50,96,84,34,16,27,19,27
36,60,77,94,23,10,95,95,13,26
90,36,50,9,43,34,16,27,19,8
45,26,61,9,43,33,16,29,19,41
4,35,30,14,90,73,3,94,49,7
17,60,91,67,52,72,57,100,46,91
73,59,90,72,97,13,5,16,75,89
73,59,7,72,76,13,5,68,75,83
57,71,11,96,19,25,86,94,47,97
25,44,76,64,45,9,78,61,35,14
25,73,76,64,45,9,3,50,94,32
7,71,11,92,19,64,86,44,16,97
25,93,76,64,56,9,3,61,94,73
53,36,50,15,43,33,16,29,12,27
25,93,76,64,45,14,12,86,35,32
57,18,11,96,19,75,86,44,47,97
57,39,92,92,19,25,91,94,16,83
45,36,61,9,84,34,16,27,12,27
25,44,20,64,56,14,3,61,28,73
25,93,20,13,56,9,12,86,28,32
58,18,11,92,19,25,86,94,79,97
12,5,13,44,48,21,76,97,6,4
90,26,90,96,43,34,16,29,19,41
25,73,76,13,45,14,3,50,94,14
58,71,92,96,19,64,66,19,79,83
16,35,30,14,44,31,16,94,49,16
25,73,20,13,65,14,78,61,94,14
25,73,76,64,56,14,78,50,28,73
25,93,20,64,65,14,12,86,28,32
53,26,90,96,43,34,16,29,19,27
57,71,11,92,19,75,66,44,79,97
64,40,50,66,88,25,99,78,93,58
25,93,20,13,45,14,3,61,94,32
53,36,90,9,43,33,16,27,12,8
25,93,76,64,65,9,12,86,35,14
57,39,11,96,19,75,86,44,47,97
92,40,50,99,73,25,99,23,6,58
53,26,50,96,43,33,16,29,12,27
58,18,92,96,19,25,66,94,79,83
57,18,92,96,19,75,86,19,16,83
92,100,50,66,88,25,99,78,99,20
25,44,76,13,56,9,12,61,28,14
45,86,90,96,84,34,16,29,12,27
90,36,61,96,43,34,16,27,19,8
7,40,50,99,73,25,99,78,99,58
73,22,90,72,76,75,5,38,11,83
56,81,63,38,43,49,95,1,42,42
73,10,7,72,97,75,5,38,11,89
45,36,61,9,43,34,16,29,12,27
53,86,61,96,84,33,16,27,19,27
57,39,11,92,19,25,66,44,79,83
58,18,92,92,19,25,66,44,16,83
25,44,76,64,56,9,3,86,35,14
7,39,92,92,19,64,66,94,79,83
25,93,20,64,65,9,78,61,94,73
25,93,76,13,65,9,78,61,35,32
25,73,20,64,45,9,12,61,35,14
25,93,20,64,65,9,12,86,28,73
58,39,11,96,19,75,66,19,47,83
53,86,50,9,43,34,16,27,12,8
45,86,50,9,84,34,16,27,12,41
8,48,77,94,23,10,95,95,13,82
57,71,92,96,19,75,66,94,79,83
90,36,50,96,84,33,16,29,19,27
25,44,76,13,56,9,78,50,35,32
7,71,92,92,19,64,91,94,47,97
25,93,20,64,56,14,78,50,35,14
4,35,30,49,90,73,96,13,49,16
57,39,11,96,19,25,66,19,79,83
36,48,5,94,23,73,95,95,13,24
35,91,18,77,78,89,39,89,36,34
90,86,50,15,43,34,16,29,19,8
61,5,66,97,70,99,37,96,2,31
53,86,50,96,84,33,16,29,19,41
16,35,30,49,90,84,3,94,49,7
7,71,11,96,19,25,91,19,16,83
73,22,7,72,97,13,5,68,75,83
58,18,92,96,19,64,66,19,16,97
36,48,5,94,79,10,95,95,13,82
7,40,50,99,73,25,99,23,93,58
45,26,90,96,84,34,16,27,19,27
25,44,76,64,45,14,12,86,28,32
50,94,18,8,78,89,33,89,89,34
7,71,11,96,19,64,86,94,79,83
7,71,92,92,19,64,86,44,16,97
92,100,50,99,73,25,99,23,93,58
45,86,50,15,43,33,16,29,19,8
57,18,92,96,19,64,66,19,47,97
57,18,11,96,19,25,86,94,16,97
73,10,90,72,76,75,5,68,11,89
17,87,62,67,52,72,34,100,46,91
90,36,61,96,84,33,16,27,19,41
7,39,92,96,19,25,66,94,79,83
4,35,30,49,44,31,16,13,49,7
8,60,5,94,79,73,95,95,55,24
25,93,20,13,45,14,12,61,94,73
25,44,20,13,65,14,78,86,35,32
7,39,92,96,19,64,66,19,79,83
58,18,11,96,19,64,66,94,79,83
31,37,75,40,52,81,88,82,10,97
25,93,76,13,56,9,78,61,35,14
58,76,10,20,33,10,90,91,38,21
90,86,90,9,84,34,16,27,12,27
57,18,92,92,19,25,66,94,16,83
45,86,50,96,84,33,16,29,19,8
33,27,32,15,33,7,79,20,68,48
7,71,11,92,19,64,66,94,79,83
58,39,92,92,19,64,86,44,47,97
25,44,20,13,45,14,12,50,35,14
45,26,50,9,84,33,16,27,19,41
25,44,76,64,45,14,3,50,94,14
57,71,11,92,19,25,86,19,16,83
90,36,50,96,84,33,16,29,19,8
25,93,76,13,65,9,12,61,35,14
25,44,20,64,45,14,3,86,28,73
42,5,66,38,53,48,37,4,2,23
7,71,92,92,19,25,66,19,47,97
58,18,11,96,19,64,66,94,16,97
7,71,11,96,19,75,86,44,47,83
45,26,50,9,84,34,16,29,19,8
57,39,92,92,19,25,86,94,16,97
25,73,76,64,45,9,3,61,94,14
25,44,20,13,45,9,12,61,28,32
7,71,11,96,19,64,66,19,79,83
25,93,76,13,56,14,78,86,35,73
25,73,76,64,56,14,3,86,35,14
90,26,61,9,84,34,16,27,19,27
25,73,20,13,56,14,3,61,94,73
57,18,92,96,19,25,86,94,16,97
25,93,76,64,56,9,3,86,28,73
63,22,83,87,59,88,61,100,32,83
7,39,11,92,19,75,91,94,16,83
53,86,90,96,43,34,16,27,12,41
18,5,66,38,70,99,98,4,2,23
73,22,7,72,76,75,5,68,11,89
7,40,50,99,88,25,99,78,93,58
45,36,50,96,84,34,16,29,12,8
7,71,11,96,19,64,86,94,16,83
25,93,20,13,45,14,3,86,35,14
57,18,92,92,19,75,66,44,16,97
25,44,76,13,56,9,12,61,94,14
25,44,20,13,65,9,12,50,94,73
7,100,50,99,88,25,99,23,6,58
90,86,61,15,84,34,16,27,12,27
53,26,90,9,43,34,16,27,19,41
7,100,50,99,88,25,99,23,99,58
45,26,61,15,84,34,16,29,19,8
25,93,76,64,65,9,3,86,35,73
99,37,75,79,52,81,88,82,24,44
17,87,91,1,52,72,57,100,46,91
64,40,50,99,73,25,99,2,99,20
57,39,11,92,19,64,66,19,47,97
99,37,75,79,79,81,88,82,24,97
4,35,30,49,44,73,16,13,49,16
63,22,91,87,59,88,67,26,36,83
7,39,11,92,19,25,86,44,79,97
57,71,92,96,19,64,66,44,47,97
56,81,63,38,37,99,36,96,32,42
53,36,90,96,43,34,16,27,19,41
73,22,90,72,97,75,5,68,75,89
25,44,76,13,65,14,3,50,94,73
58,71,11,92,19,25,91,44,16,97
92,40,50,66,68,25,99,23,99,58
7,18,11,92,19,25,66,94,79,83
17,60,62,67,52,72,57,100,40,91
64,100,50,99,88,25,99,78,6,20
25,93,76,13,65,9,78,86,35,14
7,39,11,96,19,25,91,19,16,83
90,26,50,15,43,34,16,29,19,27
25,93,20,13,45,14,3,86,35,73
55,81,63,38,43,99,36,96,32,21
16,35,30,49,90,84,3,61,49,7
7,71,92,96,19,25,86,94,79,97
7,71,92,92,19,75,66,94,79,97
25,73,20,64,56,14,12,86,35,73
58,39,92,92,19,64,66,44,16,97
55,81,63,38,43,49,95,1,32,47
57,71,92,92,19,64,91,19,16,97
58,93,10,20,33,59,25,91,38,37
25,44,20,64,65,9,12,86,35,73
53,86,61,96,43,33,16,27,12,8
25,93,76,13,56,9,12,86,35,32
58,71,92,96,19,75,66,19,79,83
90,86,61,9,43,33,16,29,19,41
17,87,62,67,52,72,57,100,46,91
25,44,20,64,45,14,12,61,35,14
25,93,76,13,65,9,3,50,35,73
53,26,90,96,84,34,16,27,12,27
25,93,20,64,45,14,78,61,28,73
25,44,76,13,45,9,78,50,28,14
25,44,76,64,56,9,78,61,35,73
25,44,20,13,45,9,78,61,35,73
25,93,76,13,45,9,78,86,35,73
63,22,91,95,59,88,60,100,36,83
58,18,11,96,19,25,86,19,79,97
45,36,50,9,84,33,16,29,12,8
25,44,20,13,56,9,12,86,35,32
58,63,10,20,33,59,25,91,38,99
56,81,63,38,43,99,95,1,32,47
12,5,13,44,43,21,76,97,6,6
25,73,20,13,65,9,3,61,94,73
25,73,20,64,56,9,12,86,35,32
8,48,77,94,48,73,95,99,55,26
4,35,30,14,90,73,96,61,49,16
25,93,20,64,65,9,78,50,28,32
4,35,30,14,90,31,96,94,49,16
90,86,90,96,84,33,16,29,19,8
53,26,90,96,84,34,16,27,12,8
45,86,50,15,43,34,16,27,19,27
25,44,20,13,65,14,12,50,28,73
58,39,92,96,19,75,91,19,47,83
7,39,92,92,19,75,91,44,16,97
57,18,11,92,19,64,66,44,79,97
8,60,77,94,23,73,95,95,55,82
53,86,61,9,43,34,16,29,19,8
90,36,61,15,43,34,16,27,19,41
45,86,90,96,84,33,16,27,12,8
95,63,10,20,33,59,90,91,38,21
7,18,92,96,19,75,86,94,47,83
25,93,20,64,56,14,12,50,94,32
25,93,76,13,45,14,12,50,35,32
56,81,63,38,43,99,36,96,32,47
90,36,61,9,43,34,16,29,19,27
58,39,92,92,19,25,86,44,47,83
25,73,20,13,56,14,12,61,94,73
25,73,20,64,45,14,3,61,94,14
45,26,90,96,43,33,16,27,12,27
61,5,66,38,70,1,98,19,2,31
12,5,13,44,11,21,98,97,6,6
25,93,20,64,56,14,3,86,35,73
90,86,61,96,84,34,16,29,19,27
31,37,75,79,53,81,88,40,24,97
7,18,92,96,19,64,86,19,79,97
64,40,50,66,68,25,99,78,6,20
58,71,92,92,19,64,91,44,79,83
53,36,50,9,84,33,16,27,12,8
45,36,61,9,43,33,16,29,12,27
58,18,11,96,19,64,66,19,16,97
7,39,92,96,19,25,91,44,47,83
12,81,63,38,37,99,36,96,32,47
90,36,50,9,84,34,16,29,19,8
25,44,76,13,65,9,12,50,28,73
17,60,62,20,52,72,34,100,46,91
92,40,50,66,73,25,99,78,93,20
45,36,90,96,84,34,16,29,19,41
17,60,91,1,52,72,57,100,46,91
57,18,11,96,19,64,66,19,47,97
90,86,50,9,84,33,16,27,12,41
8,60,77,94,79,73,95,95,55,82
42,5,66,38,53,1,37,96,2,23
53,86,90,9,84,34,16,29,19,8
25,44,20,13,45,14,78,50,35,73
58,18,92,96,19,75,91,94,16,83
25,44,20,64,45,9,12,61,94,32
16,35,30,14,44,31,3,94,49,16
99,37,75,40,53,42,88,51,10,15
25,73,20,64,45,14,12,86,35,73
92,100,50,99,88,25,99,23,99,20
25,44,20,64,45,14,78,50,28,73
7,39,11,92,19,25,66,44,79,83
7,18,11,96,19,25,86,94,16,83
25,93,20,64,56,14,3,61,28,73
90,26,50,15,43,33,16,27,12,8
25,44,76,64,45,14,12,86,28,73
58,18,11,92,19,25,86,94,16,97
25,93,20,13,56,14,12,61,94,14
8,48,5,94,48,73,95,99,55,82
25,93,20,64,56,14,78,86,35,14
45,26,61,15,84,34,16,27,12,41
25,93,76,64,65,14,12,61,35,32
25,93,20,13,45,9,12,86,28,73
25,93,20,64,45,14,78,61,94,32
25,44,20,13,45,9,3,50,94,32
55,81,63,38,37,49,95,1,32,47
58,71,92,96,19,75,66,19,47,97
25,44,20,13,65,14,3,50,28,73
7,18,92,92,19,64,91,19,47,97
7,18,92,92,19,75,86,19,16,83
25,73,76,64,56,14,12,50,94,14
25,44,20,64,65,14,3,61,94,32
25,73,76,13,65,14,12,50,28,32
36,60,5,94,79,73,95,95,55,24
25,44,20,64,56,9,78,61,28,14
17,60,91,1,52,72,57,95,40,91
36,60,77,94,23,73,95,99,13,24
25,73,20,64,65,9,3,86,35,14
25,73,20,13,56,14,3,61,28,32
25,73,20,64,45,14,78,61,28,14
73,10,7,72,76,13,5,68,11,89
58,39,92,92,19,75,86,94,16,97
90,26,61,15,43,33,16,27,12,8
99,37,75,79,53,42,88,40,24,97
25,93,76,13,56,14,78,50,35,32
4,35,30,14,90,84,16,61,49,7
8,48,5,94,79,73,95,99,13,26
4,35,30,49,44,31,3,13,49,16
25,73,20,13,56,14,3,50,35,73
7,71,11,96,19,75,66,44,79,83
25,73,20,13,56,14,12,61,28,14
25,44,20,13,45,9,3,86,35,73
7,71,92,92,19,75,86,44,47,83
99,37,75,79,53,42,88,51,24,97
45,26,50,96,43,33,16,27,12,27
58,71,92,92,19,25,66,19,79,83
53,86,50,96,43,34,16,29,19,8
25,44,76,13,45,9,78,61,28,32
53,86,90,96,43,34,16,27,19,27
25,73,76,64,45,9,3,86,94,32
57,39,11,96,19,75,66,94,47,97
57,71,92,96,19,75,66,94,16,97
53,36,50,96,43,34,16,29,12,41
53,36,61,9,43,33,16,27,12,8
53,86,90,96,43,34,16,27,19,8
57,71,92,96,19,75,86,44,79,97
42,5,66,38,53,99,98,4,2,70
17,87,91,20,52,72,34,100,46,91
45,86,61,9,84,34,16,29,19,27
17,87,91,67,52,72,57,95,46,91
25,44,76,64,45,9,78,50,94,14
57,18,92,92,19,75,86,44,79,83
58,71,11,92,19,25,86,19,79,97
25,44,20,64,45,9,78,61,35,73
25,73,76,64,65,14,3,61,35,32
73,10,90,72,76,75,5,38,75,83
7,40,50,99,68,25,99,23,6,20
42,5,66,97,70,48,37,96,2,31
58,39,92,92,19,25,66,94,79,83
75,27,32,15,33,48,8,20,68,48
7,40,50,66,73,25,99,78,93,58
57,18,11,92,19,75,86,19,47,97
25,73,20,64,45,9,12,61,94,14
25,73,76,64,56,14,78,50,35,14
12,81,63,38,43,99,36,1,42,21
25,44,20,64,45,9,12,86,28,32
63,22,91,87,59,88,61,26,36,83
57,39,11,92,19,64,91,94,47,97
69,97,3,46,39,16,41,92,40,85
25,73,20,64,65,14,3,86,94,73
58,71,11,92,19,75,91,19,16,83
92,40,50,99,68,25,99,23,93,58
53,86,61,96,43,33,16,29,12,27
4,35,30,49,44,84,96,61,49,16
58,18,92,92,19,25,86,44,79,97
95,76,66,20,33,1,25,91,38,37
58,71,11,96,19,64,86,94,47,97
25,73,20,64,45,14,78,50,35,14
25,44,76,13,45,9,12,86,28,32
7,39,92,92,19,64,86,44,47,83
42,5,66,38,53,1,98,96,2,31
57,18,11,96,19,64,91,44,47,97
53,36,61,96,43,34,16,29,12,41
75,27,32,65,33,48,79,20,68,48
25,73,76,64,45,9,3,61,94,32
53,36,50,9,43,33,16,27,12,8
45,26,50,9,43,33,16,29,19,27
25,73,76,64,65,14,12,61,35,32
57,18,11,96,19,75,86,19,79,97
25,73,76,13,56,9,3,61,94,73
45,86,61,15,84,34,16,29,19,41
25,73,20,13,56,14,78,50,35,14
25,44,76,64,45,9,3,50,94,73
45,36,61,9,84,34,16,29,19,8
8,60,77,94,79,10,95,99,55,26
57,39,92,92,19,25,86,44,47,97
25,93,20,64,56,9,12,61,28,14
57,18,11,92,19,75,91,94,47,83
90,36,50,15,43,33,16,27,12,41
58,71,11,96,19,64,66,94,16,83
58,18,11,96,19,75,86,44,79,97
7,71,11,92,19,64,91,44,79,83
7,40,50,66,73,25,99,23,93,58
45,26,61,96,84,33,16,27,19,41
25,44,76,64,65,14,78,61,35,32
25,73,76,13,45,14,78,61,35,14
58,18,92,92,19,75,66,44,79,97
58,71,92,92,19,25,91,94,16,83
25,93,20,13,45,9,3,50,28,32
31,37,75,79,79,81,88,82,10,44
45,86,50,15,84,34,16,27,19,8
45,86,90,9,43,34,16,27,12,8
55,81,63,38,1,49,36,96,42,47
25,44,20,13,45,14,3,50,28,14
53,36,50,15,84,33,16,29,12,41
58,71,92,96,19,64,91,44,79,83
53,26,90,9,43,34,16,29,19,27
25,73,76,13,56,14,3,50,28,73
25,73,20,64,45,9,3,50,28,14
25,73,76,13,45,14,12,86,35,32
90,36,61,9,84,34,16,27,12,27
35,91,18,21,78,89,92,89,36,34
53,26,61,15,84,34,16,29,12,8
57,39,92,92,19,64,66,19,47,83
90,86,50,96,43,34,16,27,19,8
58,76,66,20,33,1,90,91,38,21
16,35,30,49,90,73,3,94,49,16
7,39,11,96,19,64,91,19,79,83
18,5,66,38,70,1,37,96,2,70
58,71,92,92,19,64,91,94,16,97
45,36,61,15,84,34,16,27,19,8
57,71,11,92,19,64,66,94,79,97
25,44,20,13,56,14,12,61,94,14
58,18,11,92,19,75,66,94,47,97
25,93,76,64,65,9,78,86,94,73
99,37,75,79,79,42,88,82,24,44
53,36,61,9,84,33,16,27,12,27
25,73,20,64,65,9,12,86,94,14
25,93,20,13,65,14,3,61,94,73
73,22,12,72,76,13,5,16,11,83
7,18,92,92,19,25,86,94,47,97
42,5,66,97,53,48,98,19,2,31
7,18,11,96,19,64,66,19,47,83
58,18,11,92,19,75,66,44,16,83
57,39,11,92,19,25,91,94,79,97
25,93,76,64,56,14,78,50,28,73
45,26,50,15,43,33,16,29,19,41
57,18,92,92,19,25,91,94,16,97
90,36,90,96,43,33,16,27,19,27
90,86,61,15,84,33,16,29,19,27
25,93,20,64,56,14,12,50,35,73
18,5,66,97,70,1,98,4,2,31
17,37,75,40,79,81,88,40,10,44
7,71,92,92,19,64,86,94,79,83
7,18,92,92,19,64,86,94,79,97
25,44,76,13,65,9,12,50,35,14
73,22,12,72,97,75,5,38,11,89
58,18,92,96,19,25,91,94,79,83
7,71,92,92,19,25,86,19,79,97
25,93,20,13,45,9,3,86,35,32
57,18,11,92,19,75,91,94,47,97
58,39,92,96,19,75,91,44,47,97
25,93,76,64,56,9,12,61,35,32
45,26,50,96,43,34,16,29,19,27
17,37,75,79,53,81,88,40,24,97
57,71,11,92,19,64,66,44,79,83
25,93,20,13,65,9,12,86,94,73
58,39,92,96,19,25,66,44,47,83
58,71,11,96,19,25,91,44,79,83
25,73,76,13,65,14,12,86,35,14
36,48,5,94,48,10,95,99,55,82
45,36,90,15,84,33,16,29,19,27
90,86,61,9,84,33,16,27,12,41
58,39,92,92,19,64,66,44,47,83
57,39,92,92,19,64,91,44,16,83
53,26,90,9,84,33,16,27,12,8
7,18,92,96,19,25,86,44,16,97
25,73,20,64,45,14,3,86,28,14
90,36,50,15,84,34,16,27,19,27
57,39,92,96,19,75,86,44,79,83
16,35,30,14,44,84,3,61,49,16
58,18,11,96,19,75,91,19,16,83
57,71,11,92,19,25,86,44,47,83
90,36,61,15,84,34,16,29,19,8
25,93,20,64,45,9,78,50,28,32
7,18,92,96,19,64,91,94,47,83
25,44,76,64,56,14,78,50,28,14
7,39,92,92,19,64,66,19,16,83
25,93,20,64,56,9,78,50,94,32
8,60,77,94,23,10,95,95,13,82
57,18,11,96,19,64,66,19,16,97
45,86,90,15,43,33,16,27,19,8
57,18,92,92,19,75,86,19,79,97
17,37,75,40,53,81,88,51,24,44
25,44,76,13,45,14,12,50,35,14
25,73,76,13,65,14,12,50,35,73
7,71,11,92,19,25,91,44,16,97
7,71,92,92,19,25,86,44,79,83
90,86,90,15,43,34,16,27,19,41
7,71,11,92,19,64,86,19,16,83
57,39,11,96,19,64,91,44,16,97
36,48,77,94,23,73,95,95,55,26
55,81,63,38,1,99,36,96,42,21
12,81,63,38,43,49,95,96,42,42
25,44,76,64,65,9,3,50,35,32
90,86,50,9,84,33,16,27,19,27
25,44,76,13,45,9,78,86,94,73
45,36,50,96,43,33,16,29,12,41
36,48,77,94,79,73,95,99,55,82
53,86,50,15,84,33,16,27,19,8
53,36,90,96,43,34,16,29,12,41
57,18,11,96,19,64,66,94,47,83
7,18,92,92,19,75,86,19,16,97
55,81,63,38,43,99,36,96,32,47
57,39,11,92,19,75,91,94,79,97
25,73,20,64,45,9,78,50,35,73
25,93,76,64,56,14,12,61,94,14
7,71,92,92,19,64,66,94,47,97
45,36,61,15,43,34,16,27,19,27
25,73,76,13,65,14,12,86,35,32
57,71,11,96,19,75,66,94,47,97
17,60,56,1,52,72,65,100,46,91
4,35,30,49,90,84,96,61,49,7
25,93,20,64,65,14,12,50,35,32
45,26,50,96,43,34,16,29,19,41
25,73,20,13,65,9,78,61,28,14
90,36,50,15,84,34,16,27,12,8
90,86,90,15,84,34,16,27,19,41
25,44,76,13,65,14,12,86,28,32
7,18,92,96,19,75,86,19,79,83
58,18,92,92,19,25,66,94,47,83
75,27,32,91,33,48,8,20,68,71
57,71,92,96,19,25,66,94,47,97
7,18,11,92,19,64,86,19,47,83
25,44,20,64,56,14,3,50,94,14
63,22,91,87,59,88,60,100,36,14
25,73,20,64,56,14,12,50,94,14
45,26,61,15,43,34,16,27,19,41
12,5,20,44,11,21,76,97,6,4
7,71,11,96,19,64,66,94,16,97
58,71,11,96,19,25,86,19,16,83
58,18,92,92,19,64,66,44,16,97
90,36,50,15,43,33,16,29,19,8
25,93,20,13,45,14,78,50,35,14
25,73,76,13,45,9,3,61,35,73
45,36,61,96,43,33,16,27,12,27
58,18,92,96,19,25,66,44,47,83
36,48,77,94,23,10,95,99,13,24
12,5,13,28,11,21,98,97,6,6
25,93,20,13,45,14,3,50,28,73
25,73,20,64,45,9,78,86,35,73
58,39,92,96,19,25,86,44,47,83
53,86,61,15,84,34,16,29,12,27
25,44,76,64,45,9,12,61,35,14
25,73,20,13,56,14,12,61,28,73
57,39,11,96,19,25,91,94,16,83
17,87,62,20,52,72,34,100,54,91
58,71,92,92,19,25,91,44,47,83
7,71,92,92,19,75,86,94,79,83
25,93,76,64,45,9,3,61,94,32
7,39,92,96,19,75,86,94,47,97
7,40,50,99,88,25,99,23,99,20
57,18,11,96,19,75,91,19,16,83
25,73,76,64,56,14,12,86,28,73
45,36,61,9,43,33,16,27,12,8
45,26,61,96,43,33,16,29,19,27
16,35,30,49,44,73,96,13,49,7
58,18,92,96,19,75,86,94,47,83
45,26,50,9,43,34,16,29,19,8
99,37,75,40,53,42,88,51,10,97
25,44,20,13,65,14,78,50,28,73
7,39,92,92,19,25,66,44,47,83
57,39,11,96,19,25,91,19,16,83
25,44,20,64,56,9,12,86,35,73
12,5,20,28,11,21,98,97,6,6
25,73,76,64,56,9,12,61,35,14
45,36,50,9,43,33,16,27,19,27
25,73,20,13,56,9,3,50,28,32
53,86,90,15,84,33,16,27,19,41
7,39,11,96,19,64,91,44,79,83
7,71,92,96,19,75,91,19,47,83
45,36,90,9,84,34,16,29,12,27
64,100,50,66,88,25,99,78,6,58
25,73,76,13,65,9,78,86,28,14
57,71,11,96,19,25,66,94,47,97
25,93,20,13,45,9,3,50,28,73
25,44,20,13,65,9,12,50,35,14
58,93,10,20,33,10,25,91,38,37
25,73,76,13,65,9,3,50,28,32
31,37,75,40,79,81,88,40,24,15
57,71,92,92,19,25,86,19,79,83
58,71,11,96,19,64,86,44,47,83
58,71,92,96,19,64,86,44,47,97
57,39,11,96,19,75,66,94,16,83
57,18,11,96,19,25,91,94,16,97
7,18,92,96,19,25,66,44,47,97
58,18,92,96,19,64,91,44,79,97
8,48,5,94,48,73,95,95,55,24
90,86,61,96,84,33,16,27,12,41
25,93,20,13,45,14,78,50,35,73
25,73,20,64,45,14,78,50,28,14
58,71,92,96,19,25,86,94,79,97
73,22,7,72,97,13,5,16,75,83
7,40,50,66,73,25,99,23,6,58
57,18,92,96,19,64,66,94,16,97
57,39,92,92,19,64,66,44,16,83
8,76,66,20,33,59,90,91,38,37
25,73,20,13,45,9,3,61,94,32
7,71,11,92,19,75,86,94,16,97
61,5,66,97,53,99,98,4,2,23
25,73,20,13,45,9,3,61,28,14
58,39,11,92,19,64,66,44,16,83
25,93,20,64,65,9,3,61,94,14
8,93,10,20,33,59,25,91,38,21
90,26,90,96,43,34,16,27,12,27
57,39,11,96,19,64,91,94,79,97
57,71,11,92,19,75,86,94,47,83
58,18,11,96,19,25,66,94,16,83
58,18,92,96,19,64,66,19,47,97
58,39,11,96,19,64,86,44,79,97
45,26,90,96,84,34,16,29,19,41
25,44,20,13,45,9,3,61,28,73
7,71,11,92,19,25,66,19,16,83
56,81,63,38,37,49,36,96,42,42
57,71,11,92,19,25,91,44,16,97
53,86,61,15,84,34,16,29,19,41
64,100,50,99,73,25,99,2,93,20
25,93,76,64,45,9,78,61,28,32
53,26,90,15,84,33,16,27,19,8
25,44,20,13,56,9,3,86,35,14
42,5,66,97,53,48,98,19,2,23
25,73,20,13,45,14,3,50,94,32
57,18,92,96,19,75,86,94,16,83
53,26,50,15,43,34,16,27,12,8
25,93,20,13,65,9,3,50,35,14
58,71,92,92,19,25,66,19,16,83
57,39,11,92,19,25,66,19,47,97
90,36,61,9,43,34,16,27,12,41
25,44,76,13,65,14,78,86,94,73
17,87,91,67,52,72,65,95,54,91
25,93,76,13,45,9,78,61,28,73
7,71,92,96,19,75,66,19,79,97
25,44,76,13,45,9,3,50,94,32
53,86,90,96,84,34,16,27,12,41
35,75,18,77,78,89,39,89,89,34
12,81,63,38,37,99,95,96,32,42
25,93,76,13,45,9,78,61,35,32
25,93,20,64,56,9,12,86,35,73
7,71,11,92,19,64,66,19,47,97
25,93,76,64,56,14,3,61,94,73
25,44,76,64,65,9,78,50,28,14
35,91,18,8,78,89,92,89,36,34
25,73,20,13,45,9,78,50,35,32
17,60,62,1,52,72,57,100,40,91
61,5,66,38,53,48,37,19,2,31
25,44,76,13,45,9,12,50,94,73
25,5,85,28,11,21,76,97,6,33
12,81,63,38,37,99,36,96,42,42
90,26,50,9,84,34,16,27,19,41
25,73,20,64,56,14,78,61,94,73
45,26,61,15,43,33,16,27,19,41
25,93,76,64,45,9,3,61,28,32
57,71,11,96,19,64,66,19,16,97
25,44,76,64,45,9,3,50,28,14
45,36,61,9,84,33,16,29,19,27
25,73,76,64,56,14,3,86,28,73
25,93,76,64,45,9,78,86,35,14
25,44,76,64,65,9,12,50,28,73
7,18,11,96,19,64,86,19,47,83
57,39,92,96,19,75,66,44,16,83
25,73,20,13,65,9,78,86,28,32
33,27,32,15,25,7,79,20,68,48
25,73,76,64,65,14,3,86,35,32
58,39,11,92,19,75,86,19,79,97
64,100,50,99,73,25,99,23,93,58
25,73,76,13,65,14,12,50,28,73
95,93,10,20,33,1,25,91,38,99
25,93,20,64,65,14,3,86,35,73
58,71,11,96,19,64,91,94,16,97
25,93,20,13,65,14,78,50,28,14
25,73,76,64,45,14,78,61,94,32
25,93,20,64,65,9,12,86,94,14
57,18,92,96,19,75,66,19,79,97
8,48,77,94,48,73,95,95,55,24
25,93,20,64,65,14,3,61,28,32
53,26,61,96,84,33,16,29,12,41
58,93,66,20,33,10,90,91,38,99
25,44,76,13,45,9,3,86,28,73
25,73,20,13,45,14,12,50,94,14
7,71,11,96,19,25,66,94,16,97
7,40,50,99,68,25,99,23,6,58
36,48,5,94,23,10,95,95,55,24
25,44,20,13,56,9,3,86,28,73
57,71,11,92,19,25,91,94,47,83
7,39,11,92,19,75,91,94,47,97
57,18,11,96,19,75,66,94,16,83
58,18,92,92,19,64,86,19,16,83
73,22,12,72,76,75,5,38,75,83
90,86,61,96,84,33,16,27,19,41
55,81,63,38,1,49,36,96,32,47
90,86,50,9,84,34,16,29,12,8
25,93,20,13,65,14,12,61,94,32
64,40,50,99,88,25,99,2,99,20
90,36,50,96,84,34,16,29,12,8
63,22,74,95,59,88,60,100,32,83
45,26,90,15,43,34,16,27,19,41
73,10,7,72,97,13,5,16,11,83
8,60,5,94,23,73,95,99,55,26
53,26,50,9,43,34,16,29,12,8
53,86,90,9,84,33,16,29,19,27
12,5,20,28,11,21,76,97,6,33
58,71,92,96,19,64,66,44,47,97
25,93,20,13,56,9,78,50,35,14
57,39,92,92,19,64,86,19,47,97
73,22,90,72,97,75,5,38,11,83
90,26,50,9,43,33,16,27,12,41
25,44,76,64,65,9,78,86,94,32
64,40,50,99,88,25,99,78,6,58
25,73,76,64,45,9,78,50,35,73
25,73,20,13,45,14,12,50,28,32
4,35,30,49,44,73,3,61,49,16
90,36,90,9,43,34,16,29,12,8
53,86,61,96,43,33,16,29,19,27
75,27,32,15,33,7,79,20,68,71
7,18,11,92,19,25,86,44,16,83
25,73,76,64,56,9,78,86,94,32
58,63,66,20,33,10,90,91,38,37
25,93,76,13,65,9,78,50,35,14
31,37,75,40,79,42,88,51,24,97
25,5,85,28,48,21,98,97,6,33
12,5,20,28,43,21,98,97,6,4
25,93,76,64,56,14,12,61,35,73
7,39,11,96,19,64,91,94,47,83
25,73,20,13,45,14,3,86,94,14
90,86,90,9,84,33,16,27,19,41
25,44,76,64,45,9,12,86,35,32
64,100,50,99,68,25,99,2,6,58
53,26,61,9,84,34,16,29,19,41
90,86,90,9,43,34,16,29,19,8
25,44,76,64,56,9,12,86,28,14
25,44,76,13,45,14,3,86,35,14
57,71,92,92,19,75,66,44,47,97
92,100,50,66,68,25,99,23,93,20
25,44,76,64,56,14,3,50,28,32
25,44,76,64,45,14,3,61,28,32
8,60,5,94,79,73,95,95,13,24
7,71,92,92,19,25,86,94,79,97
7,18,92,96,19,25,91,94,16,83
57,71,92,96,19,64,86,44,79,97
58,18,92,92,19,64,86,19,79,83
25,44,20,64,45,9,78,50,28,14
73,22,7,72,76,13,5,68,75,83
36,60,77,94,23,10,95,95,55,24
36,60,77,94,23,10,95,99,13,26
58,18,92,96,19,25,86,44,47,83
58,71,92,92,19,64,86,94,79,83
25,44,20,13,65,14,3,61,28,32
58,39,11,96,19,75,91,94,47,97
4,35,30,49,44,31,96,13,49,16
90,86,50,96,43,33,16,29,19,8
45,86,50,9,84,34,16,27,19,8
58,71,11,92,19,75,66,44,79,83
99,37,75,79,79,81,88,40,10,44
7,39,92,92,19,75,91,19,79,97
58,39,92,96,19,75,86,44,16,97
25,44,20,64,45,9,12,61,35,73
58,71,92,92,19,64,91,19,16,97
75,27,32,15,33,67,8,20,68,71
58,71,92,92,19,64,66,44,47,83
7,39,11,96,19,25,66,44,47,83
58,39,92,96,19,64,66,94,79,97
58,39,92,92,19,64,91,94,16,83
90,26,50,9,43,34,16,29,19,27
25,44,20,64,56,14,3,61,35,73
7,18,11,92,19,75,66,19,47,97
57,39,92,96,19,25,66,19,16,83
45,26,61,9,43,34,16,29,12,8
25,44,20,13,65,9,78,50,35,73
25,73,76,64,56,14,78,50,35,73
42,5,66,97,70,48,37,4,2,23
25,93,20,64,56,9,78,86,35,32
56,81,63,38,43,49,36,1,42,42
90,36,90,9,43,33,16,27,12,8
25,73,20,13,45,14,78,50,35,32
25,5,20,28,43,21,98,97,6,6
7,18,92,92,19,25,91,94,16,83
45,86,61,15,84,33,16,29,12,41
7,39,11,92,19,64,91,19,47,97
7,39,11,96,19,64,66,94,79,97
90,86,61,15,84,34,16,27,19,41
36,48,77,94,48,73,95,99,13,24
25,73,76,13,45,14,12,61,94,32
7,100,50,66,73,25,99,23,6,20
25,73,76,64,65,14,78,86,94,73
25,73,20,13,45,9,3,86,35,14
63,22,91,87,59,88,61,100,36,14
25,93,20,13,56,14,3,61,94,32
53,36,50,96,43,33,16,27,19,41
58,71,11,96,19,25,91,94,79,83
31,37,75,79,52,42,88,40,10,97
90,86,90,96,84,34,16,29,12,41
25,44,76,64,65,9,12,61,28,32
90,86,90,15,43,33,16,27,19,27
18,5,66,38,53,1,98,19,2,31
4,35,30,49,90,31,96,13,49,7
25,73,20,13,65,14,78,61,94,32
25,73,20,13,56,14,78,50,28,32
57,71,11,92,19,64,86,44,47,83
25,73,76,64,45,9,78,50,94,73
7,18,11,96,19,75,86,44,79,97
7,18,11,92,19,64,91,94,79,83
58,71,92,92,19,75,91,19,16,97
25,44,20,13,65,14,3,50,94,73
57,18,92,96,19,64,91,19,79,97
57,18,92,96,19,64,91,44,47,97
25,73,20,13,45,14,78,50,35,73
17,87,62,1,52,72,34,95,40,91
25,73,20,13,45,14,12,61,28,14
17,37,75,40,79,42,88,40,24,15
25,73,76,64,65,9,12,50,28,14
25,44,20,13,65,14,78,86,94,14
25,93,20,64,45,9,12,86,94,32
36,60,77,94,23,73,95,95,55,82
57,71,11,96,19,25,86,44,47,97
58,18,11,92,19,75,86,94,16,97
25,44,20,13,56,9,12,86,35,14
58,18,11,92,19,64,91,44,16,83
75,27,32,65,33,67,79,20,68,48
7,39,92,96,19,75,86,44,16,97
73,22,12,72,97,13,5,38,75,89
45,86,90,96,84,34,16,27,12,8
57,71,11,96,19,64,86,94,16,83
7,100,50,99,68,25,99,23,6,20
73,10,12,72,97,13,5,68,75,89
55,81,63,38,43,49,95,1,42,47
17,87,62,1,52,72,57,95,46,91
25,44,20,13,45,14,12,61,35,14
57,39,11,96,19,64,91,94,16,97
36,60,5,94,23,73,95,95,55,26
25,44,20,64,56,14,3,61,94,14
7,39,92,96,19,64,91,19,79,83
58,18,92,96,19,25,66,19,16,97
58,18,11,92,19,25,91,94,47,97
53,26,90,9,43,33,16,27,12,8
25,44,20,13,65,9,78,86,35,73
58,39,92,92,19,25,66,19,47,97
92,100,50,66,88,25,99,23,93,20
53,36,50,15,43,33,16,29,19,41
90,36,50,9,43,34,16,29,19,8
18,5,66,97,53,1,98,96,2,70
87,97,9,46,17,95,41,92,40,85
58,39,11,92,19,25,66,19,79,97
58,71,92,96,19,64,86,19,79,97
53,36,90,96,43,34,16,29,19,27
45,36,50,96,43,34,16,29,19,41
8,48,77,94,23,73,95,95,13,82
25,93,76,13,65,9,3,61,94,14
25,73,20,64,45,14,3,61,28,14
25,44,20,13,56,14,3,50,94,32
35,94,18,77,78,89,39,89,89,34
25,44,20,64,65,9,12,86,94,32
58,39,92,92,19,64,66,19,79,97
90,86,90,15,43,33,16,29,12,27
75,27,32,91,25,67,8,20,68,48
87,94,86,75,21,76,33,59,75,66
12,81,63,38,37,99,95,96,42,47
58,71,92,92,19,64,66,19,79,83
36,60,77,94,48,10,95,95,13,24
92,100,50,99,68,25,99,2,93,58
45,86,50,96,84,33,16,27,12,27
17,87,62,20,52,72,34,100,46,91
7,18,92,96,19,75,66,94,79,97
25,44,20,13,65,14,78,50,28,32
25,93,20,13,65,14,3,86,35,73
7,71,92,92,19,64,66,44,47,83
7,71,11,96,19,75,66,19,79,97
53,86,61,15,43,33,16,29,12,27
58,71,92,96,19,75,66,94,47,97
90,36,50,15,84,33,16,27,12,41
58,18,11,92,19,25,66,94,79,83
57,18,92,96,19,64,66,19,79,97
25,73,76,13,45,14,12,61,94,14
57,71,92,96,19,75,86,44,16,97
58,39,11,96,19,25,86,44,47,83
17,37,75,79,52,42,88,40,10,44
45,36,50,15,43,33,16,27,12,27
25,93,76,13,56,9,3,86,35,73
57,39,11,92,19,75,91,94,16,83
7,100,50,66,73,25,99,2,99,58
25,93,20,64,56,9,12,50,94,32
25,73,20,13,56,9,12,61,35,73
53,26,90,15,84,34,16,29,19,41
57,39,92,96,19,75,91,94,47,83
36,48,77,94,48,10,95,99,55,82
25,44,76,64,45,9,3,61,94,14
7,40,50,66,68,25,99,2,6,58
8,60,5,94,79,10,95,99,55,26
16,35,30,49,44,84,96,94,49,16
50,75,18,21,78,89,39,89,85,34
25,73,20,13,56,14,12,61,35,14
92,40,50,66,88,25,99,2,99,20
61,5,66,38,70,99,37,19,2,23
7,71,92,96,19,25,66,94,16,83
57,71,92,92,19,64,66,19,79,83
25,73,20,13,65,14,3,61,35,14
90,26,61,96,84,34,16,27,19,41
25,44,20,64,56,9,12,86,94,73
58,71,92,92,19,64,86,94,16,97
53,86,61,9,84,33,16,29,12,41
45,86,61,15,43,34,16,29,19,8
25,44,76,64,56,14,3,86,35,14
25,44,76,13,56,14,3,50,35,32
42,5,66,38,70,48,98,96,2,31
7,18,92,92,19,75,86,44,16,97
25,44,76,64,45,14,3,86,94,14
45,86,50,15,43,33,16,29,12,27
58,18,92,96,19,75,91,19,79,83
45,26,90,15,84,34,16,29,19,27
25,73,76,64,45,9,3,50,28,14
58,63,66,20,33,59,25,91,38,37
25,44,20,64,45,9,12,50,94,73
25,93,20,64,56,9,12,86,28,14
45,26,61,9,43,33,16,29,12,27
58,71,92,96,19,64,86,19,16,83
8,60,5,94,48,10,95,99,55,24
58,71,92,92,19,25,91,94,79,97
58,39,92,92,19,75,66,19,16,83
33,27,32,65,25,48,8,20,68,48
92,100,50,99,88,25,99,2,93,20
7,39,92,92,19,25,86,19,47,83
53,26,50,96,43,34,16,29,12,27
25,44,20,13,65,9,78,86,94,14
45,36,50,96,84,33,16,27,19,27
25,44,76,64,56,9,12,50,35,32
90,86,50,96,43,33,16,29,12,41
45,26,50,96,43,33,16,29,12,41
90,86,61,15,84,33,16,29,12,27
53,86,61,15,43,33,16,27,12,41
16,35,30,49,90,31,3,13,49,16
25,93,20,13,56,14,78,50,35,14
25,44,76,13,56,9,12,50,28,32
42,5,66,97,53,1,98,4,2,31
90,36,61,9,43,34,16,27,19,41
99,37,75,79,52,42,88,40,24,97
63,22,91,87,59,88,67,100,32,14
72,49,27,37,22,98,79,84,95,73
57,39,11,92,19,25,91,44,79,83
90,86,90,9,84,33,16,29,12,41
90,26,61,15,43,34,16,29,12,8
7,71,92,96,19,64,66,94,47,83
25,44,76,64,45,9,12,86,35,73
25,5,85,28,43,21,98,97,6,4
90,26,90,9,43,34,16,29,19,8
25,44,20,64,45,14,12,86,35,73
61,5,66,38,70,48,98,19,2,70
63,22,91,87,59,88,60,26,32,14
25,93,76,13,45,9,78,61,35,14
58,39,92,96,19,75,66,19,47,97
58,71,11,92,19,25,91,19,16,83
58,71,92,96,19,64,86,44,79,83
7,39,92,96,19,75,86,44,16,83
45,36,50,15,43,33,16,27,19,41
25,73,76,13,45,14,78,86,35,14
53,26,50,96,84,34,16,29,12,8
25,93,76,64,65,14,3,50,28,32
53,36,50,96,84,34,16,29,19,27
25,44,76,64,45,9,78,50,35,14
7,39,11,92,19,64,86,94,47,83
25,44,76,64,56,9,78,86,28,32
7,18,11,92,19,75,91,44,47,83
7,39,92,96,19,75,86,44,79,83
90,26,61,9,43,33,16,29,19,27
25,73,20,13,45,14,78,50,94,32
17,60,56,20,52,72,34,100,46,91
45,86,50,15,84,33,16,29,12,41
25,44,20,64,45,9,12,50,28,14
8,48,5,94,79,10,95,99,13,82
33,27,32,15,25,48,8,20,68,48
57,18,92,96,19,25,86,44,16,83
25,93,20,64,56,14,78,50,35,73
90,26,90,9,84,34,16,27,12,41
8,60,77,94,79,73,95,99,13,24
25,93,76,13,65,14,3,86,35,73
25,44,20,13,56,9,3,61,28,14
12,81,63,38,43,99,36,1,32,47
25,73,76,13,56,14,3,50,28,14
99,37,75,40,53,81,88,82,24,44
58,18,92,92,19,64,86,19,47,97
7,18,92,96,19,64,66,94,47,97
58,71,11,96,19,75,86,44,47,83
8,60,5,94,79,73,95,99,55,24
8,48,5,94,23,73,95,99,13,26
73,10,12,72,76,13,5,68,11,83
92,40,50,99,73,25,99,2,93,58
16,35,30,49,44,73,16,61,49,16
25,44,76,64,56,9,12,86,94,73
55,81,63,38,1,49,95,1,42,42
25,44,20,13,65,14,3,61,28,14
7,18,92,92,19,25,91,19,47,83
17,37,75,40,53,42,88,82,10,97
25,73,76,13,45,14,3,61,28,32
17,37,75,79,52,42,88,82,24,97
7,71,92,96,19,25,86,44,16,83
25,44,76,64,45,9,78,50,28,14
25,73,20,64,56,14,78,50,28,32
8,60,77,94,79,10,95,99,55,24
17,37,75,40,79,42,88,40,24,97
57,39,92,92,19,75,91,94,47,97
57,39,11,96,19,75,86,44,16,97
53,36,90,9,43,34,16,29,19,41
37,7,38,54,30,72,16,14,22,77
16,35,30,14,44,73,96,94,49,16
45,26,61,96,84,34,16,27,19,27
45,26,90,96,43,33,16,27,19,8
31,37,75,79,79,81,88,82,24,15
25,73,20,64,45,9,3,50,94,73
42,5,66,38,70,48,98,96,2,70
55,81,63,38,37,99,95,96,32,42
90,86,90,96,84,33,16,27,12,27
25,44,20,64,45,14,3,61,28,14
7,18,92,96,19,75,91,94,79,97
61,5,66,38,70,99,37,19,2,70
25,44,20,13,65,14,12,61,35,14
25,44,76,13,45,14,78,50,35,32
99,37,75,40,52,42,88,40,10,15
53,26,50,15,43,34,16,27,19,41
25,73,20,13,56,9,3,86,35,32
25,93,20,13,56,14,3,61,35,32
7,18,11,92,19,64,91,44,47,97
58,71,11,96,19,75,86,19,16,97
16,35,30,49,44,73,3,94,49,7
17,87,91,1,52,72,34,100,54,91
45,36,61,15,43,33,16,27,19,8
17,87,91,20,52,72,34,95,40,91
25,44,76,13,65,14,12,86,35,73
58,71,11,96,19,75,66,19,47,83
25,73,20,13,56,9,78,50,28,73
25,73,76,64,56,14,78,50,94,73
7,71,92,92,19,75,66,94,16,83
45,26,50,15,43,34,16,27,19,27
92,40,50,99,73,25,99,23,99,58
45,36,90,96,43,34,16,29,19,41
45,86,61,15,84,34,16,27,12,8
90,86,61,96,43,33,16,27,19,8
57,71,11,92,19,75,91,44,79,97
53,26,90,9,43,34,16,27,12,27
7,18,92,96,19,64,91,44,79,83
25,93,76,13,65,14,78,86,35,14
58,18,11,96,19,75,66,94,16,83
25,93,76,13,65,14,12,61,28,14
64,40,50,99,73,25,99,78,6,20
57,39,11,96,19,25,91,44,16,97
25,44,20,64,56,14,12,50,94,14
7,18,11,96,19,75,66,44,47,83
25,93,76,13,65,9,78,50,28,73
25,93,20,64,65,14,12,61,35,73
45,26,61,96,84,34,16,29,19,27
57,39,92,92,19,25,91,44,16,97
4,35,30,14,90,31,16,13,49,16
4,35,30,49,90,31,16,94,49,7
25,73,76,13,56,14,3,61,35,73
25,73,76,64,56,9,12,50,28,73
8,60,77,94,48,73,95,99,13,24
64,100,50,66,88,25,99,23,99,58
17,60,62,20,52,72,65,100,40,91
57,71,11,92,19,64,66,19,16,97
57,71,11,92,19,75,91,44,79,83
58,71,92,92,19,64,91,44,47,83
42,5,66,97,70,48,98,4,2,70
90,26,90,96,84,34,16,29,12,41
95,76,10,20,33,10,90,91,38,21
25,93,76,13,45,9,12,61,35,32
63,22,91,95,59,88,60,26,32,14
57,71,92,92,19,25,86,19,79,97
90,86,90,9,84,34,16,27,19,8
57,18,11,92,19,25,86,94,16,83
7,18,11,96,19,64,66,94,47,97
90,26,50,96,43,33,16,27,19,41
25,73,20,13,45,9,12,61,94,73
53,86,50,96,84,34,16,29,19,8
8,48,5,94,48,10,95,99,55,82
57,71,92,92,19,25,66,19,16,97
25,93,76,13,65,9,78,86,94,73
61,5,66,97,70,99,98,96,2,31
57,71,11,92,19,25,91,19,79,83
53,86,61,9,84,34,16,29,12,27
17,60,56,20,52,72,65,100,40,91
7,71,92,96,19,75,91,94,16,97
25,73,76,64,65,14,78,50,28,32
57,39,11,92,19,25,66,44,79,97
57,18,92,92,19,25,86,44,16,97
25,44,76,13,45,9,78,86,28,32
7,100,50,99,88,25,99,23,93,20
25,93,20,64,65,14,3,50,35,73
25,44,76,64,65,14,12,86,94,32
25,73,76,64,56,14,3,86,94,32
25,73,76,64,56,14,3,86,28,14
57,39,11,92,19,75,66,44,16,97
25,93,20,64,56,14,12,50,28,14
25,93,20,13,65,9,12,50,35,14
90,36,50,96,84,33,16,27,19,27
7,71,92,92,19,25,66,44,47,97
90,86,90,15,43,33,16,27,19,41
45,26,90,9,43,34,16,27,12,27
7,39,92,96,19,25,86,19,79,83
25,93,20,13,56,14,12,50,94,32
57,39,11,92,19,25,86,94,47,97
57,71,92,96,19,25,86,19,47,97
25,73,76,64,65,14,78,86,94,32
18,5,66,38,70,48,98,19,2,70
8,48,77,94,23,10,95,95,13,24
17,87,62,67,52,72,65,95,54,91
57,39,92,96,19,25,86,94,79,97
18,5,66,97,70,99,37,19,2,70
53,36,50,15,43,33,16,29,12,8
25,44,76,64,65,14,12,86,35,14
57,18,11,92,19,64,66,19,79,83
25,44,76,64,45,9,78,61,94,73
25,44,20,13,65,9,78,86,94,73
25,73,76,13,65,14,12,61,94,32
50,91,18,21,78,89,33,89,36,34
25,73,76,13,65,9,3,50,35,32
25,44,76,64,45,14,78,50,35,32
17,37,75,40,53,81,88,40,10,15
58,18,92,92,19,75,66,94,47,97
57,39,11,92,19,64,91,19,79,97
90,86,90,15,43,33,16,29,19,41
42,5,66,38,70,99,98,96,2,23
53,36,50,96,84,33,16,29,12,8
90,26,50,9,84,33,16,29,19,41
90,36,61,96,84,34,16,29,12,27
61,5,66,97,53,48,98,96,2,23
25,44,20,13,65,14,12,86,28,32
35,75,18,8,78,89,92,89,89,34
58,39,92,96,19,75,86,94,47,97
25,44,76,13,45,14,78,86,28,32
25,73,76,13,45,9,3,86,94,73
57,39,11,96,19,75,66,19,79,83
45,36,50,15,84,34,16,29,12,27
90,36,90,9,43,33,16,29,12,27
58,18,92,96,19,25,91,19,79,83
7,40,50,99,68,25,99,23,93,58
7,71,92,96,19,25,86,44,47,97
7,71,92,92,19,64,86,19,47,83
25,44,20,64,45,14,3,50,94,73
31,37,75,40,52,42,88,51,10,15
25,93,20,64,65,9,78,86,28,73
58,71,11,96,19,64,86,19,79,83
7,39,11,96,19,25,86,44,47,97
25,44,76,64,56,14,3,86,94,14
12,5,85,28,11,21,98,97,6,6
25,93,76,64,45,9,3,50,94,14
16,35,30,14,90,73,16,13,49,16
90,36,90,15,43,34,16,27,12,8
45,36,61,15,43,34,16,29,19,8
57,18,92,92,19,25,91,94,16,83
95,93,10,20,33,1,25,91,38,37
90,86,61,15,84,34,16,29,12,41
7,39,11,96,19,64,86,44,16,83
7,18,11,92,19,75,86,94,79,97
17,37,75,40,79,42,88,82,10,15
90,36,50,9,43,33,16,27,12,27
92,40,50,99,88,25,99,2,93,58
12,81,63,38,1,49,36,1,32,21
25,73,76,13,65,9,3,50,35,73
58,39,11,92,19,64,86,94,47,97
58,39,11,96,19,75,86,19,16,97
90,36,50,96,84,33,16,27,19,41
58,71,11,92,19,25,66,44,79,97
90,86,61,15,84,34,16,29,12,27
25,93,20,13,45,14,78,50,28,73
25,93,76,64,45,9,12,86,28,32
7,18,11,92,19,25,91,19,47,83
25,44,20,13,65,14,12,86,35,73
31,37,75,40,52,42,88,40,24,44
63,22,91,87,59,88,67,100,36,83
7,39,92,92,19,25,91,44,16,97
25,93,76,64,45,9,78,86,94,73
58,71,11,96,19,25,86,94,79,83
31,37,75,40,53,42,88,82,10,44
45,26,61,96,43,33,16,29,12,41
73,10,7,72,97,75,5,38,75,83
42,5,66,38,53,1,98,96,2,70
57,39,11,92,19,75,66,94,47,97
25,44,76,13,45,9,3,50,28,32
25,44,20,64,45,9,78,50,94,73
53,86,61,15,43,34,16,27,12,41
25,93,76,13,65,14,12,86,94,73
95,93,10,20,33,10,90,91,38,37
25,73,20,64,65,14,3,61,94,14
17,60,91,1,52,72,57,100,40,91
25,93,76,64,56,14,3,86,94,14
25,44,20,13,45,14,12,86,28,32
25,44,76,13,45,14,3,61,94,14
58,71,92,92,19,25,86,19,47,97
25,93,20,13,65,9,78,86,94,14
73,59,12,72,97,75,5,38,11,83
42,5,66,38,53,1,98,4,2,70
72,49,27,36,22,98,79,84,95,53
25,73,76,13,65,9,3,61,28,32
7,18,92,92,19,25,91,19,16,97
58,39,92,96,19,25,86,44,79,97
7,18,11,96,19,25,66,94,47,97
90,26,90,9,43,33,16,29,12,41
18,5,66,97,70,99,37,96,2,70
58,18,92,92,19,25,86,19,47,97
25,5,20,44,11,21,98,97,6,6
53,36,61,15,84,33,16,29,12,8
7,100,50,66,88,25,99,78,93,58
31,37,75,40,52,81,88,40,24,97
25,73,76,64,45,9,3,61,94,73
58,18,92,92,19,75,86,44,79,97
25,73,76,64,65,14,78,50,35,73
7,71,92,92,19,25,66,94,16,97
57,18,11,96,19,64,86,19,79,97
25,73,20,64,45,9,78,50,35,32
58,18,11,92,19,25,91,19,79,97
7,71,11,96,19,25,91,19,79,83
57,18,92,96,19,75,91,19,79,97
57,39,92,92,19,75,66,19,16,83
61,5,66,38,53,1,37,19,2,23
56,81,63,38,37,99,95,1,32,47
7,100,50,99,88,25,99,2,93,20
57,18,92,96,19,75,86,94,16,97
57,71,11,92,19,64,91,19,16,83
57,71,92,92,19,25,91,44,47,97
25,44,20,13,56,9,3,61,94,32
16,35,30,49,90,84,16,61,49,16
57,18,92,92,19,75,91,19,79,97
25,44,76,64,65,9,12,50,35,73
8,63,66,20,33,10,25,91,38,37
25,93,20,13,56,14,3,61,94,73
42,5,66,97,70,1,98,19,2,31
25,44,76,64,56,14,12,61,94,32
7,100,50,66,68,25,99,23,93,20
7,39,92,96,19,64,86,94,16,83
64,100,50,99,68,25,99,23,6,20
7,18,11,92,19,75,66,94,79,97
25,44,20,64,65,9,3,50,28,14
25,93,76,64,45,9,78,61,94,14
25,44,20,64,45,9,12,50,94,32
25,73,20,13,65,14,78,50,35,14
53,86,90,9,43,34,16,29,12,41
17,87,62,1,52,72,65,100,54,91
25,44,20,13,65,9,12,61,35,73
25,73,20,64,56,9,78,86,94,32
57,71,92,92,19,64,86,19,16,97
25,93,76,13,56,9,3,86,94,73
7,40,50,99,73,25,99,23,99,58
90,86,50,96,84,34,16,29,19,8
99,37,75,79,79,42,88,82,10,15
17,37,75,40,53,42,88,51,10,15
25,73,20,64,45,9,12,61,35,32
25,73,20,13,65,9,78,86,94,14
25,93,76,64,45,9,12,50,94,73
4,35,30,14,90,73,96,94,49,7
25,44,76,64,45,14,78,86,94,14
53,36,90,15,84,34,16,27,12,27
57,71,92,92,19,64,91,94,79,83
45,26,50,15,84,33,16,29,19,27
25,44,76,13,65,14,12,50,28,73
42,5,66,97,70,1,98,96,2,70
57,39,92,96,19,25,91,19,16,83
57,18,11,92,19,75,91,44,47,97
58,71,11,96,19,25,91,19,16,83
25,44,76,13,65,9,78,86,28,14
7,18,92,92,19,75,91,19,79,97
8,93,10,20,33,59,90,91,38,21
57,71,92,96,19,25,91,94,47,97
7,39,11,92,19,25,86,19,79,97
25,93,20,13,65,9,3,61,35,73
58,71,92,92,19,25,91,94,47,83
45,26,90,9,84,33,16,29,19,41
17,60,62,20,52,72,34,100,40,91
36,48,77,94,48,10,95,95,13,26
57,71,11,92,19,25,66,94,47,97
25,73,20,64,56,14,3,50,35,14
8,48,77,94,48,10,95,99,55,26
58,18,92,96,19,75,86,19,16,83
25,44,76,64,65,9,12,61,35,32
36,48,77,94,79,10,95,95,13,24
58,18,92,92,19,64,91,94,16,83
25,93,20,64,45,14,78,50,28,73
25,5,20,28,48,21,76,97,6,4
90,86,50,9,84,33,16,27,12,8
57,18,92,92,19,64,66,44,16,83
90,26,61,9,84,33,16,29,19,41
45,26,50,9,43,33,16,27,19,27
25,44,20,13,45,9,78,50,35,73
57,39,92,92,19,75,86,19,16,97
45,26,61,96,43,34,16,29,19,41
57,71,92,92,19,75,66,44,16,97
36,48,5,94,23,10,95,95,13,82
25,44,20,64,45,9,12,86,94,14
45,26,90,96,84,34,16,29,12,27
57,71,11,96,19,75,91,44,79,97
42,5,66,38,53,99,37,4,2,23
57,71,11,92,19,25,91,94,79,97
7,18,92,92,19,64,66,19,47,97
45,86,61,15,84,33,16,29,12,8
25,93,76,64,45,9,78,86,35,32
57,71,92,96,19,25,86,19,47,83
18,5,66,38,53,48,98,4,2,70
36,60,5,94,48,73,95,95,55,26
25,5,20,44,43,21,76,97,6,33
7,18,92,92,19,75,66,19,79,97
7,100,50,66,88,25,99,23,99,20
25,44,20,64,45,14,78,86,94,73
53,36,50,15,43,34,16,27,19,8
25,73,76,64,56,14,12,50,28,32
58,18,92,92,19,25,86,94,16,83
31,37,75,40,79,81,88,40,10,97
8,60,77,94,79,10,95,95,13,24
45,26,61,15,43,33,16,29,19,8
7,71,11,92,19,64,91,44,47,83
25,44,76,13,45,14,3,50,28,73
25,73,76,13,65,9,78,50,94,14
18,5,66,38,70,1,37,96,2,23
73,10,12,72,76,75,5,68,11,83
25,93,76,13,65,14,12,86,28,32
25,73,76,13,45,9,3,50,35,14
18,5,66,97,53,1,37,96,2,23
57,71,11,96,19,75,91,19,47,83
87,97,71,46,39,95,41,92,40,85
87,97,9,46,39,95,41,92,40,85
53,86,50,96,84,34,16,27,19,8
25,44,76,13,65,14,12,50,35,32
12,81,63,38,43,99,95,96,42,47
57,39,11,96,19,75,91,44,47,97
25,93,20,13,45,14,12,86,28,73
25,5,13,28,11,21,76,97,6,6
16,35,30,49,90,73,16,94,49,16
64,100,50,66,68,25,99,78,6,20
25,44,76,13,56,9,12,50,28,14
25,44,76,13,56,14,3,50,94,32
53,86,90,96,84,34,16,27,19,27
56,81,63,38,43,99,36,1,32,21
58,18,11,92,19,64,86,19,79,97
58,39,11,96,19,75,91,19,79,83
25,44,20,64,45,14,3,50,35,73
53,26,61,96,84,33,16,29,12,8
25,73,76,13,65,9,78,50,35,73
45,26,50,15,84,34,16,27,12,27
90,86,90,96,43,33,16,29,19,27
57,71,11,96,19,75,86,94,79,83
45,26,50,96,84,33,16,29,19,8
25,44,76,64,65,14,12,50,28,32
45,26,61,15,84,33,16,27,19,41
25,73,20,13,65,9,78,86,35,14
57,39,11,92,19,75,66,94,47,83
25,93,76,64,65,9,12,50,94,73
35,91,18,77,78,89,39,89,89,34
92,100,50,99,68,25,99,78,6,58
45,86,90,96,43,34,16,27,19,8
90,36,61,96,84,33,16,29,19,41
25,93,20,64,65,14,3,50,35,14
58,71,92,92,19,75,66,19,47,83
56,81,63,38,43,49,95,96,42,47
57,71,11,92,19,25,86,19,79,97
90,86,61,15,84,33,16,29,19,41
17,37,75,40,79,42,88,51,10,15
58,18,92,96,19,75,91,44,47,83
45,36,90,9,84,34,16,27,19,27
57,18,11,96,19,25,66,19,47,97
25,93,76,13,56,14,78,86,35,14
25,44,20,64,56,14,12,50,94,73
7,39,11,96,19,75,66,44,16,83
90,86,90,96,43,34,16,27,19,27
56,81,63,38,43,49,36,96,42,42
42,5,66,38,53,1,98,4,2,31
25,73,76,13,65,9,3,86,94,32
45,26,61,15,84,34,16,29,19,27
25,73,76,64,56,9,3,50,94,73
17,60,62,67,52,72,57,95,46,91
90,26,50,15,43,34,16,29,19,8
25,44,76,64,45,14,78,50,94,73
25,73,20,64,65,9,3,50,28,14
58,71,11,96,19,64,86,19,79,97
92,100,50,66,88,25,99,2,6,20
57,71,11,92,19,75,66,44,47,83
73,59,90,72,97,75,5,38,11,83
7,39,92,96,19,64,86,44,79,97
7,71,11,92,19,64,86,44,79,97
7,18,92,96,19,75,86,19,47,97
25,93,20,13,56,14,3,50,94,32
58,18,11,92,19,64,91,94,47,83
92,40,50,99,68,25,99,23,93,20
25,73,76,64,45,14,12,61,94,32
64,40,50,66,88,25,99,23,6,58
58,39,92,96,19,75,91,94,16,97
63,22,83,87,59,88,67,26,36,83
17,60,56,1,52,72,34,100,46,91
36,60,77,94,79,73,95,95,55,82
57,39,11,92,19,25,86,94,16,83
53,26,61,9,84,33,16,27,19,27
73,59,7,72,97,13,5,16,75,83
90,26,61,9,43,33,16,27,19,8
25,93,76,64,56,9,12,86,28,32
17,87,56,67,52,72,65,100,40,91
25,93,20,64,65,9,3,50,94,73
58,39,11,96,19,75,86,94,47,83
53,86,50,9,84,34,16,29,19,41
95,93,66,20,33,10,25,91,38,37
25,44,76,64,45,9,12,86,28,14
53,36,90,9,84,34,16,29,19,8
58,39,92,92,19,25,66,94,47,97
12,81,63,38,43,99,36,96,42,21
7,100,50,66,73,25,99,78,93,58
99,37,75,40,79,42,88,82,24,15
25,93,76,64,56,9,3,50,35,73
42,5,66,38,53,99,98,19,2,70
36,60,77,94,79,73,95,95,13,26
58,39,92,96,19,25,66,44,79,97
53,36,50,15,84,34,16,29,12,8
25,93,20,64,45,14,12,50,28,73
57,39,11,96,19,75,91,94,47,83
25,73,76,64,45,14,12,61,94,14
53,86,61,15,43,33,16,29,12,41
64,40,50,66,68,25,99,78,93,20
7,71,11,92,19,75,91,19,47,83
73,22,90,72,97,13,5,16,75,83
58,71,92,92,19,64,66,94,16,97
53,36,61,9,43,33,16,27,19,8
17,60,56,67,52,72,34,100,40,91
7,18,92,96,19,75,66,94,47,83
64,40,50,66,88,25,99,78,99,20
25,44,76,64,56,9,78,86,94,32
53,26,50,15,84,33,16,27,19,27
53,86,50,15,43,33,16,27,19,8
58,39,92,92,19,25,86,19,79,97
7,100,50,99,88,25,99,2,6,20
25,93,20,64,65,14,12,86,94,14
58,18,11,96,19,25,66,94,79,83
58,39,92,96,19,25,91,19,79,83
7,71,11,96,19,64,86,19,47,97
58,71,11,92,19,64,91,19,47,97
25,73,76,64,45,14,78,50,35,73
53,36,61,15,84,33,16,27,19,8
58,71,92,96,19,25,66,44,47,97
8,63,66,20,33,1,25,91,38,99
18,5,66,38,53,1,37,4,2,31
63,22,83,95,59,88,61,100,32,83
7,71,92,92,19,25,66,19,79,97
58,71,11,92,19,64,66,19,16,83
57,71,92,96,19,64,91,19,16,83
45,36,50,9,84,33,16,29,19,27
7,40,50,66,73,25,99,23,6,20
33,27,32,15,25,67,79,20,68,48
73,59,12,72,76,75,5,16,11,83
7,39,92,96,19,75,66,19,79,83
55,81,63,38,1,49,95,1,32,21
45,26,61,9,84,34,16,29,12,27
58,18,92,96,19,25,86,94,79,83
25,44,76,13,56,9,3,61,94,73
87,97,71,46,39,16,41,92,40,85
69,97,71,46,17,95,41,92,40,85
45,26,90,96,43,34,16,27,12,41
25,44,20,13,65,9,12,86,35,73
17,37,75,40,53,42,88,82,24,44
53,26,50,9,43,34,16,27,19,41
53,86,50,96,84,33,16,27,12,8
25,44,76,64,45,9,78,61,28,32
31,37,75,79,53,42,88,51,24,44
18,5,66,38,53,1,98,19,2,23
25,73,20,64,45,14,78,86,94,14
7,71,11,96,19,64,66,44,47,97
90,26,90,96,43,33,16,29,12,27
64,100,50,66,68,25,99,2,6,58
35,94,18,8,78,89,33,89,89,34
7,39,92,96,19,25,91,19,16,97
25,93,20,13,56,14,3,86,28,73
57,39,92,92,19,75,91,44,47,97
25,73,20,64,56,9,12,50,28,32
90,26,90,15,43,34,16,29,12,8
25,44,76,64,65,14,3,50,94,73
7,18,92,92,19,75,66,94,79,83
57,71,92,96,19,64,91,44,79,83
25,44,20,13,56,14,12,61,28,14
57,18,11,96,19,75,86,19,47,83
90,86,61,96,43,33,16,27,12,27
25,93,20,64,45,14,3,86,28,14
7,71,92,92,19,64,86,44,47,97
90,36,50,15,84,34,16,27,19,8
57,39,11,96,19,64,91,44,47,83
7,18,92,92,19,64,66,44,79,97
58,63,10,20,33,10,25,91,38,37
45,26,50,9,84,33,16,29,12,8
7,39,11,96,19,64,86,94,79,83
90,26,90,9,43,34,16,27,19,27
7,100,50,66,88,25,99,23,6,58
25,73,76,13,56,9,12,61,94,32
58,39,92,96,19,75,91,19,16,97
53,26,50,15,84,33,16,27,19,41
25,44,20,64,65,14,78,86,35,32
25,93,76,13,45,14,3,86,35,32
53,36,50,15,84,33,16,29,19,8
57,18,11,96,19,25,66,44,79,97
58,71,92,96,19,75,66,44,47,83
25,44,76,64,45,9,3,86,35,14
7,39,11,96,19,25,86,44,16,97
57,71,11,92,19,25,91,44,79,83
95,93,10,20,33,59,90,91,38,37
16,35,30,49,90,73,3,13,49,7
57,18,92,96,19,25,86,94,47,97
25,44,20,13,45,9,3,86,94,73
57,39,11,96,19,25,86,94,47,83
45,26,50,96,43,33,16,27,19,27
63,22,83,87,59,88,60,26,32,83
57,39,92,92,19,64,86,94,47,83
57,39,92,96,19,64,91,19,16,83
7,39,92,96,19,25,91,94,16,83
25,93,20,13,56,9,12,86,35,14
90,26,61,9,84,34,16,27,12,8
31,37,75,79,79,81,88,51,24,97
16,35,30,49,90,84,96,61,49,7
58,71,11,92,19,25,86,94,47,83
64,100,50,99,73,25,99,2,93,58
57,39,11,92,19,64,66,19,79,97
7,18,11,92,19,64,91,94,16,83
35,75,18,8,78,89,33,89,36,34
25,44,76,13,65,14,78,61,94,73
25,73,76,64,65,9,78,86,94,73
45,26,90,96,43,34,16,29,19,27
63,22,74,95,59,88,61,100,32,14
57,39,11,92,19,25,91,94,16,83
7,71,92,96,19,25,91,19,47,97
36,48,77,94,79,73,95,95,13,24
61,5,66,97,70,48,37,19,2,70
25,73,76,64,45,14,3,61,94,32
45,86,50,96,43,33,16,29,12,8
25,44,76,13,65,14,78,61,94,14
58,18,92,92,19,64,66,19,16,97
25,44,20,13,45,9,12,86,28,14
7,18,92,96,19,25,86,19,47,97
57,39,92,96,19,75,86,44,16,97
25,73,20,13,45,9,3,50,35,73
25,44,76,13,65,9,3,50,94,14
25,44,76,13,45,14,12,86,35,14
25,73,76,64,45,14,3,50,35,14
25,73,76,13,45,14,3,50,35,32
7,71,92,96,19,25,91,19,79,97
36,60,77,94,48,73,95,95,13,82
8,93,10,20,33,1,25,91,38,21
25,93,20,64,65,14,78,61,35,32
17,87,56,1,52,72,34,100,46,91
25,44,20,64,45,14,78,61,28,14
36,48,77,94,48,10,95,99,55,24
25,93,20,13,45,14,78,86,28,32
64,100,50,66,73,25,99,23,93,58
7,39,11,96,19,75,86,94,16,97
25,44,20,64,45,14,3,50,28,73
57,18,11,96,19,25,91,94,47,97
25,73,20,64,65,14,78,50,28,14
18,5,66,38,53,48,37,96,2,70
58,39,11,92,19,75,86,94,79,83
58,71,11,92,19,75,91,44,16,83
25,73,20,13,56,9,78,86,35,14
25,73,76,64,45,14,78,86,28,73
25,93,76,64,65,9,12,50,35,73
7,18,11,92,19,75,86,94,16,97
73,59,12,72,76,13,5,16,75,83
58,39,11,96,19,75,66,94,79,83
25,93,76,64,65,14,78,61,94,14
25,44,20,13,45,9,12,61,35,14
25,5,85,28,43,21,76,97,6,33
58,71,11,92,19,25,86,44,47,97
25,93,20,64,45,14,78,50,35,32
7,18,92,92,19,64,86,94,47,97
64,40,50,66,88,25,99,2,93,20
25,44,76,64,45,9,12,50,35,73
90,26,90,9,43,33,16,27,19,8
58,39,11,92,19,64,91,19,16,97
90,86,61,15,43,34,16,27,12,8
73,59,90,72,97,13,5,16,75,83
7,71,92,96,19,75,86,19,47,83
25,93,76,64,45,9,12,86,94,32
25,93,20,13,56,14,12,86,28,32
18,5,66,97,53,48,37,19,2,70
64,40,50,99,88,25,99,23,99,58
73,22,12,72,97,13,5,68,11,83
50,91,18,8,78,89,92,89,36,34
53,26,61,96,43,34,16,27,12,27
58,39,92,96,19,25,66,94,47,97
25,93,76,13,65,14,78,50,28,14
36,48,77,94,79,10,95,95,13,26
58,39,11,96,19,75,91,19,47,83
25,93,20,13,56,9,78,61,28,32
17,37,75,40,53,81,88,51,10,44
53,26,61,96,84,34,16,29,12,27
25,93,76,13,45,14,78,50,28,73
57,71,92,96,19,64,91,44,16,83
25,73,20,13,56,14,78,61,28,73
58,71,92,96,19,25,91,94,47,83
58,18,92,96,19,75,86,19,79,83
7,39,11,96,19,75,91,19,79,97
57,71,11,92,19,25,91,19,47,97
31,37,75,40,79,81,88,40,24,97
25,73,76,13,45,14,12,50,35,73
57,71,92,92,19,64,91,44,47,83
90,26,50,15,84,33,16,27,12,8
25,44,20,13,45,14,3,61,35,32
90,86,61,9,43,33,16,29,12,27
25,73,76,64,65,9,12,61,94,73
25,73,20,64,65,9,3,61,35,73
90,86,50,96,84,33,16,27,12,41
45,86,90,15,84,33,16,27,19,8
25,44,76,13,45,9,3,61,94,73
17,60,62,67,52,72,34,95,46,91
63,22,91,95,59,88,67,100,36,14
17,60,91,20,52,72,65,100,54,91
50,94,18,77,78,89,33,89,85,34
25,73,76,64,45,9,3,61,28,73
4,35,30,49,90,73,16,13,49,16
57,39,92,92,19,75,66,94,79,97
45,26,50,9,84,33,16,27,12,41
53,26,61,15,84,33,16,27,19,8
25,73,76,64,45,9,12,61,35,32
92,100,50,66,68,25,99,2,6,20
90,26,90,9,84,33,16,27,12,41
45,86,50,96,43,34,16,29,12,41
7,39,92,96,19,75,66,44,47,83
58,18,92,92,19,75,91,19,16,83
63,22,83,87,59,88,61,26,32,83
7,18,92,92,19,75,86,94,79,83
57,71,11,92,19,25,66,94,16,97
7,71,92,96,19,75,91,94,79,83
57,39,11,96,19,25,66,94,47,97
25,93,20,13,56,14,78,50,94,32
58,39,92,92,19,64,86,44,79,97
45,26,90,96,84,34,16,27,19,8
7,39,11,96,19,25,86,19,16,83
25,73,76,13,56,14,3,61,94,14
25,93,76,13,45,9,78,50,35,14
58,39,92,96,19,25,66,19,16,83
17,60,62,1,52,72,65,100,40,91
25,44,76,64,45,9,3,61,35,32
16,35,30,14,90,73,96,61,49,16
45,26,90,96,84,34,16,27,19,41
63,22,91,87,59,88,60,100,32,83
25,93,76,13,65,9,12,61,94,73
90,36,50,96,84,34,16,29,19,8
25,73,76,64,56,14,78,61,35,73
25,73,20,13,56,9,78,86,94,32
53,36,50,15,43,33,16,29,19,8
7,71,11,96,19,75,91,44,16,97
25,73,76,64,65,9,3,61,94,32
25,93,20,13,65,9,78,86,28,73
25,44,20,64,56,9,3,86,35,14
7,39,11,96,19,64,91,44,16,83
90,86,61,9,43,33,16,27,19,41
90,86,61,9,84,33,16,29,19,8
25,44,20,13,56,14,78,86,35,14
73,59,7,72,76,13,5,16,75,83
57,71,11,96,19,25,86,94,79,83
25,44,20,64,45,14,3,86,28,32
25,93,76,13,65,9,78,61,28,32
58,18,11,92,19,75,66,44,47,97
75,27,32,65,33,7,8,20,68,71
90,26,90,9,43,34,16,27,19,41
25,93,20,64,45,14,78,50,28,14
25,44,20,64,56,14,12,50,35,32
90,86,61,96,84,33,16,27,12,8
45,86,50,96,43,34,16,27,19,27
57,39,11,96,19,64,86,94,16,97
90,86,90,15,43,33,16,29,19,27
8,60,5,94,48,10,95,95,13,82
90,36,90,9,84,33,16,27,19,8
45,86,50,9,43,33,16,27,12,41
45,26,61,9,84,34,16,27,19,27
25,73,20,13,65,14,78,61,28,14
12,5,20,28,43,21,98,97,6,6
92,100,50,99,68,25,99,2,93,20
57,18,92,92,19,25,86,94,47,83
7,18,92,96,19,25,91,94,79,97
25,93,76,13,65,14,78,61,28,14
90,26,90,15,84,34,16,27,12,27
99,37,75,79,53,81,88,82,10,97
4,35,30,49,90,84,96,13,49,7
17,60,91,67,52,72,57,95,46,91
45,26,50,9,43,33,16,27,12,27
57,71,11,96,19,75,91,94,79,83
7,18,92,92,19,25,91,44,47,97
17,37,75,79,52,42,88,40,24,97
57,39,92,96,19,25,91,19,47,97
36,48,77,94,23,10,95,95,13,26
25,73,20,13,56,9,78,61,94,14
45,36,50,15,43,34,16,29,12,27
4,35,30,49,44,31,16,61,49,7
57,39,11,96,19,75,86,94,16,97
58,18,92,92,19,75,86,19,47,83
58,39,92,92,19,75,91,44,47,83
72,49,27,37,35,98,79,84,95,53
56,81,63,38,43,49,36,96,32,21
25,44,76,13,65,9,3,86,94,14
36,60,5,94,79,10,95,99,13,82
57,71,92,92,19,75,86,19,47,97
25,73,76,13,56,14,12,61,94,73
17,87,56,1,52,72,65,95,46,91
25,44,76,13,56,9,78,61,28,73
7,18,11,92,19,25,86,19,47,97
17,37,75,40,52,42,88,51,24,44
45,26,50,9,43,33,16,29,19,41
25,93,76,64,65,9,12,50,35,32
45,86,50,15,43,34,16,29,12,41
45,86,50,9,84,33,16,29,12,8
53,86,61,96,43,33,16,29,12,8
90,36,50,15,84,33,16,29,12,8
25,44,76,13,65,9,12,50,28,14
45,26,50,15,43,33,16,29,19,27
25,93,20,13,65,9,12,61,94,14
53,36,50,96,43,33,16,29,19,8
17,87,62,20,52,72,34,100,40,91
58,71,92,92,19,25,66,94,16,83
25,73,76,13,45,9,3,50,94,14
99,37,75,40,52,81,88,82,10,15
4,35,30,49,90,73,16,61,49,7
58,39,92,92,19,64,66,19,16,83
7,39,11,92,19,64,66,94,16,97
95,93,10,20,33,10,90,91,38,21
57,71,11,92,19,75,86,94,79,83
53,86,90,96,84,33,16,29,12,8
35,75,18,21,78,89,39,89,36,34
25,44,76,13,45,14,12,61,94,14
25,73,20,13,65,14,12,86,94,14
58,39,11,96,19,75,66,44,16,97
53,36,61,15,43,34,16,29,19,27
64,40,50,66,88,25,99,2,6,20
58,71,92,96,19,25,66,19,47,97
92,40,50,66,88,25,99,2,6,20
8,48,5,94,79,10,95,95,55,82
25,5,85,28,48,21,76,97,6,4
45,36,61,15,43,34,16,29,12,41
17,37,75,40,79,42,88,51,24,15
25,44,20,13,56,9,3,50,35,32
17,87,91,20,52,72,57,95,46,91
58,39,92,92,19,25,66,19,79,83
7,39,92,92,19,64,86,19,79,83
25,73,76,13,56,14,12,86,94,14
25,73,20,13,56,14,78,61,35,73
25,44,20,64,45,14,78,50,28,14
8,48,5,94,23,10,95,99,55,26
7,71,11,96,19,25,91,44,47,97
61,5,66,97,53,99,37,96,2,23
17,37,75,79,79,81,88,40,10,97
57,71,92,92,19,75,66,94,79,97
25,73,20,13,45,9,12,61,28,32
58,71,11,92,19,75,66,19,79,83
7,40,50,66,68,25,99,78,93,20
58,39,92,92,19,75,86,94,79,83
4,35,30,14,90,31,16,94,49,16
25,73,76,13,56,14,12,50,94,32
17,60,62,67,52,72,34,95,40,91
58,71,92,96,19,64,91,19,79,83
64,100,50,66,73,25,99,2,93,20
90,36,50,96,84,33,16,29,12,27
25,73,20,64,45,9,3,86,35,32
73,59,90,72,97,13,5,68,75,89
25,93,76,64,65,14,78,86,35,32
25,44,20,64,56,9,3,61,94,73
45,26,61,96,84,33,16,29,12,8
25,93,76,13,65,9,78,61,28,14
25,93,20,64,65,14,3,86,28,32
25,44,20,64,65,9,12,61,94,32
45,86,50,96,43,33,16,29,19,27
25,44,76,13,45,9,12,50,35,14
25,44,20,13,56,9,12,86,94,14
99,37,75,40,52,81,88,40,24,97
57,71,11,96,19,25,91,44,79,83
25,93,76,13,65,14,3,61,35,32
58,18,11,96,19,64,66,44,79,97
45,86,50,15,84,34,16,27,19,41
25,44,20,13,45,9,12,50,94,73
16,35,30,14,90,73,16,94,49,16
90,26,61,96,43,34,16,27,12,27
33,27,32,65,33,7,79,20,68,48
53,36,61,9,84,33,16,27,19,8
31,37,75,79,79,81,88,51,24,44
25,73,20,13,56,9,78,61,35,14
25,44,76,13,45,14,3,61,35,14
64,40,50,99,68,25,99,23,99,20
57,71,11,96,19,64,91,94,79,83
53,86,61,96,43,33,16,29,19,41
25,93,20,13,56,14,78,50,94,14
8,48,5,94,48,73,95,95,55,26
90,36,50,15,84,33,16,29,12,27
7,39,11,92,19,64,86,44,79,83
16,35,30,49,44,84,3,13,49,16
25,93,76,13,56,14,78,61,28,32
17,37,75,40,79,81,88,51,10,15
58,71,92,96,19,75,66,44,79,83
25,73,76,64,56,14,78,86,28,32
7,39,92,96,19,64,86,94,47,83
25,44,76,13,45,9,12,50,35,73
69,97,3,46,39,95,78,92,40,85
45,86,90,9,84,34,16,29,19,41
57,18,92,96,19,25,66,94,47,83
53,26,61,9,43,34,16,29,19,27
25,93,76,64,56,14,3,50,35,14
57,18,92,96,19,64,91,94,47,97
50,94,18,77,78,89,92,89,89,34
45,26,50,9,84,34,16,27,19,8
58,39,92,96,19,64,86,44,16,83
58,18,92,92,19,75,86,94,47,97
57,39,11,92,19,25,66,19,79,83
99,37,75,40,52,42,88,82,24,97
45,26,90,96,84,33,16,27,12,8
57,18,11,92,19,64,91,44,47,83
25,73,76,64,65,14,78,86,94,14
7,18,11,92,19,75,86,44,16,83
25,44,20,13,56,9,78,50,35,32
25,44,76,64,65,14,78,61,35,73
17,37,75,79,52,81,88,51,10,97
58,18,11,92,19,64,91,19,16,97
58,76,10,20,33,1,90,91,38,21
64,100,50,99,88,25,99,23,6,58
42,5,66,97,53,99,98,19,2,31
53,86,90,96,84,34,16,27,19,8
90,36,90,96,84,34,16,27,19,27
17,87,91,1,52,72,65,100,40,91
57,18,92,96,19,25,86,19,79,83
53,26,50,15,84,34,16,27,19,27
7,39,92,96,19,64,91,94,79,97
90,26,61,9,43,34,16,27,12,41
12,5,13,28,48,21,76,97,6,4
61,5,66,97,70,48,37,19,2,23
35,75,18,8,78,89,92,89,36,34
90,26,90,15,84,33,16,29,12,27
58,18,92,96,19,25,86,19,16,97
99,37,75,79,79,81,88,40,24,97
7,39,92,92,19,75,91,19,16,83
16,35,30,14,44,84,16,13,49,7
25,44,20,64,56,14,78,86,28,73
53,26,61,9,43,34,16,27,12,8
25,44,20,64,56,9,12,50,28,14
58,39,11,96,19,64,66,44,79,83
57,71,92,96,19,64,86,19,47,97
45,26,90,15,43,34,16,27,12,8
53,86,90,15,84,33,16,29,12,41
25,44,76,64,56,14,3,61,28,14
56,81,63,38,43,49,36,1,42,47
7,71,11,92,19,25,86,19,16,83
25,93,76,64,65,9,12,86,94,73
90,36,50,96,43,33,16,27,19,27
53,86,90,9,43,34,16,27,19,8
58,18,11,96,19,64,91,19,16,97
25,93,76,13,56,14,12,86,28,32
58,71,11,92,19,64,86,19,79,83
25,44,20,64,56,9,78,61,94,32
45,86,90,9,43,33,16,29,19,27
53,86,90,9,43,33,16,29,19,27
53,86,50,15,43,33,16,29,12,27
25,73,20,13,56,9,78,50,35,32
17,87,91,1,52,72,65,95,40,91
90,36,50,15,84,33,16,27,12,8
57,39,11,96,19,25,86,94,47,97
36,60,77,94,48,10,95,95,55,26
25,44,20,13,65,14,78,50,35,14
57,39,92,92,19,64,66,19,16,97
58,18,11,92,19,64,91,19,47,83
90,36,90,96,43,34,16,27,19,41
58,39,11,96,19,75,66,94,16,83
58,18,92,96,19,25,91,44,79,83
25,44,76,13,56,14,12,61,35,73
25,44,76,13,56,14,12,61,28,73
25,5,20,44,43,21,98,97,6,4
25,73,76,64,56,9,3,50,94,14
25,93,76,64,65,14,78,61,28,32
95,63,10,20,33,10,90,91,38,99
25,44,20,13,65,14,78,86,28,14
25,44,76,13,45,14,12,50,35,32
53,86,50,9,43,34,16,29,12,27
90,86,90,15,84,33,16,27,12,27
73,22,12,72,76,75,5,16,75,83
45,86,90,9,43,34,16,27,19,41
25,44,76,64,45,14,12,50,35,73
25,44,20,64,65,14,3,61,35,14
90,26,50,9,84,34,16,27,12,41
57,18,11,92,19,64,66,19,16,97
31,37,75,79,79,42,88,40,24,97
25,93,20,64,65,9,3,50,94,32
25,93,76,64,45,9,78,50,28,32
57,18,92,92,19,75,86,44,16,83
7,18,92,92,19,64,66,44,16,97
25,73,76,64,56,14,12,50,28,14
57,18,92,96,19,64,86,19,16,97
25,73,20,64,65,14,78,86,35,32
7,18,11,92,19,64,86,94,79,97
8,76,66,20,33,59,25,91,38,99
25,73,20,13,45,14,78,86,28,73
25,93,20,13,65,9,3,50,35,32
25,93,76,13,56,9,12,61,35,73
45,86,90,96,43,34,16,29,12,8
53,36,61,96,43,33,16,29,12,41
75,27,32,65,25,48,79,20,68,48
25,93,20,13,65,14,78,86,28,73
58,39,92,96,19,64,66,94,16,83
58,71,92,96,19,75,91,19,47,83
55,81,63,38,1,99,95,96,42,42
12,81,63,38,43,99,36,96,32,42
25,44,20,13,65,14,3,86,94,73
25,44,20,64,56,9,3,61,28,14
57,71,11,92,19,64,91,94,79,97
58,18,11,96,19,75,66,19,79,83
58,71,92,96,19,25,86,44,79,83
12,5,85,28,43,21,98,97,6,6
25,93,20,13,56,14,78,61,94,14
57,18,11,92,19,64,86,19,79,83
63,22,74,87,59,88,60,100,32,83
58,39,11,92,19,25,66,44,79,83
57,18,92,96,19,64,86,94,16,97
25,73,76,13,65,14,78,61,28,32
58,71,11,92,19,64,91,44,16,83
95,63,66,20,33,10,25,91,38,99
25,44,76,64,45,9,12,61,94,14
7,18,92,92,19,64,91,19,16,97
7,40,50,99,88,25,99,2,99,20
7,71,11,92,19,64,66,94,79,97
25,93,76,64,45,14,78,50,94,32
45,36,90,96,84,33,16,29,12,8
8,48,5,94,23,73,95,95,55,26
25,93,20,13,56,14,78,86,28,73
25,93,20,13,65,14,12,86,35,73
58,71,92,92,19,25,91,19,79,83
58,71,92,92,19,64,91,44,16,97
35,94,18,21,78,89,33,89,36,34
45,86,90,9,43,34,16,29,19,41
25,73,76,13,45,9,12,61,94,14
90,36,50,9,43,34,16,27,19,41
25,93,20,64,65,14,78,61,28,73
90,26,61,96,84,33,16,27,12,27
25,93,76,64,56,14,78,61,94,73
25,93,76,13,56,14,3,86,28,32
55,81,63,38,37,99,36,1,32,21
25,44,20,13,65,14,3,61,28,73
90,86,50,9,43,33,16,29,12,27
90,36,61,9,43,33,16,29,19,8
17,60,62,67,52,72,57,95,54,91
17,37,75,40,53,42,88,82,10,15
53,36,50,15,84,34,16,27,12,41
57,18,92,92,19,64,91,94,16,83
73,59,7,72,97,75,5,38,11,83
25,93,76,64,45,14,12,61,35,32
61,5,66,97,70,99,37,4,2,23
99,37,75,40,53,81,88,82,10,97
45,26,50,9,84,33,16,29,19,41
42,5,66,38,53,99,98,4,2,31
7,39,11,96,19,75,86,19,79,83
57,39,92,92,19,25,86,19,16,83
57,39,11,92,19,25,86,19,79,97
57,18,92,96,19,75,86,44,16,83
25,93,76,13,65,14,12,50,94,73
25,93,20,13,45,14,3,50,94,73
7,39,11,92,19,64,91,44,47,97
7,71,92,92,19,75,86,44,79,83
45,36,61,9,84,33,16,27,19,8
18,5,66,97,70,99,37,4,2,23
25,44,76,13,56,9,12,61,35,32
25,93,20,13,45,9,3,86,94,14
17,60,62,67,52,72,65,100,54,91
53,26,90,15,43,33,16,29,12,41
58,18,11,92,19,64,91,94,79,97
57,18,11,92,19,25,91,19,79,83
7,18,92,92,19,64,66,19,47,83
45,26,90,96,84,34,16,27,12,41
7,39,92,96,19,64,91,94,47,83
25,44,76,13,56,14,3,50,94,73
45,86,50,15,84,34,16,27,12,41
57,71,11,96,19,64,86,44,47,97
25,73,76,64,56,14,78,86,35,73
25,93,20,64,56,9,78,61,28,14
25,44,20,13,45,9,3,61,28,14
53,86,90,9,84,33,16,27,19,27
61,5,66,38,53,99,98,96,2,31
7,18,11,92,19,64,66,19,47,83
90,36,61,15,84,33,16,27,19,8
8,60,77,94,23,73,95,99,13,26
57,71,11,96,19,64,91,94,47,97
25,44,20,13,45,14,78,86,28,73
25,5,85,44,43,21,76,97,6,6
58,18,92,92,19,75,91,44,16,83
58,39,92,92,19,75,66,44,47,97
61,5,66,38,53,99,98,19,2,23
12,81,63,38,37,99,95,1,32,42
17,60,56,67,52,72,34,95,54,91
25,93,20,64,45,9,12,61,94,32
57,18,92,92,19,64,86,94,47,97
7,40,50,66,88,25,99,23,6,58
16,35,30,49,90,31,96,94,49,16
7,71,11,92,19,25,91,19,16,83
90,36,61,15,43,33,16,29,12,8
25,44,20,13,65,9,3,61,28,32
45,36,50,9,84,34,16,29,19,41
25,73,76,13,65,14,12,61,35,32
45,26,90,15,84,34,16,27,12,41
8,63,10,20,33,10,25,91,38,37
7,18,11,92,19,25,86,94,79,97
53,86,90,96,43,33,16,29,12,27
53,26,50,9,43,33,16,29,12,27
90,26,61,15,84,33,16,29,12,41
25,73,76,64,65,14,78,50,28,14
58,18,92,96,19,75,86,94,47,97
25,93,76,13,65,9,78,50,28,14
8,60,77,94,23,10,95,95,55,82
58,18,92,92,19,25,66,94,47,97
63,22,74,87,59,88,61,100,32,14
45,26,61,96,43,34,16,27,19,41
53,86,90,15,43,33,16,29,12,27
25,44,76,13,45,9,78,86,28,73
7,18,92,92,19,75,91,44,16,83
57,39,11,96,19,75,66,19,47,97
73,59,7,72,76,13,5,68,11,89
8,93,10,20,33,1,25,91,38,99
58,71,92,92,19,75,86,94,79,83
17,94,26,68,21,33,33,59,75,66
17,60,56,67,52,72,57,100,40,91
53,86,50,9,84,34,16,27,19,8
16,35,30,49,90,84,3,13,49,16
53,36,90,96,84,34,16,27,12,41
4,35,30,14,90,73,3,61,49,16
57,39,92,92,19,25,86,94,79,97
57,71,11,96,19,75,66,94,47,83
58,71,11,96,19,75,86,19,47,97
25,44,20,13,45,14,3,50,94,73
25,93,76,13,45,9,78,50,94,73
58,18,11,96,19,25,86,44,47,97
58,39,92,92,19,64,66,94,47,83
18,5,66,97,53,99,37,19,2,23
57,18,11,96,19,64,86,44,16,83
45,36,90,96,84,33,16,29,19,27
36,60,5,94,23,10,95,99,13,26
25,73,76,13,56,14,78,86,28,32
7,100,50,66,73,25,99,2,6,58
25,73,76,64,56,9,3,50,28,73
56,81,63,38,43,99,36,1,42,47
7,18,92,96,19,75,66,19,16,97
25,44,76,13,56,14,12,50,35,73
57,18,92,96,19,75,66,94,16,97
92,40,50,66,73,25,99,2,99,58
92,40,50,66,68,25,99,78,6,58
25,44,76,64,65,14,3,50,94,14
57,39,11,92,19,25,91,19,16,83
25,44,20,13,65,14,78,61,94,14
25,44,76,13,56,9,78,50,94,14
7,71,92,96,19,25,86,94,16,83
53,36,90,9,84,34,16,27,12,8
25,93,20,64,45,9,78,86,35,14
58,39,11,96,19,64,66,19,47,83
45,86,50,15,43,33,16,27,12,41
58,18,92,92,19,64,66,19,16,83
25,93,20,64,56,14,3,50,28,73
25,73,76,64,65,14,3,61,94,73
73,59,90,72,76,75,5,68,11,89
63,22,83,95,59,88,60,26,36,83
25,93,76,64,65,14,3,50,94,14
25,73,76,64,45,9,78,50,28,73
25,73,76,64,56,9,3,86,94,73
53,36,61,9,43,33,16,27,12,41
7,39,11,92,19,75,86,44,47,83
25,93,20,64,56,14,78,61,28,32
53,36,90,15,43,34,16,27,19,8
25,93,76,13,56,14,3,61,35,73
25,93,76,64,56,14,78,61,28,73
25,73,20,64,45,14,78,50,35,73
45,86,61,96,43,34,16,27,19,8
57,71,11,92,19,75,66,19,79,97
7,71,11,96,19,25,86,44,79,83
25,73,76,64,56,9,78,61,35,73
45,26,61,9,43,34,16,27,19,41
25,44,20,13,65,9,12,50,28,32
99,37,75,79,53,42,88,51,10,15
58,39,11,96,19,64,91,44,47,83
90,86,90,96,43,33,16,29,12,8
90,86,61,96,84,33,16,29,12,27
53,86,50,96,43,34,16,27,19,8
25,44,20,64,65,14,3,50,35,14
25,93,76,64,45,9,78,61,28,73
53,86,50,9,43,33,16,27,12,41
58,18,11,96,19,75,66,19,16,97
95,76,66,20,33,59,90,91,38,99
25,44,20,13,45,14,12,50,35,32
7,39,92,96,19,64,86,94,16,97
25,73,20,64,45,9,78,86,35,14
58,39,92,96,19,64,91,94,79,97
90,26,50,96,84,34,16,27,12,8
90,86,50,9,84,33,16,29,19,41
58,18,11,96,19,25,86,94,16,83
25,44,20,64,65,14,3,50,94,14
58,71,11,92,19,64,86,94,47,97
58,71,92,96,19,25,91,44,79,83
25,73,20,13,65,9,12,61,28,73
25,73,20,13,65,9,78,50,94,14
58,39,11,96,19,25,91,44,16,97
42,5,66,97,70,1,37,96,2,23
57,71,11,96,19,75,86,19,79,83
7,39,92,92,19,64,91,44,16,97
7,71,11,96,19,75,91,94,79,97
57,71,11,96,19,64,66,94,16,83
7,39,92,96,19,25,91,94,16,97
25,44,20,13,45,9,78,61,94,14
7,39,92,96,19,25,66,44,79,97
25,44,20,64,56,14,78,50,35,32
7,40,50,66,73,25,99,2,93,20
57,71,92,96,19,64,66,44,47,83
42,5,66,97,53,99,37,19,2,70
90,26,61,15,43,34,16,27,12,41
53,36,50,9,43,33,16,27,19,27
58,71,92,96,19,25,91,44,79,97
4,35,30,49,90,31,96,94,49,7
53,26,50,96,84,34,16,27,19,8
25,73,76,64,65,14,78,86,35,73
18,5,66,97,70,99,37,19,2,31
90,26,61,15,84,34,16,27,19,41
45,26,61,96,43,33,16,27,12,8
25,5,20,44,48,21,98,97,6,6
57,39,92,92,19,64,86,94,79,97
7,39,92,92,19,64,86,44,16,97
25,93,20,64,45,14,78,86,28,73
55,81,63,38,43,49,95,96,32,42
90,86,61,96,43,34,16,27,19,41
8,48,5,94,79,10,95,95,55,24
53,26,50,15,43,34,16,29,19,41
45,36,61,9,43,33,16,27,19,27
57,39,92,92,19,64,66,19,16,83
42,5,66,97,70,48,98,19,2,70
58,18,92,92,19,75,66,94,16,83
55,81,63,38,1,99,95,96,32,21
25,73,76,64,65,14,3,61,28,14
16,35,30,49,90,31,96,13,49,7
36,48,77,94,79,10,95,99,55,24
57,39,92,92,19,75,91,44,16,97
25,73,76,13,56,14,12,86,94,73
99,37,75,40,52,81,88,51,24,15
90,86,90,15,43,34,16,29,12,8
18,5,66,97,53,1,37,4,2,31
73,59,7,72,97,75,5,16,11,83
58,18,11,92,19,64,91,19,47,97
45,26,90,15,84,33,16,29,19,27
25,93,20,64,45,9,12,61,94,73
7,18,11,92,19,25,86,44,79,83
7,71,92,96,19,25,86,19,79,97
7,39,92,96,19,25,86,19,16,97
57,18,11,96,19,75,66,44,16,97
90,36,61,96,84,33,16,27,12,8
57,71,11,92,19,75,66,19,47,83
25,73,20,64,65,9,78,61,35,14
90,26,50,9,43,33,16,27,19,8
63,22,74,95,59,88,60,100,36,83
58,71,92,96,19,75,86,94,79,83
58,18,11,92,19,75,86,94,79,83
58,71,92,92,19,75,66,19,16,83
17,87,91,67,52,72,57,95,54,91
8,60,5,94,79,10,95,99,13,82
57,71,11,96,19,75,66,44,16,83
25,73,20,64,65,9,78,86,35,73
25,93,76,13,65,9,12,50,28,32
92,40,50,99,88,25,99,23,6,20
17,94,86,68,21,76,33,59,75,66
58,71,11,96,19,64,66,44,16,97
25,73,76,13,56,9,12,86,35,73
8,48,5,94,48,10,95,99,55,24
25,44,76,13,65,14,3,86,35,14
58,18,11,92,19,64,66,94,79,97
42,5,66,97,53,1,98,19,2,70
4,35,30,14,90,73,16,13,49,16
8,48,5,94,48,10,95,99,55,26
7,18,92,96,19,64,66,94,16,83
8,60,77,94,23,73,95,99,55,24
57,71,11,92,19,75,86,94,16,97
53,26,50,15,84,33,16,27,12,27
25,5,85,44,48,21,76,97,6,33
25,73,20,64,56,9,3,86,28,32
35,75,18,21,78,89,33,89,85,34
7,100,50,66,88,25,99,2,6,20
25,44,76,13,56,14,3,61,28,73
57,18,92,96,19,75,86,19,79,97
31,37,75,40,79,81,88,51,24,44
17,37,75,79,79,81,88,82,24,97
57,71,11,92,19,75,66,94,16,97
25,93,20,13,56,14,78,61,94,73
45,26,90,15,43,33,16,29,19,8
25,44,76,13,45,14,78,86,94,14
7,18,11,96,19,25,91,44,79,83
58,39,92,92,19,25,66,94,16,83
57,39,11,92,19,64,86,44,47,97
25,44,20,13,56,9,12,86,28,14
7,18,92,92,19,25,66,44,16,83
25,73,76,64,65,9,78,61,28,14
57,39,11,92,19,25,86,19,47,97
58,18,11,92,19,75,66,19,16,83
53,36,50,15,43,34,16,29,12,8
7,71,11,96,19,25,91,44,79,97
45,36,90,15,84,33,16,27,12,8
25,44,76,64,56,14,12,86,94,73
64,40,50,66,68,25,99,2,99,20
25,44,76,64,45,9,12,50,28,73
25,73,76,13,56,9,12,50,35,14
57,71,11,96,19,75,66,94,79,97
45,36,61,9,43,33,16,29,19,27
33,27,32,91,25,48,79,20,68,71
58,18,92,96,19,64,86,19,79,97
90,36,61,9,43,33,16,29,19,27
58,39,11,92,19,64,91,19,79,83
57,39,11,92,19,25,66,94,16,83
18,5,66,97,53,99,37,19,2,70
90,86,61,96,84,33,16,27,19,8
25,44,20,13,56,14,3,50,94,73
53,26,90,9,84,34,16,29,19,27
58,39,92,96,19,64,66,44,16,83
18,5,66,38,53,1,98,96,2,70
16,35,30,14,90,84,96,94,49,7
25,73,20,64,56,14,78,61,94,32
57,18,11,96,19,64,66,94,16,83
58,39,92,92,19,25,91,44,16,83
17,60,62,20,52,72,34,95,40,91
17,87,62,1,52,72,34,100,54,91
16,35,30,14,90,31,3,61,49,7
31,37,75,79,52,81,88,40,10,15
25,93,76,13,45,9,12,86,94,14
25,93,20,13,45,9,12,86,94,73
45,26,90,9,43,33,16,29,19,27
25,93,76,64,45,9,78,61,35,32
58,39,11,92,19,25,66,94,79,83
7,18,11,92,19,64,86,94,16,97
25,44,20,13,65,14,3,50,35,32
53,36,90,9,84,34,16,29,12,8
53,86,50,9,84,33,16,27,19,41
8,63,10,20,33,10,25,91,38,99
53,26,50,96,43,34,16,27,12,27
57,71,11,96,19,25,66,44,16,97
25,44,20,13,45,14,78,50,28,73
25,93,20,13,65,9,78,61,35,73
25,44,76,64,65,9,3,86,35,14
58,71,11,92,19,75,66,94,79,97
90,86,50,96,84,33,16,29,19,41
25,93,76,64,65,14,78,50,28,14
7,39,11,96,19,75,91,19,47,83
25,93,20,64,45,9,3,61,35,32
58,71,11,92,19,25,66,19,79,83
90,36,90,9,84,33,16,27,12,8
64,40,50,66,73,25,99,2,99,58
17,37,75,79,53,42,88,51,10,97
25,93,20,64,45,9,12,61,28,14
25,73,20,64,45,9,3,61,35,14
7,18,92,92,19,64,91,94,47,97
25,44,76,64,65,14,78,61,28,14
57,39,92,92,19,25,66,94,47,83
36,48,77,94,48,10,95,99,13,24
58,71,92,92,19,25,66,19,79,97
90,86,90,96,43,33,16,27,12,8
90,36,61,9,43,34,16,29,12,41
58,71,11,96,19,25,66,94,47,83
7,18,11,96,19,64,91,19,47,83
45,26,61,15,84,33,16,27,12,8
58,71,11,92,19,75,86,44,47,97
25,44,76,13,56,9,78,50,28,73
57,18,92,96,19,25,66,94,79,97
90,26,61,15,43,34,16,29,19,8
25,44,20,64,56,14,12,86,94,14
45,86,61,9,43,33,16,29,19,27
25,93,76,13,45,14,3,50,28,32
90,26,50,15,84,34,16,27,19,41
25,93,76,64,56,14,78,50,35,73
16,35,30,49,90,84,96,94,49,7
25,44,76,13,65,9,12,86,28,73
25,73,20,64,56,14,12,61,35,32
53,36,61,96,43,34,16,27,12,8
25,44,20,13,56,9,12,61,94,73
53,86,50,9,84,34,16,29,12,41
25,44,76,13,45,9,12,86,94,14
25,44,76,64,56,9,3,86,35,32
7,40,50,99,68,25,99,78,6,58
25,93,76,13,56,9,78,86,28,73
57,39,92,96,19,75,66,94,79,83
25,93,76,13,45,9,12,50,28,32
16,35,30,14,44,31,16,13,49,16
42,5,66,97,70,99,37,96,2,70
25,93,20,64,45,9,12,50,35,32
31,37,75,40,79,42,88,51,10,44
7,40,50,66,73,25,99,2,99,20
73,10,12,72,76,13,5,16,75,83
58,39,92,96,19,64,86,94,16,83
87,97,3,46,17,95,78,92,40,85
7,39,11,96,19,25,66,44,16,97
7,71,11,92,19,75,91,94,47,97
95,63,10,20,33,10,25,91,38,21
58,71,92,92,19,25,66,44,47,83
17,87,56,67,52,72,65,95,46,91
58,18,11,96,19,64,91,19,47,97
17,37,75,79,52,42,88,82,10,44
90,26,50,15,43,33,16,27,12,27
53,86,50,96,43,33,16,29,19,8
25,73,20,13,56,14,12,86,28,32
25,44,76,13,56,14,3,61,94,32
57,39,92,96,19,64,86,94,47,97
42,5,66,38,70,99,37,96,2,70
45,26,61,9,43,34,16,29,19,8
73,22,12,72,76,75,5,38,11,83
25,44,20,13,45,9,12,86,28,73
25,73,76,64,56,9,78,86,28,32
25,73,76,64,65,14,78,86,35,14
25,44,20,13,56,9,12,61,94,32
25,73,20,64,45,14,3,50,35,14
57,71,92,92,19,25,66,19,79,97
18,5,66,97,70,1,98,4,2,70
53,26,61,15,84,33,16,27,19,27
45,26,61,15,84,34,16,27,19,41
25,93,76,64,65,14,78,61,35,32
90,36,50,9,84,33,16,27,12,8
90,86,50,15,84,33,16,27,12,27
8,60,5,94,48,73,95,99,55,26
57,39,92,92,19,25,91,94,79,97
57,18,11,96,19,25,86,44,16,97
53,86,50,15,84,33,16,27,12,8
25,93,20,13,45,9,3,86,28,73
7,18,92,92,19,75,66,19,16,97
73,10,7,72,76,75,5,16,75,89
57,39,92,92,19,75,66,19,16,97
25,73,20,64,65,14,78,86,94,14
7,39,92,96,19,75,91,94,16,83
17,60,91,20,52,72,57,100,40,91
58,71,92,96,19,75,91,44,16,83
57,18,92,96,19,25,66,94,79,83
25,44,20,13,65,9,78,50,94,73
42,5,66,97,70,48,37,96,2,23
7,18,92,92,19,75,91,94,16,83
57,39,92,92,19,25,66,19,16,83
25,73,20,64,45,14,3,61,28,32
57,18,11,92,19,25,86,94,47,83
53,36,61,9,43,33,16,29,12,41
25,44,20,13,45,9,12,86,28,32
53,36,61,9,84,34,16,27,12,41
57,39,11,92,19,75,66,94,16,83
57,39,11,96,19,75,86,44,79,97
53,86,61,96,84,34,16,29,19,27
25,44,20,13,65,14,78,61,35,14
25,44,20,13,65,9,3,50,28,14
57,39,92,92,19,25,91,44,47,97
58,71,11,96,19,64,66,44,79,83
25,93,20,64,56,9,78,61,35,14
58,39,92,92,19,64,86,94,79,97
7,18,11,92,19,25,86,19,79,97
58,39,11,92,19,64,66,94,47,83
58,71,11,96,19,25,86,94,16,97
53,26,50,9,84,33,16,27,19,41
58,18,92,92,19,75,66,19,79,83
58,71,11,96,19,75,66,19,47,97
25,73,76,13,45,9,3,50,35,73
25,73,20,13,56,14,3,86,94,14
8,48,77,94,23,10,95,99,55,26
58,18,92,96,19,25,91,94,79,97
90,26,50,15,84,33,16,29,19,41
57,71,92,96,19,25,91,44,47,83
57,71,92,92,19,25,91,94,79,97
58,71,11,96,19,64,66,19,47,83
58,93,10,20,33,1,90,91,38,99
53,86,90,96,43,33,16,27,19,8
25,93,76,64,45,9,78,50,94,73
45,36,50,9,84,33,16,29,19,8
25,73,20,64,45,14,78,61,28,32
45,26,50,9,84,34,16,29,19,27
90,86,90,9,84,34,16,29,19,27
25,44,20,13,45,14,78,61,35,32
53,86,50,15,43,33,16,27,12,27
17,60,56,1,52,72,57,100,40,91
35,94,18,21,78,89,33,89,89,34
57,71,92,92,19,25,91,19,79,97
57,18,92,92,19,25,86,44,47,83
25,73,20,64,65,9,78,61,28,14
25,93,76,13,56,9,12,61,94,14
25,93,20,13,56,14,78,61,35,73
57,39,11,92,19,25,86,94,16,97
18,5,66,38,70,1,37,4,2,31
53,86,61,9,84,34,16,27,12,41
58,71,11,96,19,75,86,44,16,97
90,26,61,9,43,34,16,27,19,41
25,73,20,13,45,9,78,61,94,32
25,93,20,64,45,9,3,86,28,14
87,94,86,68,21,33,33,59,10,66
25,93,76,13,56,14,12,61,35,73
57,71,92,96,19,25,66,19,79,83
36,48,77,94,23,73,95,99,55,26
25,93,76,13,65,14,12,86,94,14
25,73,20,13,65,9,3,86,28,32
25,73,20,13,56,14,12,86,94,32
58,39,11,92,19,64,86,94,79,97
58,39,11,96,19,25,86,44,79,97
25,73,76,13,45,9,78,86,35,73
7,18,11,96,19,25,91,19,79,83
61,5,66,38,70,48,37,96,2,23
25,93,76,13,56,14,12,86,35,32
64,100,50,99,68,25,99,23,99,20
57,71,11,96,19,64,66,94,47,97
25,93,76,64,65,9,78,86,28,14
25,73,20,13,45,9,3,61,35,32
58,71,11,92,19,75,66,44,47,83
25,44,76,64,65,14,78,86,94,32
25,93,20,64,65,9,3,61,35,73
35,91,18,8,78,89,39,89,85,34
53,26,61,96,84,33,16,27,19,8
90,26,61,15,84,34,16,27,19,27
45,86,61,15,43,33,16,27,12,27
25,44,76,13,45,14,12,50,94,32
25,93,20,13,65,9,12,86,28,32
18,5,66,97,53,99,37,96,2,23
25,73,76,64,56,9,3,50,35,32
8,48,77,94,79,73,95,95,55,24
57,71,92,92,19,75,86,44,79,83
57,71,11,96,19,75,86,44,16,97
25,93,76,13,45,9,12,50,35,73
25,44,20,13,45,9,78,86,28,14
58,39,92,92,19,75,66,44,16,97
57,18,11,92,19,64,86,19,16,83
25,44,20,64,45,14,3,61,94,32
58,18,92,92,19,64,91,44,79,83
17,37,75,40,53,42,88,51,10,44
16,35,30,14,90,31,16,13,49,16
25,73,76,13,45,9,12,50,28,73
7,39,11,96,19,64,66,94,47,97
58,71,92,96,19,64,66,94,79,97
90,86,90,9,84,33,16,27,12,27
25,93,76,64,56,9,12,86,28,14
25,93,76,13,56,14,12,61,35,14
25,73,76,13,56,14,3,50,35,14
57,39,11,96,19,75,91,94,79,97
45,36,90,96,43,34,16,29,19,27
45,26,50,9,43,34,16,29,12,41
57,71,92,92,19,75,91,19,47,97
64,100,50,99,68,25,99,78,6,20
25,73,76,13,56,14,3,61,28,32
45,26,90,15,84,33,16,27,19,27
31,37,75,79,52,42,88,51,24,44
7,71,92,96,19,25,66,19,79,97
7,71,11,92,19,64,86,19,47,97
25,44,76,64,56,9,78,50,94,14
7,40,50,66,73,25,99,23,93,20
58,39,92,96,19,64,86,94,79,83
58,18,92,92,19,64,86,44,79,83
25,44,20,64,56,9,78,61,94,14
99,37,75,79,79,81,88,82,10,15
25,73,76,13,56,14,12,86,35,14
56,81,63,38,37,49,95,1,42,21
57,39,11,96,19,64,91,94,16,83
7,71,92,96,19,64,91,44,16,83
25,73,76,64,65,14,3,50,94,14
90,86,90,15,84,33,16,29,19,41
25,44,76,64,45,14,78,61,35,32
57,71,92,96,19,25,86,44,79,83
45,36,50,15,84,34,16,27,19,41
7,18,92,92,19,75,86,19,47,97
25,73,76,64,45,14,3,61,28,14
25,44,20,64,65,14,78,61,35,14
58,71,11,92,19,75,91,94,47,83
99,37,75,40,79,42,88,82,24,97
36,60,5,94,23,73,95,95,13,26
53,36,90,9,84,34,16,29,12,27
25,73,20,64,45,14,3,86,94,73
57,39,11,96,19,64,91,19,16,97
33,27,32,91,25,48,8,20,68,48
58,18,11,92,19,64,86,94,79,97
45,26,90,9,43,33,16,29,12,27
25,44,76,64,65,14,78,61,94,14
57,18,92,92,19,64,91,44,16,97
90,26,90,96,84,33,16,27,12,8
57,71,92,96,19,75,86,94,79,83
58,63,10,20,33,59,90,91,38,37
53,26,50,96,43,34,16,29,12,8
57,18,92,92,19,25,86,19,16,83
25,93,76,64,45,14,12,50,94,32
25,93,76,13,65,14,12,61,28,73
7,71,11,92,19,64,91,44,79,97
50,94,18,8,78,89,92,89,36,34
18,5,66,97,70,1,37,19,2,23
25,44,20,64,56,14,3,50,94,73
45,86,50,15,43,33,16,29,12,41
58,76,66,20,33,10,90,91,38,21
25,44,20,64,45,14,12,61,28,32
57,18,92,92,19,75,66,19,16,97
58,18,11,96,19,75,91,19,79,83
75,27,32,15,33,48,79,20,68,48
16,35,30,49,44,84,3,61,49,16
53,86,90,9,43,33,16,27,19,27
90,36,61,96,84,34,16,27,19,41
7,18,92,96,19,25,86,19,47,83
25,44,76,13,65,9,12,61,35,73
33,27,32,91,25,48,8,20,68,71
58,71,92,92,19,64,91,19,47,97
25,44,20,64,56,14,3,61,28,32
25,73,76,13,56,14,3,50,94,14
7,40,50,99,68,25,99,78,93,58
7,71,92,96,19,75,86,44,47,97
7,18,11,96,19,64,86,44,79,97
90,36,61,9,84,34,16,27,19,8
25,44,76,13,65,14,78,86,28,73
25,93,76,64,56,9,78,61,94,73
90,86,90,9,84,34,16,27,19,27
45,86,90,96,84,33,16,29,19,41
57,71,11,92,19,25,91,19,16,83
25,73,76,64,45,9,3,50,35,32
53,36,50,9,84,34,16,27,12,41
25,73,76,13,56,14,12,61,35,32
95,63,66,20,33,10,25,91,38,21
33,27,32,65,25,7,8,20,68,48
25,73,20,64,45,9,3,50,28,32
57,39,11,96,19,25,66,44,47,97
8,60,5,94,48,73,95,99,13,24
4,35,30,14,44,73,96,94,49,7
36,60,5,94,79,73,95,99,55,82
25,93,20,64,56,9,12,86,35,14
90,26,50,96,43,33,16,29,12,8
45,26,61,15,43,33,16,27,19,8
53,36,90,96,43,33,16,29,19,41
90,26,61,96,84,34,16,29,19,27
45,36,61,9,43,34,16,29,19,41
18,5,66,97,53,48,98,96,2,70
16,35,30,49,90,73,16,13,49,7
7,18,11,92,19,75,66,94,16,83
25,44,76,13,56,9,3,50,35,14
57,18,11,96,19,75,86,44,79,83
57,71,92,96,19,64,66,94,16,97
53,36,50,15,84,34,16,27,19,8
45,86,61,15,84,33,16,27,19,27
53,86,61,15,84,33,16,27,12,27
25,73,20,64,56,9,12,50,35,32
12,81,63,38,43,99,95,96,42,42
7,71,11,92,19,75,66,94,79,83
57,39,92,92,19,25,66,94,16,83
25,93,20,13,56,9,3,50,35,73
7,18,92,96,19,25,91,19,79,97
7,100,50,66,88,25,99,78,6,58
58,18,11,96,19,64,91,94,16,97
92,40,50,66,88,25,99,2,93,58
16,35,30,49,44,31,96,94,49,7
31,37,75,79,79,81,88,82,10,15
53,86,61,96,43,33,16,27,19,27
95,63,66,20,33,10,90,91,38,37
17,60,56,67,52,72,65,100,40,91
53,86,90,96,43,34,16,29,12,8
58,76,66,20,33,59,90,91,38,37
58,71,11,96,19,64,91,19,79,97
45,86,90,96,43,34,16,29,12,41
57,39,11,92,19,25,86,44,47,97
17,37,75,40,53,81,88,40,10,44
7,18,11,96,19,25,66,44,47,97
56,81,63,38,43,99,95,96,32,42
25,73,76,64,65,9,3,50,94,73
25,44,76,64,45,9,12,86,28,32
90,86,90,96,84,33,16,27,12,8
90,26,61,96,84,34,16,27,19,8
57,39,11,96,19,64,66,19,16,97
7,39,11,96,19,25,91,19,47,83
25,73,76,13,45,14,12,50,35,32
7,18,11,96,19,25,91,44,47,83
25,73,76,64,56,9,78,50,35,14
16,35,30,14,44,31,96,13,49,16
53,36,90,96,43,34,16,27,19,27
53,86,61,96,84,33,16,29,19,27
61,5,66,38,53,48,98,96,2,70
25,73,76,64,56,9,12,86,28,73
57,39,11,92,19,75,66,19,79,83
7,39,92,96,19,64,91,44,16,83
25,44,20,64,56,14,78,50,28,14
7,71,11,92,19,75,91,94,16,97
25,73,20,13,56,9,12,86,35,73
4,35,30,49,90,73,16,94,49,16
45,86,61,9,84,33,16,27,12,8
90,36,90,96,84,34,16,27,19,41
17,60,62,1,52,72,57,100,54,91
25,93,20,13,65,14,3,86,28,32
18,5,66,38,70,1,37,4,2,70
57,39,11,92,19,75,91,44,16,83
53,36,61,96,84,34,16,27,12,8
25,44,76,13,65,9,78,61,28,14
53,86,61,15,43,33,16,27,19,41
12,81,63,38,37,49,95,1,32,21
31,37,75,40,79,81,88,40,24,44
58,39,92,96,19,75,66,94,47,97
7,40,50,99,73,25,99,23,99,20
90,36,61,9,43,34,16,29,19,41
73,22,7,72,76,75,5,16,11,83
25,73,76,64,56,14,3,61,94,14
25,44,76,64,56,9,3,86,28,73
57,71,92,96,19,75,66,19,47,97
72,49,27,36,35,43,79,84,95,73
25,73,76,13,45,14,12,86,28,32
58,71,92,92,19,64,66,94,47,83
57,39,11,92,19,64,86,19,16,83
25,93,20,64,65,14,78,86,94,14
45,36,90,9,43,34,16,27,12,8
57,71,92,96,19,25,86,44,79,97
7,18,11,92,19,75,66,94,47,97
25,73,20,64,65,9,78,86,28,73
57,71,92,92,19,64,66,19,16,97
25,44,76,13,56,9,12,86,28,32
25,73,76,13,65,9,12,86,35,32
25,44,20,13,56,14,78,86,94,73
90,26,61,96,84,34,16,29,19,41
90,36,50,96,84,34,16,29,12,41
57,71,11,96,19,75,66,19,47,97
25,73,20,13,56,14,3,86,28,32
25,44,20,13,45,14,12,61,28,73
57,18,11,96,19,64,66,94,79,97
90,26,50,9,43,33,16,27,19,41
58,18,92,96,19,25,66,94,16,83
25,44,20,13,65,9,3,86,35,73
57,18,92,92,19,64,86,94,47,83
25,93,20,64,65,14,12,50,94,73
25,44,20,64,65,14,78,86,28,32
57,71,92,96,19,25,86,19,16,83
17,60,56,1,52,72,57,95,40,91
58,39,92,96,19,75,66,19,16,97
25,73,20,13,65,9,3,61,28,73
25,93,76,13,45,14,78,61,35,73
57,39,92,96,19,64,86,19,16,83
58,39,92,92,19,64,66,19,79,83
45,26,90,9,84,33,16,29,12,41
31,37,75,79,79,81,88,82,24,44
25,73,76,13,65,9,78,61,94,73
57,71,11,96,19,75,86,19,47,83
57,18,92,92,19,75,91,44,79,97
25,73,20,64,45,9,3,86,94,73
25,44,20,64,65,14,3,61,28,14
25,93,20,13,45,14,78,86,94,73
7,71,11,92,19,75,86,44,16,83
57,18,92,96,19,75,91,44,79,83
8,76,10,20,33,10,90,91,38,37
75,27,32,91,33,67,8,20,68,71
58,39,11,92,19,64,91,44,79,83
73,10,7,72,76,13,5,68,75,83
58,39,11,92,19,75,66,94,47,83
45,26,90,96,43,33,16,29,19,27
25,93,20,13,56,14,12,86,94,32
90,86,61,15,43,34,16,29,12,8
25,44,20,13,45,9,78,86,94,14
7,39,11,96,19,75,86,94,47,83
45,86,90,9,84,33,16,27,19,41
99,37,75,79,79,42,88,40,24,97
57,71,92,96,19,64,91,44,47,97
25,44,76,13,65,9,3,50,94,32
90,86,61,15,43,33,16,29,19,41
55,81,63,38,43,99,95,1,42,47
25,73,76,64,45,9,3,86,28,32
7,39,11,92,19,64,66,19,16,83
57,71,92,96,19,64,86,44,16,97
25,73,20,64,45,14,12,86,94,14
45,36,61,9,43,33,16,27,19,41
25,44,76,64,56,14,12,61,94,73
17,87,62,20,52,72,65,100,46,91
90,36,90,96,43,34,16,27,19,8
61,5,66,97,70,99,98,4,2,31
7,39,11,96,19,25,91,19,79,97
25,73,76,13,65,9,78,50,35,32
25,93,20,64,45,9,78,50,35,32
95,63,10,20,33,10,25,91,38,37
25,93,20,13,56,9,78,50,94,73
45,86,50,9,84,34,16,29,12,27
58,18,11,92,19,64,86,44,47,97
25,73,76,64,65,14,12,61,94,32
58,71,11,96,19,25,86,44,79,83
25,93,76,13,45,9,12,61,35,73
90,86,90,96,43,33,16,29,12,27
53,86,50,96,84,33,16,29,12,27
25,93,20,13,56,9,3,50,28,14
58,39,92,92,19,25,91,94,16,83
58,18,92,96,19,64,66,44,16,97
25,93,76,64,65,9,3,50,94,32
53,86,50,96,43,34,16,29,19,41
53,36,61,15,84,33,16,27,12,8
7,39,11,92,19,75,66,19,47,83
92,40,50,99,68,25,99,23,99,58
99,37,75,40,53,42,88,82,10,15
45,26,90,96,43,34,16,29,19,41
7,18,11,92,19,25,91,44,79,97
16,35,30,49,44,31,16,94,49,7
58,18,92,92,19,25,91,94,47,83
25,73,76,64,65,14,78,61,35,73
58,18,92,96,19,75,91,19,47,83
25,93,20,13,45,9,78,61,35,73
8,76,66,20,33,1,25,91,38,99
53,26,50,9,43,33,16,27,12,27
58,71,11,92,19,25,86,44,79,97
7,18,11,96,19,64,86,19,79,97
92,100,50,99,88,25,99,23,93,20
73,10,7,72,76,13,5,16,75,89
25,93,76,13,45,9,3,50,94,32
25,44,76,13,65,9,78,61,28,73
57,71,92,96,19,75,91,19,16,97
25,73,20,13,45,9,78,86,35,32
25,93,76,64,56,9,3,50,94,14
53,26,50,9,84,33,16,27,19,8
58,18,92,96,19,75,66,94,16,83
45,36,61,9,84,34,16,29,19,27
90,26,50,96,43,34,16,29,19,27
57,71,92,92,19,64,66,44,16,83
7,39,11,96,19,64,91,44,79,97
25,93,76,13,45,9,3,61,35,32
25,44,20,64,65,14,12,50,94,32
25,73,20,13,56,14,78,61,94,14
98,7,38,54,34,72,95,14,22,77
58,39,11,96,19,25,91,94,79,97
53,36,90,9,84,34,16,27,19,41
7,18,92,96,19,64,66,94,79,97
7,39,11,96,19,25,91,94,47,83
57,39,11,96,19,64,86,19,79,97
12,81,63,38,37,99,36,96,42,21
17,60,62,67,52,72,34,95,54,91
42,5,66,97,70,1,98,4,2,23
25,44,76,13,45,14,12,61,94,73
25,73,76,64,56,14,12,86,35,14
7,71,92,96,19,25,91,94,79,83
57,71,92,96,19,25,91,44,79,83
25,5,20,44,48,21,98,97,6,33
57,18,11,92,19,25,66,19,79,97
58,71,11,92,19,75,86,44,79,97
57,71,11,96,19,64,86,94,79,97
31,37,75,40,79,81,88,40,10,44
25,73,76,64,65,9,12,86,28,32
42,5,66,97,70,48,37,19,2,31
25,93,20,13,45,14,78,86,35,14
7,100,50,99,88,25,99,2,99,58
7,39,11,92,19,64,86,44,16,83
25,44,76,13,56,14,78,50,28,73
25,93,20,13,45,9,78,86,35,32
53,26,50,15,43,33,16,29,19,41
42,5,66,97,70,99,98,4,2,31
4,35,30,49,44,73,3,94,49,7
36,60,5,94,79,73,95,99,55,24
7,39,92,92,19,75,91,19,16,97
35,94,18,77,78,89,33,89,89,34
25,73,76,13,56,9,78,50,28,32
7,18,11,96,19,75,91,44,79,83
4,35,30,49,90,73,3,61,49,7
18,5,66,38,53,1,37,19,2,23
58,39,92,96,19,75,91,19,79,83
25,93,20,64,56,9,78,50,28,32
7,18,11,96,19,64,86,19,47,97
58,39,92,92,19,25,91,94,47,97
58,39,11,92,19,64,66,44,16,97
25,44,76,64,56,14,78,86,35,14
57,18,92,92,19,25,66,44,16,97
35,91,18,21,78,89,33,89,36,34
57,71,11,96,19,75,66,44,47,83
53,26,90,96,84,34,16,27,19,41
25,73,20,13,65,9,12,86,28,73
33,27,32,65,25,7,8,20,68,71
25,93,76,64,65,14,12,86,94,73
25,93,76,64,65,14,3,61,35,32
53,36,90,9,43,33,16,29,19,27
58,39,11,92,19,75,86,94,16,83
7,39,11,96,19,64,86,19,47,97
58,39,11,96,19,25,66,19,47,97
58,18,92,92,19,75,91,44,47,97
58,18,11,96,19,64,91,94,16,83
64,100,50,66,73,25,99,78,93,58
7,39,11,96,19,25,86,94,79,97
25,44,20,13,56,9,12,50,28,73
58,39,92,96,19,25,86,44,47,97
31,37,75,40,79,42,88,82,24,97
7,18,92,92,19,75,86,19,47,83
53,26,61,9,43,34,16,29,19,8
25,44,76,64,45,9,78,86,35,73
25,93,20,13,45,14,3,50,28,32
90,26,90,15,43,33,16,27,19,8
57,71,92,92,19,25,91,94,79,83
45,36,50,9,43,34,16,29,19,27
7,18,11,96,19,25,91,19,16,97
56,81,63,38,43,49,95,1,32,42
25,73,76,64,45,14,78,61,28,14
58,18,92,96,19,25,66,19,16,83
25,73,20,64,56,14,12,61,35,73
61,5,66,97,53,99,37,96,2,70
58,18,11,92,19,64,86,44,47,83
25,93,76,13,56,9,3,50,35,73
64,100,50,66,68,25,99,23,6,20
92,100,50,66,88,25,99,2,93,58
58,71,92,92,19,64,86,44,79,97
36,48,77,94,79,73,95,99,55,24
7,39,11,96,19,75,86,19,16,83
25,73,76,13,45,9,3,86,94,14
25,5,20,44,48,21,76,97,6,33
16,35,30,14,90,31,96,61,49,16
45,86,90,15,43,34,16,29,19,8
57,39,11,96,19,75,91,19,79,97
25,44,76,13,65,14,78,61,28,14
25,73,76,13,65,9,12,86,35,14
7,18,92,96,19,75,66,44,47,83
25,73,20,64,65,14,3,86,28,32
7,39,11,92,19,75,66,19,79,97
25,73,76,64,56,14,12,50,35,73
7,100,50,66,88,25,99,78,99,20
90,36,50,9,84,33,16,27,19,8
7,39,92,96,19,75,86,19,16,83
73,10,90,72,97,75,5,68,75,89
57,71,11,92,19,25,66,19,79,83
90,26,50,9,84,34,16,29,12,41
57,18,11,92,19,75,66,94,79,97
25,73,76,13,45,14,3,61,94,32
90,26,61,96,84,34,16,27,12,41
25,44,20,64,45,9,3,86,28,32
92,40,50,99,68,25,99,78,93,58
90,36,50,9,43,33,16,29,19,27
73,22,90,72,76,75,5,16,75,89
25,93,76,13,56,14,12,61,28,14
25,44,20,64,65,9,3,50,35,73
57,39,11,96,19,25,86,44,79,83
25,44,76,64,65,9,12,50,94,14
73,22,90,72,76,75,5,68,75,89
45,36,50,9,84,33,16,27,19,27
25,44,20,13,56,9,12,86,35,73
25,73,20,13,56,14,12,50,94,32
25,73,20,13,65,14,3,61,35,32
73,10,90,72,97,13,5,16,75,89
25,73,20,13,45,14,3,50,35,32
25,93,20,64,45,9,78,50,35,73
99,37,75,40,52,42,88,51,24,15
25,93,76,13,45,14,78,86,35,14
58,71,11,92,19,75,91,94,47,97
57,71,92,96,19,75,86,94,47,83
42,5,66,38,70,48,37,96,2,23
57,39,11,96,19,64,66,19,79,97
7,18,11,96,19,64,86,94,79,97
25,93,76,64,65,14,78,61,94,32
58,71,11,92,19,25,86,94,79,83
7,71,11,96,19,64,91,94,79,97
90,26,61,9,43,33,16,27,12,27
58,39,11,92,19,75,66,44,79,83
25,93,20,13,56,14,78,50,28,14
92,100,50,99,88,25,99,78,99,20
53,26,50,15,43,33,16,29,12,27
53,36,90,15,84,33,16,29,19,8
25,93,20,13,56,14,12,50,35,14
25,73,76,64,65,14,12,86,28,73
25,44,20,13,56,14,3,86,35,73
58,18,11,92,19,75,91,19,47,83
61,5,66,97,53,48,37,19,2,31
58,18,11,96,19,75,66,44,47,83
53,86,50,96,84,34,16,27,12,27
25,44,20,64,65,9,78,50,94,14
63,22,74,95,59,88,67,26,36,14
25,73,76,13,65,9,3,50,35,14
57,71,11,96,19,25,66,94,16,97
25,44,20,13,45,14,12,61,28,14
25,73,20,13,65,14,12,61,94,73
64,40,50,99,88,25,99,2,6,20
90,36,61,15,43,33,16,29,12,27
57,71,11,92,19,75,91,94,79,83
58,71,11,92,19,25,91,94,47,83
17,37,75,79,79,81,88,51,10,15
7,71,92,96,19,64,91,44,16,97
57,18,11,92,19,25,91,94,16,83
7,18,11,92,19,75,86,44,16,97
58,71,11,96,19,64,91,19,47,97
58,39,92,96,19,64,86,94,47,83
7,39,92,92,19,25,86,44,79,83
7,71,11,92,19,75,66,44,79,83
58,39,92,96,19,25,91,94,79,83
25,93,76,64,56,9,12,61,28,73
7,18,92,96,19,25,86,19,16,97
25,93,76,64,45,14,12,86,94,73
90,26,90,15,43,34,16,29,19,27
36,48,5,94,79,73,95,95,13,26
25,93,76,64,65,14,78,50,28,32
95,63,66,20,33,10,90,91,38,99
7,39,92,96,19,75,91,44,79,83
53,86,90,15,84,33,16,27,19,8
45,26,50,96,43,34,16,29,12,27
25,93,20,13,56,14,3,61,28,32
73,10,7,72,76,13,5,68,11,83
45,36,50,9,43,33,16,27,19,41
42,5,66,97,53,48,37,4,2,31
25,93,76,64,65,14,78,86,28,32
25,44,20,64,65,9,78,50,35,73
25,44,76,13,65,14,12,61,35,32
7,18,92,92,19,25,91,94,79,97
16,35,30,14,44,31,16,61,49,16
57,39,11,92,19,25,86,19,79,83
45,86,61,15,84,34,16,27,19,41
58,71,11,92,19,75,91,44,16,97
53,26,50,9,84,33,16,29,12,27
45,36,61,96,84,33,16,27,19,27
17,37,75,79,52,42,88,51,24,97
58,39,11,96,19,64,66,94,16,97
25,44,20,64,56,14,3,50,94,32
57,71,92,96,19,25,66,19,79,97
17,60,62,20,52,72,65,100,46,91
7,18,92,96,19,75,91,44,79,97
18,5,66,97,53,48,37,96,2,23
99,37,75,79,53,42,88,40,10,97
25,44,20,64,56,14,3,61,28,14
16,35,30,14,44,31,3,61,49,16
57,18,11,92,19,75,66,94,79,83
25,73,76,13,56,14,78,86,94,73
99,37,75,79,53,81,88,82,24,97
73,22,7,72,76,75,5,38,75,83
25,93,76,13,56,9,78,86,35,32
58,39,11,96,19,64,66,94,79,83
25,93,76,64,45,14,12,50,28,14
58,18,11,96,19,75,66,44,16,83
17,94,26,75,21,33,33,59,75,66
58,18,92,92,19,25,66,94,79,83
90,36,61,96,43,34,16,27,12,41
87,97,9,46,39,16,100,92,40,85
57,71,11,96,19,25,91,19,16,97
42,5,66,97,70,99,37,96,2,23
58,39,11,96,19,64,86,19,16,97
90,86,50,96,84,33,16,29,12,41
73,59,12,72,97,13,5,16,11,83
90,36,50,15,84,34,16,29,19,41
25,44,76,64,65,9,3,61,35,32
25,93,20,13,65,14,3,86,35,14
58,18,92,92,19,25,66,19,79,97
25,93,76,13,65,14,3,50,94,73
25,44,76,64,45,9,12,86,94,32
7,18,92,96,19,75,86,94,79,97
58,18,92,92,19,75,91,19,16,97
7,39,11,96,19,64,86,94,79,97
45,86,50,15,84,34,16,29,19,27
7,71,92,92,19,75,91,19,47,97
8,48,5,94,79,10,95,95,55,26
25,93,20,64,45,9,78,61,94,73
42,5,66,97,70,48,98,4,2,23
8,63,66,20,33,59,25,91,38,37
25,44,20,64,65,9,12,50,28,73
17,60,56,67,52,72,57,95,40,91
58,39,11,92,19,75,91,94,79,83
25,73,76,13,45,9,78,61,94,14
7,18,92,92,19,25,86,94,16,97
25,44,20,64,56,9,3,50,35,32
25,44,76,13,56,14,78,86,28,73
58,71,11,92,19,64,86,19,79,97
57,71,11,96,19,64,66,44,47,97
53,86,50,96,84,34,16,27,19,41
25,73,20,64,56,9,78,50,35,73
57,18,11,96,19,75,91,94,47,83
53,36,50,96,84,33,16,27,12,27
25,44,20,13,56,9,78,50,94,73
58,71,11,96,19,25,66,44,16,83
7,39,11,92,19,25,66,44,16,97
45,86,90,9,43,33,16,27,12,27
25,93,76,13,56,14,12,61,28,73
25,93,20,13,65,9,78,50,35,14
53,86,61,15,43,33,16,27,19,27
53,26,90,96,43,33,16,29,12,27
25,73,76,13,45,14,12,50,28,14
53,36,90,9,84,34,16,27,19,27
58,71,92,92,19,75,66,19,79,83
25,93,20,13,45,14,12,61,28,32
25,93,76,64,65,14,12,50,35,14
25,93,20,13,65,14,12,86,35,14
7,71,92,92,19,75,66,94,47,83
17,87,62,20,52,72,65,95,54,91
57,39,11,96,19,25,91,44,47,97
25,44,76,13,45,14,3,61,28,73
25,73,20,64,56,14,12,86,28,73
45,36,90,15,43,34,16,29,12,27
8,48,77,94,48,73,95,99,13,82
7,39,92,96,19,25,66,94,79,97
4,35,30,14,44,84,96,94,49,7
53,26,90,9,84,34,16,29,19,8
53,26,61,9,84,34,16,29,19,27
90,36,50,9,43,33,16,29,19,8
53,86,90,9,43,33,16,29,19,8
25,44,76,13,56,14,12,86,28,73
7,18,92,96,19,64,86,19,79,83
90,26,61,9,43,33,16,27,19,27
58,71,11,96,19,75,86,19,47,83
7,71,92,92,19,75,91,19,79,97
57,71,92,92,19,64,86,94,47,97
58,71,11,96,19,25,66,19,47,83
7,39,92,96,19,25,91,19,79,97
63,22,91,95,59,88,67,100,32,14
7,100,50,99,73,25,99,2,6,58
90,26,90,9,43,33,16,27,12,27
64,100,50,99,88,25,99,23,99,20
58,71,92,96,19,25,86,19,47,83
16,35,30,14,44,73,3,94,49,16
7,39,92,92,19,64,66,94,47,83
58,18,92,96,19,25,66,44,79,83
53,36,61,96,43,33,16,27,12,27
57,18,92,96,19,64,66,44,16,97
25,93,20,13,56,14,3,50,28,14
58,18,11,92,19,25,86,44,79,97
50,91,18,21,78,89,33,89,89,34
17,37,75,40,79,81,88,51,10,97
7,18,11,92,19,75,66,44,16,97
25,44,20,64,65,9,3,61,35,73
25,44,20,13,45,14,3,61,35,14
25,73,76,13,65,9,78,61,28,73
45,36,50,9,43,34,16,27,12,41
25,44,20,13,56,14,3,61,94,32
58,71,92,96,19,75,91,19,16,83
17,37,75,40,52,81,88,51,24,15
90,86,50,96,43,33,16,27,19,8
25,93,76,64,65,9,78,86,94,14
53,86,50,15,43,33,16,29,19,41
25,44,76,64,65,14,12,61,28,32
58,39,11,92,19,25,91,94,47,83
25,44,76,13,45,14,78,61,94,73
63,22,74,95,59,88,67,26,32,14
45,26,50,15,43,33,16,29,19,8
12,81,63,38,1,99,36,96,42,42
25,93,20,13,45,9,12,61,28,32
25,93,76,13,45,14,3,61,94,32
17,37,75,79,79,81,88,82,10,15
25,44,76,64,65,9,3,50,94,32
42,5,66,97,70,1,37,19,2,23
45,26,90,96,84,34,16,29,19,27
90,26,61,15,43,33,16,27,19,27
25,44,20,13,56,9,3,61,28,73
25,44,20,64,45,14,78,86,28,32
31,37,75,79,52,42,88,40,24,97
7,71,92,92,19,75,86,94,79,97
7,71,92,92,19,25,91,44,16,97
25,73,20,13,56,9,78,61,35,32
58,39,11,92,19,25,86,19,47,83
25,93,76,64,65,9,12,86,28,73
90,36,50,15,43,33,16,29,12,41
25,73,76,64,45,14,78,50,94,32
58,71,11,96,19,64,91,19,47,83
58,39,92,96,19,25,86,44,16,83
25,44,76,64,45,9,12,61,28,32
33,27,32,91,33,48,79,20,68,48
25,44,20,64,56,9,12,61,94,32
25,93,20,13,45,14,12,50,94,73
25,73,76,64,45,9,3,50,35,14
7,39,92,92,19,64,91,19,47,97
90,86,90,9,84,34,16,27,19,41
57,39,92,92,19,25,91,94,47,83
25,93,20,64,45,14,12,61,28,73
25,73,76,13,45,14,3,86,35,14
17,94,26,75,21,76,33,59,10,66
53,36,90,15,43,33,16,27,12,8
53,26,61,96,43,34,16,27,19,8
73,22,90,72,76,13,5,16,11,83
25,73,76,64,65,9,78,86,28,73
57,39,92,96,19,75,66,19,47,97
25,44,76,64,45,9,3,86,35,32
58,39,92,92,19,25,91,44,47,97
90,86,61,96,84,34,16,29,12,41
25,44,76,13,65,9,3,50,35,73
57,18,92,92,19,25,91,94,79,97
99,37,75,40,52,42,88,40,24,44
53,36,90,9,43,33,16,27,19,41
58,71,92,92,19,64,86,44,16,97
25,73,20,64,56,9,78,86,35,73
58,18,92,92,19,75,86,44,16,83
25,73,20,13,45,14,12,86,28,73
58,39,11,96,19,64,91,44,16,97
99,37,75,40,79,81,88,40,10,15
7,39,92,96,19,75,86,94,16,97
25,73,20,64,56,14,12,86,94,73
25,93,20,13,56,14,12,86,35,32
53,36,61,15,43,33,16,27,19,41
57,39,11,96,19,25,86,94,79,83
7,71,11,96,19,64,86,19,16,83
25,44,76,13,45,9,78,50,35,73
7,40,50,66,68,25,99,2,99,20
12,81,63,38,1,99,95,96,32,47
42,5,66,97,70,99,98,19,2,31
57,71,11,96,19,75,91,19,47,97
57,71,11,96,19,25,66,94,79,97
8,60,5,94,48,73,95,95,55,26
57,39,11,96,19,25,86,44,16,83
57,71,92,96,19,25,66,44,47,83
58,18,11,92,19,64,66,44,16,97
4,35,30,49,90,84,96,94,49,16
57,71,92,96,19,75,91,94,16,83
58,18,11,96,19,64,91,19,79,97
7,39,11,96,19,64,66,44,79,97
57,71,11,96,19,64,91,94,16,97
73,59,90,72,76,13,5,68,11,89
53,36,90,96,84,34,16,29,12,8
58,71,92,92,19,75,86,19,79,97
25,73,76,64,56,9,3,86,28,32
90,26,50,9,43,33,16,29,19,8
73,59,12,72,97,13,5,68,75,83
57,39,92,92,19,25,66,44,79,97
56,81,63,38,43,99,95,1,42,21
57,18,92,92,19,25,91,44,79,83
25,93,76,13,56,9,12,50,94,14
53,86,50,96,84,33,16,27,19,41
25,44,76,13,56,9,12,50,94,32
87,97,9,46,17,95,78,92,40,85
53,26,61,15,84,34,16,27,19,41
72,49,27,36,35,98,79,84,95,73
45,36,50,9,43,34,16,27,12,8
25,73,76,13,45,9,78,86,35,14
53,36,61,9,84,34,16,29,12,8
25,93,20,13,45,9,12,61,35,32
7,39,92,96,19,75,86,19,79,83
90,86,90,15,84,34,16,27,12,27
16,35,30,14,44,73,16,61,49,16
58,39,92,92,19,64,91,19,47,97
25,44,76,13,56,9,78,86,94,14
57,39,92,96,19,25,66,94,47,97
58,18,11,92,19,75,66,94,16,97
7,18,92,96,19,75,91,94,16,97
63,22,74,95,59,88,61,100,32,83
53,26,50,96,84,33,16,29,19,8
31,37,75,40,52,81,88,51,10,15
25,73,76,64,56,9,12,50,28,32
57,71,11,96,19,75,66,44,16,97
4,35,30,14,90,31,16,61,49,16
12,81,63,38,43,99,95,1,32,21
64,40,50,66,68,25,99,78,6,58
45,26,61,9,43,34,16,29,12,41
25,44,20,64,56,9,78,50,35,32
57,71,11,96,19,75,86,44,47,83
35,75,18,21,78,89,39,89,89,34
25,44,20,13,56,14,3,50,35,73
53,86,61,15,43,34,16,27,19,27
25,73,76,64,65,14,78,61,94,14
90,86,61,9,84,33,16,29,19,27
25,93,76,13,56,14,78,50,28,32
8,76,66,20,33,1,90,91,38,21
25,93,20,13,45,9,3,50,94,32
7,71,92,92,19,75,91,94,16,83
95,63,66,20,33,10,25,91,38,37
92,100,50,99,68,25,99,78,93,20
17,37,75,79,79,42,88,51,10,97
25,93,20,13,56,14,3,50,28,32
42,5,66,38,53,48,37,4,2,31
45,26,90,9,84,34,16,27,12,41
25,73,76,13,45,9,3,50,28,14
90,36,61,96,84,34,16,27,12,27
25,93,76,64,45,9,12,61,94,73
25,73,20,64,65,9,78,50,94,14
90,26,61,15,84,33,16,29,12,27
35,75,18,77,78,89,92,89,89,34
25,93,20,64,65,14,12,61,28,14
16,35,30,49,90,73,3,13,49,16
53,26,61,9,84,34,16,27,12,27
45,86,90,96,84,34,16,29,19,41
7,39,11,92,19,25,86,19,47,83
90,36,50,9,43,33,16,27,19,27
25,44,20,64,65,14,3,61,28,32
45,86,90,15,84,33,16,29,19,8
7,18,11,96,19,75,66,94,79,97
35,91,18,21,78,89,39,89,89,34
25,93,20,13,56,14,78,61,28,73
25,73,76,13,45,9,78,61,28,14
53,86,90,15,43,34,16,29,12,27
58,39,11,92,19,25,66,94,16,83
53,36,90,9,84,34,16,29,19,27
25,93,76,64,65,14,78,86,94,73
58,71,92,96,19,64,86,94,79,83
53,26,61,15,43,33,16,27,12,41
25,44,20,13,45,14,78,61,94,32
7,18,92,92,19,64,66,44,79,83
25,93,76,13,65,9,12,50,35,32
36,48,5,94,23,73,95,95,13,26
58,18,92,92,19,75,66,94,47,83
25,93,20,64,65,14,78,50,35,32
25,73,76,13,65,14,12,50,35,32
7,39,92,96,19,25,86,94,79,97
18,5,66,38,53,99,37,4,2,70
25,44,20,13,56,9,3,86,28,32
25,44,76,13,65,14,3,61,35,32
56,81,63,38,37,49,95,1,42,42
64,40,50,66,88,25,99,23,99,20
58,71,92,96,19,75,91,94,16,83
57,18,11,96,19,64,86,44,79,97
31,37,75,40,79,81,88,51,24,15
7,71,92,92,19,75,86,44,79,97
7,71,11,96,19,75,91,44,47,83
7,39,11,96,19,75,66,44,79,83
25,73,20,64,65,14,3,61,35,73
25,73,76,13,56,14,78,61,94,73
53,26,50,9,84,33,16,29,12,41
25,73,76,13,65,9,78,86,94,14
53,36,50,15,84,34,16,29,12,41
90,36,50,96,43,34,16,29,12,27
90,36,61,9,84,34,16,27,12,41
4,35,30,14,44,84,16,94,49,7
58,39,92,92,19,25,91,44,79,97
73,10,12,72,97,75,5,68,11,89
18,5,66,97,70,48,98,19,2,70
25,73,20,64,65,9,78,61,94,32
45,86,90,15,84,34,16,27,12,8
99,37,75,40,79,81,88,82,10,97
25,44,20,13,45,9,3,61,35,14
25,73,76,64,65,9,12,61,94,14
92,100,50,99,73,25,99,78,6,20
18,5,66,38,70,48,37,19,2,31
90,26,50,96,43,34,16,27,12,8
57,39,92,96,19,75,91,94,79,97
4,35,30,14,90,73,96,13,49,7
25,73,76,13,45,14,78,61,94,32
25,93,20,64,45,14,3,86,35,14
57,71,11,92,19,75,91,19,79,97
90,36,90,9,84,33,16,27,19,41
42,5,66,38,70,1,37,19,2,70
31,37,75,79,79,42,88,51,10,15
57,39,11,92,19,75,86,19,16,83
45,86,50,96,84,34,16,27,12,27
36,60,77,94,79,10,95,99,55,24
53,86,61,9,43,34,16,29,19,27
57,18,11,96,19,25,91,94,16,83
25,93,20,13,56,14,78,50,28,73
57,71,11,96,19,25,86,19,47,83
57,39,92,92,19,75,91,19,16,97
45,26,50,96,84,34,16,29,12,41
25,93,76,13,56,9,78,86,35,14
25,5,85,44,48,21,76,97,6,4
58,18,11,96,19,64,86,44,79,97
25,93,20,64,56,14,3,86,94,73
56,81,63,38,37,99,95,96,32,21
25,73,20,64,56,9,12,61,28,14
63,22,74,87,59,88,60,100,32,14
7,18,92,96,19,64,91,94,79,83
17,87,56,67,52,72,57,95,40,91
17,60,91,67,52,72,57,95,54,91
35,94,18,21,78,89,39,89,36,34
58,39,11,92,19,25,86,19,47,97
25,93,76,64,65,9,12,61,28,32
58,71,92,92,19,64,91,19,16,83
57,39,11,96,19,75,91,44,79,83
36,48,5,94,48,10,95,95,13,82
12,5,85,44,43,21,76,97,6,4
17,37,75,79,79,81,88,51,10,97
90,86,61,9,43,34,16,29,12,27
25,73,20,13,65,9,78,50,94,32
25,73,76,13,56,14,78,50,35,14
57,18,92,92,19,75,86,19,47,97
53,36,61,96,43,34,16,29,19,41
58,71,92,96,19,64,91,94,16,83
25,44,76,64,45,14,78,86,28,32
53,26,90,9,84,34,16,29,19,41
45,36,61,15,43,34,16,27,12,41
53,36,90,96,43,33,16,29,12,27
45,26,61,96,43,33,16,27,12,41
58,39,11,92,19,64,91,19,16,83
4,35,30,49,90,73,16,61,49,16
25,73,76,64,56,14,78,86,28,14
25,73,76,64,56,9,78,50,28,32
25,44,76,64,56,14,12,86,94,32
57,39,92,96,19,64,66,94,16,83
45,26,90,15,84,33,16,27,19,8
53,36,50,9,84,34,16,27,12,27
17,87,56,20,52,72,57,100,46,91
25,93,76,13,56,14,3,86,28,73
8,93,10,20,33,10,25,91,38,99
25,44,76,64,65,9,12,61,28,14
25,44,76,64,56,14,12,86,35,14
25,93,76,64,65,9,3,61,94,73
90,36,50,96,84,34,16,29,12,27
25,73,76,64,65,9,3,61,35,32
8,48,77,94,79,73,95,99,13,24
25,73,76,64,45,14,78,50,35,32
25,73,76,13,65,14,12,61,28,14
25,73,20,13,45,9,12,61,35,73
7,18,11,96,19,64,66,19,47,97
25,93,76,64,45,9,3,61,28,14
25,73,76,13,56,9,3,50,28,32
7,18,92,96,19,25,66,44,79,83
25,73,76,64,56,9,12,61,28,73
58,18,92,96,19,75,86,44,16,97
57,71,11,96,19,25,91,44,79,97
58,71,92,96,19,25,66,44,16,83
25,73,20,13,56,9,3,61,28,73
45,36,50,96,84,33,16,29,19,27
25,93,76,64,56,9,12,61,28,32
58,18,92,96,19,25,86,94,16,97
7,18,11,96,19,64,86,94,47,97
7,18,92,96,19,75,86,94,16,83
58,71,92,92,19,25,86,94,79,97
25,44,76,64,65,14,3,86,94,32
25,44,76,64,56,9,78,50,28,14
92,40,50,99,88,25,99,78,6,20
57,71,92,92,19,75,91,44,47,83
45,86,90,9,84,33,16,27,12,27
25,73,76,13,45,9,78,61,28,32
25,73,76,13,56,9,3,61,28,73
53,36,90,15,84,34,16,29,19,27
90,26,90,15,43,33,16,29,19,8
53,36,90,9,84,33,16,29,19,8
95,63,66,20,33,1,90,91,38,37
45,26,50,15,84,34,16,27,19,8
16,35,30,49,90,84,96,13,49,7
31,37,75,79,79,42,88,40,24,15
25,5,85,44,43,21,98,97,6,6
57,39,92,96,19,75,91,94,79,83
90,26,90,15,43,34,16,27,12,41
90,26,90,15,43,34,16,27,12,8
90,86,90,9,84,34,16,29,12,8
53,26,61,15,84,33,16,29,19,41
7,39,11,92,19,75,86,44,16,83
25,93,76,64,56,9,3,86,94,32
92,40,50,99,73,25,99,78,6,58
36,60,5,94,48,10,95,99,55,26
7,18,92,92,19,64,91,44,47,83
42,5,66,97,53,99,98,96,2,23
25,73,20,64,45,14,3,50,35,73
53,86,50,9,84,34,16,27,12,8
58,71,92,92,19,64,66,44,16,97
53,36,50,15,43,34,16,29,19,41
45,86,61,15,43,33,16,29,12,27
8,48,77,94,48,10,95,95,55,24
7,71,11,96,19,25,66,94,79,97
7,100,50,66,68,25,99,78,99,20
25,93,76,64,45,14,78,50,35,73
53,86,61,96,84,34,16,29,19,8
90,86,90,9,84,34,16,27,12,8
58,39,92,92,19,64,91,44,79,83
53,36,61,96,43,34,16,29,19,27
25,44,20,64,45,14,12,50,35,32
98,7,38,54,30,72,95,14,22,77
45,86,50,96,84,34,16,29,12,27
25,93,20,13,65,14,3,86,94,14
25,93,76,13,45,14,12,61,94,14
25,93,20,13,56,9,12,61,35,73
25,44,20,13,56,9,3,86,28,14
57,71,11,92,19,64,91,19,79,83
25,73,76,64,65,9,12,50,28,73
45,86,61,9,43,33,16,29,19,41
16,35,30,49,44,73,3,94,49,16
31,37,75,40,52,42,88,82,10,15
53,36,50,96,43,34,16,29,19,27
57,71,11,92,19,25,91,44,16,83
92,40,50,99,88,25,99,23,93,20
45,26,61,15,84,34,16,29,12,41
18,5,66,38,53,99,98,96,2,23
8,60,77,94,23,73,95,99,13,24
25,93,76,64,56,9,3,86,94,14
73,22,90,72,76,13,5,68,11,89
17,37,75,40,79,81,88,40,24,44
73,10,90,72,76,13,5,38,75,83
7,71,11,96,19,64,86,44,16,83
45,26,90,9,43,33,16,27,19,41
73,10,12,72,97,13,5,16,11,89
25,44,20,64,65,9,3,61,35,32
45,36,61,96,84,33,16,29,19,27
45,26,50,96,84,33,16,29,19,41
25,44,20,64,56,9,12,61,28,73
90,36,50,15,43,34,16,27,12,27
12,5,20,28,43,21,98,97,6,33
7,39,92,92,19,64,66,19,16,97
57,71,92,92,19,75,66,19,16,97
57,71,11,92,19,25,66,44,16,83
45,26,61,9,43,34,16,29,19,27
7,39,11,96,19,25,66,19,16,83
17,60,91,20,52,72,34,95,46,91
7,100,50,66,88,25,99,2,93,20
17,60,56,67,52,72,65,95,46,91
57,39,11,92,19,75,86,44,16,97
25,93,76,13,65,9,12,61,28,73
25,73,76,13,65,14,3,86,35,32
36,60,77,94,23,73,95,99,55,26
56,81,63,38,1,49,36,96,32,47
61,5,66,97,53,48,37,96,2,70
25,93,20,13,56,14,3,50,35,32
92,40,50,99,73,25,99,23,99,20
25,44,20,13,56,14,78,86,94,32
25,73,20,64,45,14,78,86,28,32
58,93,66,20,33,1,25,91,38,21
25,44,20,13,45,14,12,86,35,14
53,36,61,96,84,34,16,29,12,8
12,5,13,28,48,21,98,97,6,33
25,73,20,64,65,9,12,86,28,14
8,48,77,94,79,10,95,99,55,26
57,71,92,92,19,75,91,19,16,97
99,37,75,79,52,42,88,40,10,15
25,73,76,64,56,14,12,86,35,32
25,73,76,13,65,14,78,86,94,32
58,18,11,92,19,25,91,44,47,97
36,60,77,94,79,73,95,99,55,24
7,39,92,96,19,75,91,94,79,97
25,73,20,64,56,9,78,86,28,14
58,18,92,92,19,64,91,44,47,83
25,93,20,13,56,9,12,61,28,32
25,93,76,64,65,9,78,50,35,73
90,36,50,9,84,33,16,27,12,41
58,71,92,92,19,64,66,94,79,83
90,26,61,96,43,33,16,29,12,27
45,36,61,9,43,33,16,29,12,8
58,71,11,92,19,25,66,94,47,83
25,73,20,13,65,14,3,86,28,14
25,73,76,13,45,9,12,86,28,32
90,86,61,15,43,34,16,29,12,27
25,93,20,13,56,14,3,86,35,73
7,39,92,92,19,64,91,94,16,97
35,75,18,21,78,89,92,89,36,34
17,37,75,79,53,81,88,82,10,97
25,44,20,64,45,9,12,86,35,14
58,18,92,92,19,75,86,94,79,97
45,26,61,96,84,33,16,27,12,8
57,71,92,96,19,25,86,44,47,97
25,93,76,64,45,9,78,61,28,14
7,71,92,96,19,75,66,44,79,97
25,44,76,64,56,14,3,50,94,32
7,18,11,96,19,64,86,44,79,83
7,39,11,92,19,25,86,19,47,97
58,39,92,92,19,25,91,44,47,83
53,36,61,96,84,34,16,27,19,27
45,26,50,96,43,34,16,27,19,27
58,39,92,96,19,25,91,94,47,83
4,35,30,14,44,31,3,13,49,7
18,5,66,97,53,99,98,4,2,23
90,36,50,96,43,34,16,29,19,8
64,100,50,99,68,25,99,2,93,58
16,35,30,49,44,84,3,13,49,7
7,18,11,92,19,75,86,19,16,97
56,81,63,38,43,49,36,96,32,47
58,39,11,92,19,25,66,44,47,83
25,73,20,13,65,14,12,50,35,73
57,39,11,92,19,64,66,19,47,83
25,44,76,13,56,9,12,86,35,32
25,44,20,64,56,9,12,61,35,32
25,93,20,64,45,9,78,61,35,32
99,37,75,79,52,81,88,82,10,44
99,37,75,79,53,81,88,51,24,44
53,86,50,9,43,33,16,29,19,27
90,86,90,9,43,34,16,27,19,27
53,36,90,15,43,34,16,29,12,27
35,91,18,21,78,89,92,89,85,34
57,39,11,92,19,64,91,19,16,97
90,86,50,15,84,33,16,27,12,41
53,36,90,15,43,33,16,29,19,27
56,81,63,38,37,49,95,1,32,42
25,44,76,13,45,9,78,50,35,32
7,71,11,96,19,75,66,94,47,97
7,71,11,92,19,25,91,94,47,97
8,48,5,94,23,73,95,95,13,26
18,5,66,38,53,48,37,96,2,23
53,26,90,96,84,33,16,29,19,8
90,36,50,9,43,34,16,29,19,27
7,18,11,96,19,64,66,44,16,83
57,71,92,96,19,75,91,94,16,97
17,37,75,40,52,42,88,40,10,97
58,39,11,96,19,75,86,19,47,83
25,44,76,13,56,9,3,86,94,14
55,81,63,38,37,49,36,1,32,42
57,71,11,92,19,64,91,19,16,97
7,71,11,96,19,64,66,44,16,97
58,39,92,96,19,75,86,44,79,97
53,86,50,9,84,34,16,27,12,27
16,35,30,49,90,73,3,61,49,16
25,93,20,13,45,14,78,50,28,14
25,73,76,64,65,9,12,86,35,14
25,73,76,13,45,9,78,50,28,32
25,93,76,13,65,9,3,86,35,14
12,5,85,44,43,21,76,97,6,33
25,73,20,64,45,14,3,61,28,73
25,44,76,64,65,9,12,86,35,73
45,36,61,96,43,33,16,29,12,27
90,36,61,96,43,34,16,27,12,8
45,86,90,9,43,33,16,27,12,8
57,39,11,92,19,25,66,19,79,97
45,86,61,96,43,33,16,27,19,27
25,73,20,64,45,14,12,50,35,32
73,59,12,72,97,13,5,16,11,89
57,71,11,96,19,25,66,19,16,83
73,59,12,72,97,13,5,38,75,89
25,44,20,13,56,14,78,50,35,32
45,26,90,9,84,34,16,27,19,27
25,44,20,13,56,9,3,86,94,14
73,10,7,72,97,75,5,68,75,83
25,73,20,64,45,14,78,86,94,32
25,44,20,13,65,9,3,86,28,73
25,93,76,13,65,9,12,61,94,32
45,36,90,96,43,34,16,27,19,8
48,7,38,54,34,72,16,14,22,77
12,81,63,38,1,99,95,1,42,47
58,39,11,96,19,75,66,19,16,83
64,40,50,66,68,25,99,23,6,20
55,81,63,38,43,49,36,1,42,47
58,18,92,96,19,75,86,94,79,97
25,73,20,64,45,14,12,86,94,32
18,5,66,38,53,1,37,4,2,23
8,48,5,94,79,73,95,95,13,24
25,73,20,13,65,14,78,86,94,14
16,35,30,49,90,84,96,94,49,16
25,73,20,13,56,9,3,50,35,73
90,86,90,9,43,33,16,27,19,41
25,93,20,64,56,14,78,50,35,32
45,36,50,96,43,34,16,29,12,27
58,71,92,92,19,25,66,94,79,97
90,26,61,9,43,33,16,29,19,8
12,81,63,38,43,99,95,1,32,42
45,26,61,9,84,33,16,27,12,41
57,39,11,96,19,64,86,44,47,97
57,39,11,92,19,64,86,44,16,97
25,44,76,13,45,9,3,50,28,14
57,39,92,92,19,25,66,44,16,83
64,100,50,66,88,25,99,23,99,20
64,40,50,99,73,25,99,2,6,58
45,36,61,9,84,33,16,27,12,27
90,86,50,15,43,34,16,29,19,41
57,39,92,96,19,25,91,94,16,83
18,5,66,38,53,48,37,4,2,31
58,39,11,92,19,75,91,94,47,83
7,39,11,96,19,64,86,44,47,83
53,86,50,9,84,34,16,27,19,41
25,93,20,64,56,14,3,61,94,32
53,26,61,9,84,33,16,29,19,8
57,39,92,92,19,64,86,44,16,97
45,86,90,15,84,33,16,29,12,27
64,40,50,66,88,25,99,23,99,58
45,36,50,9,84,34,16,27,19,41
53,36,61,15,84,34,16,27,19,41
63,22,83,87,59,88,67,26,36,14
7,39,92,92,19,25,91,94,79,83
73,22,90,72,76,75,5,16,11,89
45,26,90,15,43,33,16,27,19,41
99,37,75,40,53,42,88,40,10,97
31,37,75,40,52,81,88,82,10,15
25,44,20,64,56,14,78,50,35,14
25,93,76,13,65,14,12,86,35,73
45,86,50,96,43,33,16,27,12,27
25,44,20,64,56,14,12,86,28,32
58,18,92,96,19,75,86,19,79,97
25,44,20,13,65,14,12,86,94,32
7,18,92,92,19,25,91,19,47,97
25,93,76,64,56,9,78,86,94,32
58,71,11,92,19,64,66,19,79,83
25,93,76,64,56,9,3,86,28,32
90,36,61,9,84,33,16,29,12,27
57,18,11,92,19,75,86,19,16,97
4,35,30,49,90,31,96,61,49,16
7,71,11,92,19,75,66,94,16,83
45,36,50,96,84,33,16,27,19,8
64,40,50,99,73,25,99,78,6,58
25,44,76,64,56,14,78,86,28,14
7,18,11,96,19,25,91,94,47,97
25,73,20,64,45,9,12,61,28,14
90,36,61,96,43,33,16,29,12,41
53,86,50,9,43,34,16,29,19,8
18,5,66,97,70,99,98,4,2,23
53,36,90,15,43,33,16,29,12,27
25,44,76,64,65,14,12,86,94,14
90,86,50,96,43,34,16,29,19,8
25,73,20,64,56,9,3,86,35,73
95,63,66,20,33,1,25,91,38,99
17,87,56,67,52,72,57,95,46,91
73,59,12,72,76,75,5,16,75,83
25,93,76,13,65,14,78,61,28,73
56,81,63,38,37,99,36,96,32,47
25,93,20,64,45,14,3,86,35,32
31,37,75,40,53,81,88,51,10,15
7,18,92,96,19,64,66,44,16,97
25,44,20,64,65,9,78,50,28,14
57,39,11,92,19,25,86,44,79,83
25,93,76,64,56,14,12,50,35,14
90,36,61,15,84,33,16,29,12,8
7,18,92,96,19,25,66,94,47,97
8,93,66,20,33,1,90,91,38,37
90,86,50,96,84,33,16,27,19,41
90,86,50,96,84,33,16,29,12,8
73,10,7,72,97,75,5,16,11,83
53,36,90,96,43,33,16,27,12,8
7,18,11,96,19,64,91,44,47,97
7,39,11,96,19,64,86,94,47,97
53,26,90,9,43,33,16,27,19,41
53,86,61,9,84,33,16,29,12,8
58,39,92,92,19,25,86,44,79,83
25,44,20,64,56,9,78,86,94,32
7,18,92,96,19,75,66,94,79,83
12,81,63,38,43,49,95,96,32,42
25,44,76,13,56,14,78,86,94,32
25,44,20,13,56,14,78,86,94,14
25,93,20,64,56,9,3,86,94,32
56,81,63,38,43,99,36,1,42,42
25,44,76,64,56,9,78,50,35,14
25,93,76,64,65,14,3,61,28,14
7,18,92,92,19,25,66,94,79,97
90,26,61,96,43,33,16,29,19,41
25,93,76,64,65,14,12,50,28,32
90,36,90,15,43,34,16,27,19,8
25,5,20,28,43,21,76,97,6,6
36,48,5,94,48,10,95,95,13,26
25,73,76,64,56,9,12,86,94,73
95,76,66,20,33,1,90,91,38,99
57,71,92,92,19,64,91,19,16,83
7,39,11,92,19,75,91,19,79,83
25,93,76,64,45,9,3,86,28,73
25,5,13,44,43,21,76,97,6,4
53,86,50,96,84,33,16,29,19,8
25,44,20,64,65,14,78,86,35,14
16,35,30,49,90,31,16,94,49,7
7,18,11,96,19,25,91,19,47,97
25,44,76,13,65,14,12,50,94,14
61,5,66,38,70,99,37,4,2,70
25,93,76,13,56,14,12,50,28,14
25,73,76,13,45,14,78,61,28,32
53,86,90,9,84,33,16,27,19,8
8,93,66,20,33,59,90,91,38,37
53,36,61,96,43,33,16,29,12,8
8,60,5,94,48,73,95,95,13,26
58,18,92,96,19,75,66,44,16,97
58,18,11,92,19,25,91,44,47,83
25,73,20,13,65,14,12,50,94,73
58,18,92,96,19,75,66,19,79,83
50,94,18,21,78,89,92,89,89,34
7,18,11,92,19,64,66,19,79,97
58,18,11,96,19,25,66,44,16,83
17,60,62,20,52,72,57,95,40,91
7,71,92,92,19,64,86,44,79,83
45,86,90,15,84,34,16,29,12,8
16,35,30,49,44,84,96,94,49,7
57,18,92,92,19,64,66,44,16,97
92,100,50,66,73,25,99,2,99,20
73,22,12,72,97,13,5,16,75,83
25,44,20,64,56,9,3,86,35,73
25,93,76,64,56,14,12,50,28,32
53,86,61,9,43,34,16,27,12,27
7,18,11,96,19,64,91,94,47,83
58,39,11,96,19,75,66,19,79,83
25,5,13,28,48,21,98,97,6,33
57,18,92,92,19,75,66,94,79,97
25,44,20,64,45,9,3,61,28,32
36,48,77,94,23,10,95,99,13,82
25,73,20,13,45,9,12,86,28,73
25,93,76,13,56,9,12,61,94,32
25,73,76,64,45,9,78,86,94,73
57,18,92,92,19,64,91,44,47,97
25,73,20,13,45,9,12,86,35,32
45,36,90,15,84,34,16,27,12,8
25,93,20,64,56,14,12,86,94,32
25,93,76,13,56,9,3,86,94,32
7,71,92,96,19,25,86,19,47,97
25,93,76,64,65,9,3,50,28,14
90,86,61,15,43,34,16,29,19,41
73,10,90,72,97,75,5,16,11,83
8,93,10,20,33,1,25,91,38,37
25,73,76,13,56,9,12,61,28,73
25,73,20,13,65,9,12,86,35,73
25,44,76,13,65,14,3,50,94,32
63,22,74,87,59,88,67,100,36,14
45,36,61,96,84,33,16,27,19,41
8,76,10,20,33,1,25,91,38,37
4,35,30,14,44,31,96,13,49,16
57,71,92,96,19,64,86,19,47,83
58,18,11,96,19,25,86,19,47,83
58,71,92,92,19,64,91,44,47,97
58,71,92,92,19,25,66,44,16,97
58,39,92,92,19,64,66,44,47,97
18,5,66,97,70,99,98,96,2,23
58,71,92,92,19,64,66,44,79,97
57,39,11,96,19,75,91,94,16,97
8,48,5,94,79,73,95,95,55,24
90,26,50,15,43,33,16,27,19,27
25,73,20,64,45,14,12,61,35,73
25,73,20,13,56,14,12,50,28,32
25,44,76,13,45,14,78,61,35,73
8,60,5,94,23,10,95,99,55,82
53,26,90,9,84,34,16,27,12,27
7,39,92,92,19,64,91,44,47,97
45,86,50,96,84,34,16,29,19,8
7,40,50,66,88,25,99,23,99,58
57,71,11,92,19,75,86,19,16,83
4,35,30,49,44,84,96,61,49,7
8,60,5,94,48,73,95,99,13,26
73,59,7,72,76,75,5,16,75,83
61,5,66,97,70,48,37,4,2,23
45,86,90,9,84,34,16,27,12,27
7,39,92,92,19,25,86,94,47,83
16,35,30,14,44,31,16,61,49,7
55,81,63,38,1,49,36,1,42,42
57,39,92,96,19,75,91,19,16,97
25,44,76,64,65,14,78,61,35,14
7,18,11,96,19,25,66,94,16,83
17,87,91,67,52,72,65,95,46,91
53,86,50,15,84,33,16,27,19,41
18,5,66,38,70,48,98,19,2,23
57,71,11,96,19,75,91,44,16,97
18,5,66,38,70,1,37,4,2,23
25,93,76,64,56,14,3,50,94,73
25,93,76,13,56,14,78,86,94,73
7,18,92,96,19,64,86,94,47,97
53,86,90,15,43,34,16,27,12,8
25,73,76,64,56,9,78,86,94,73
53,36,50,15,43,33,16,27,19,27
25,93,20,64,65,14,3,61,35,14
25,44,20,64,65,9,78,61,35,32
25,44,20,64,65,9,78,50,28,73
25,73,76,64,65,14,3,50,28,32
45,36,50,96,43,33,16,27,19,27
53,36,61,15,84,34,16,29,12,27
17,60,91,1,52,72,57,100,54,91
58,71,11,92,19,64,66,19,16,97
17,87,56,20,52,72,65,95,40,91
7,71,92,92,19,64,91,44,79,97
57,18,92,96,19,25,91,94,47,83
25,44,76,13,56,9,78,86,35,73
95,63,10,20,33,59,90,91,38,37
36,48,5,94,79,10,95,99,13,24
58,71,11,96,19,64,91,19,16,83
25,93,76,13,65,14,12,50,28,14
45,36,61,96,84,33,16,27,12,27
53,36,50,15,84,33,16,27,19,41
12,5,13,44,48,21,76,97,6,33
53,36,90,9,84,33,16,29,19,27
73,22,90,72,97,75,5,68,11,89
25,44,20,64,56,14,12,50,94,32
25,44,20,64,65,14,78,50,35,32
25,73,76,64,56,14,78,50,28,14
95,63,10,20,33,1,25,91,38,37
87,97,3,46,39,95,100,92,40,85
25,73,20,13,45,14,78,50,28,14
73,10,7,72,76,13,5,68,75,89
53,26,50,9,43,33,16,27,19,8
25,44,20,64,45,14,3,86,35,73
73,10,90,72,97,13,5,38,75,89
25,73,20,13,56,14,3,50,94,73
45,86,50,96,84,33,16,29,12,41
53,86,61,96,84,33,16,27,19,8
57,71,11,92,19,64,66,19,47,97
99,37,75,40,52,42,88,40,10,97
25,93,76,64,65,14,12,86,35,32
25,73,76,64,56,9,12,86,94,14
53,86,61,96,43,33,16,29,12,41
73,59,12,72,76,13,5,38,11,83
7,18,11,92,19,25,66,44,16,97
45,86,50,9,84,34,16,27,19,41
56,81,63,38,43,99,36,1,42,21
8,60,5,94,23,10,95,95,13,82
36,60,5,94,79,10,95,95,55,24
90,36,90,96,43,34,16,27,12,41
25,93,20,64,56,14,78,61,94,14
25,73,76,13,65,14,78,61,28,14
25,73,76,13,56,9,12,61,35,32
25,93,76,64,56,14,12,86,28,14
90,36,90,96,43,34,16,27,12,27
31,37,75,79,53,81,88,51,24,97
53,36,50,15,43,33,16,27,12,27
25,44,76,64,45,9,3,61,28,14
8,63,66,20,33,10,90,91,38,21
33,27,32,15,25,7,79,20,68,71
58,71,92,96,19,25,66,19,47,83
7,71,92,96,19,75,86,44,79,83
45,86,61,96,84,34,16,27,12,41
25,93,76,64,56,14,3,86,28,32
95,76,10,20,33,1,25,91,38,37
25,93,20,13,65,9,12,50,94,32
7,71,92,92,19,25,66,19,16,97
8,48,5,94,79,10,95,95,13,26
25,44,20,64,45,14,78,50,94,32
7,71,92,92,19,25,91,94,79,83
25,93,20,13,65,14,78,86,94,73
16,35,30,14,44,73,3,13,49,7
25,93,20,13,45,14,3,50,94,32
90,86,50,15,84,34,16,29,19,8
7,39,92,96,19,25,91,19,47,97
90,86,50,96,43,33,16,29,12,27
58,71,92,96,19,64,66,44,16,97
45,36,50,15,84,33,16,29,19,41
58,39,11,92,19,25,66,44,79,97
4,35,30,14,90,31,3,61,49,7
25,93,20,13,45,9,3,61,28,32
87,97,3,46,39,16,78,92,40,85
25,93,76,64,65,14,12,86,28,73
25,44,20,13,45,9,3,50,35,32
31,37,75,40,79,42,88,82,24,15
7,39,11,96,19,75,86,94,79,97
7,18,11,96,19,75,91,94,47,83
58,71,92,96,19,64,86,19,47,83
7,71,92,92,19,75,66,44,16,83
58,18,92,96,19,75,91,19,16,97
35,94,18,8,78,89,39,89,36,34
4,35,30,49,44,84,3,61,49,7
25,44,20,13,65,9,12,50,28,14
73,59,90,72,97,75,5,68,75,83
45,36,61,15,84,33,16,29,19,8
17,37,75,40,52,81,88,82,24,44
25,73,76,13,56,9,3,86,94,32
58,39,92,96,19,64,86,44,47,83
25,93,20,64,45,14,3,50,94,73
25,73,20,13,56,9,78,50,94,32
58,71,11,92,19,64,86,44,47,97
45,86,61,96,43,33,16,29,19,8
7,100,50,99,73,25,99,78,99,58
25,44,76,13,56,9,78,50,28,32
90,36,61,9,43,34,16,27,12,8
25,73,76,64,56,9,12,50,35,32
25,44,76,13,65,14,12,61,28,14
50,94,18,21,78,89,33,89,85,34
90,86,90,96,43,34,16,29,12,8
25,93,20,64,56,14,3,86,94,14
45,86,50,15,84,33,16,29,12,27
25,73,20,13,65,14,78,50,28,14
57,71,92,92,19,64,91,19,79,97
53,36,90,15,84,34,16,29,12,8
58,39,11,92,19,64,66,19,16,97
58,39,92,96,19,64,86,94,47,97
57,39,92,96,19,64,66,19,47,83
25,93,20,64,56,9,3,50,28,32
36,60,5,94,48,10,95,95,55,24
57,39,11,92,19,64,86,19,47,83
58,18,92,96,19,64,91,94,79,97
58,18,11,96,19,75,86,94,47,83
53,26,90,15,84,33,16,27,19,27
25,44,76,64,65,9,12,86,35,32
25,93,76,13,56,14,12,50,94,32
16,35,30,14,90,31,16,61,49,7
25,93,20,64,56,14,12,61,35,14
90,26,61,9,43,33,16,27,19,41
16,35,30,49,90,73,96,13,49,7
7,39,92,92,19,25,86,94,79,97
53,26,90,15,84,34,16,27,19,41
57,71,11,96,19,64,91,44,47,83
57,39,92,96,19,64,86,94,79,97
58,39,92,92,19,75,66,44,16,83
57,18,11,96,19,75,86,94,16,83
58,71,11,92,19,75,86,94,16,97
57,71,92,96,19,64,66,19,47,97
8,63,10,20,33,1,25,91,38,21
25,73,76,64,65,14,3,50,35,32
25,73,20,13,65,14,12,50,35,32
58,39,92,96,19,64,86,94,16,97
7,71,11,92,19,25,91,94,16,83
7,39,92,92,19,75,86,44,47,97
25,73,20,64,56,9,78,86,35,14
58,71,92,96,19,75,86,44,47,97
57,39,11,92,19,75,86,19,47,97
45,86,50,15,43,34,16,27,12,41
25,93,76,13,45,14,78,61,94,14
57,71,92,96,19,75,66,44,47,83
25,73,76,13,65,14,3,86,28,73
4,35,30,14,90,84,96,13,49,7
53,86,50,15,43,33,16,29,12,8
7,39,11,92,19,64,66,19,47,83
25,73,76,64,56,9,12,61,94,32
90,36,61,9,84,33,16,29,19,27
73,59,7,72,97,13,5,68,11,89
58,18,92,92,19,25,91,19,79,97
25,44,76,64,65,9,3,61,94,32
45,36,61,15,84,33,16,27,12,27
58,39,11,96,19,25,91,44,79,83
92,100,50,66,73,25,99,78,93,58
25,73,76,13,65,14,3,50,28,73
25,93,76,13,56,14,3,86,94,14
25,93,76,13,56,14,78,50,94,73
42,5,66,97,53,48,98,4,2,23
25,44,76,64,65,14,12,86,28,14
58,93,10,20,33,10,25,91,38,99
90,26,90,96,43,33,16,27,12,8
45,26,50,96,43,33,16,27,19,41
4,35,30,49,90,31,3,61,49,16
25,73,76,64,65,14,78,61,28,73
53,26,61,96,43,33,16,29,19,8
53,86,50,15,43,33,16,27,19,27
25,44,76,13,56,14,3,61,28,32
63,22,83,95,59,88,60,26,36,14
17,60,91,67,52,72,65,100,54,91
25,93,76,64,56,14,78,61,28,14
25,73,20,13,56,14,78,50,28,73
8,93,66,20,33,59,25,91,38,37
45,26,61,96,43,33,16,29,19,8
25,93,20,13,45,14,12,61,28,14
57,71,11,96,19,64,91,94,47,83
53,36,50,96,43,33,16,29,19,27
7,40,50,99,73,25,99,78,6,58
17,60,62,1,52,72,65,100,46,91
53,36,50,96,84,34,16,29,19,41
18,5,66,38,70,1,98,19,2,70
57,39,11,96,19,75,86,19,47,83
25,44,76,64,45,14,3,61,28,73
53,26,50,15,43,33,16,29,19,8
99,37,75,79,52,42,88,40,24,15
18,5,66,38,70,99,37,4,2,70
7,100,50,99,88,25,99,23,6,20
25,44,76,13,56,9,12,86,94,32
7,100,50,99,73,25,99,2,99,20
16,35,30,49,90,73,96,94,49,16
25,44,76,64,65,9,78,50,35,14
90,26,61,15,43,33,16,27,12,27
17,37,75,79,52,81,88,51,24,44
25,93,20,64,45,9,78,50,28,14
90,36,90,9,43,33,16,27,12,41
25,44,20,13,65,14,3,50,35,14
53,36,61,15,43,33,16,29,19,8
17,87,62,20,52,72,65,95,40,91
73,59,90,72,76,13,5,16,75,83
7,71,92,92,19,25,86,44,16,83
25,44,76,13,65,14,12,61,35,14
53,26,90,15,43,34,16,29,19,8
53,86,90,96,84,34,16,27,12,27
64,100,50,66,88,25,99,78,93,58
90,86,50,96,84,34,16,27,12,27
25,73,76,64,56,14,12,86,94,32
58,18,11,96,19,75,86,19,79,97
25,73,76,64,45,9,78,86,28,32
58,18,92,92,19,75,91,19,79,83
25,93,20,64,45,14,78,61,94,14
25,93,20,64,56,9,3,86,28,73
45,26,61,9,43,34,16,27,19,27
7,39,11,92,19,25,91,94,47,83
7,39,92,96,19,25,86,44,79,97
57,18,92,96,19,64,66,44,79,97
25,93,20,13,45,9,78,61,94,73
25,73,20,64,45,9,78,61,28,14
25,73,76,64,45,9,3,50,28,32
58,71,11,96,19,64,66,94,47,97
53,36,61,96,84,33,16,29,19,41
57,39,11,92,19,75,91,94,47,83
25,73,76,13,45,9,78,86,28,32
58,18,92,92,19,25,66,44,47,83
17,87,62,20,52,72,57,100,54,91
57,39,92,96,19,75,86,94,79,83
90,26,50,15,84,34,16,27,12,8
90,26,50,9,84,33,16,27,19,8
25,93,20,64,45,9,3,50,28,32
90,36,90,15,84,33,16,29,12,8
90,36,90,15,43,33,16,29,12,8
53,26,50,15,43,33,16,29,12,8
57,71,11,96,19,25,91,94,47,97
63,22,83,87,59,88,67,26,32,83
12,81,63,38,43,49,36,1,32,21
90,86,50,9,43,34,16,29,12,41
25,44,76,13,56,14,12,86,35,14
90,26,50,15,84,34,16,29,19,27
25,73,76,64,65,14,78,61,94,73
90,26,50,9,84,34,16,29,12,27
25,44,76,64,65,9,12,86,94,73
25,44,76,64,45,14,12,50,94,14
90,86,90,96,84,34,16,27,12,27
25,93,76,64,56,9,78,50,35,32
25,73,20,13,45,14,12,61,94,14
61,5,66,38,53,99,37,96,2,23
7,71,92,96,19,75,91,19,47,97
7,18,92,92,19,64,86,94,79,83
8,63,66,20,33,10,25,91,38,99
25,44,20,64,45,9,3,86,35,32
90,26,90,9,43,33,16,29,12,8
25,93,20,64,65,9,3,61,28,14
58,18,11,92,19,64,91,94,16,97
25,73,76,64,45,14,12,86,28,73
45,86,50,96,84,34,16,29,19,41
7,71,11,92,19,75,66,19,16,97
8,48,77,94,48,73,95,99,55,82
7,71,92,96,19,75,66,44,47,83
36,48,5,94,79,10,95,95,13,26
25,93,20,13,56,14,12,61,35,14
16,35,30,14,44,31,96,61,49,7
4,35,30,49,90,31,3,61,49,7
58,39,92,96,19,75,66,44,16,97
58,39,11,92,19,25,86,44,47,83
7,18,92,96,19,64,66,94,16,97
25,44,20,64,45,14,12,86,28,73
25,93,20,13,65,9,78,50,35,32
90,26,90,9,43,33,16,29,19,27
53,86,61,9,43,33,16,27,19,41
25,73,76,13,65,14,3,50,35,14
25,73,76,13,65,14,12,86,35,73
7,71,92,96,19,25,66,44,79,97
31,37,75,40,53,81,88,82,24,97
58,39,11,96,19,64,86,19,47,83
53,86,61,15,84,34,16,27,19,27
8,48,77,94,48,73,95,95,13,82
7,71,92,96,19,64,66,44,47,83
57,39,92,96,19,75,66,44,47,97
53,26,61,96,43,34,16,29,12,41
25,93,20,13,65,9,12,50,35,32
7,18,92,96,19,75,86,19,16,83
58,18,11,92,19,75,86,19,79,97
25,73,20,13,65,9,78,61,94,73
7,71,11,92,19,64,91,44,16,83
7,18,11,96,19,75,86,19,16,97
25,44,76,13,65,9,78,86,35,32
45,36,61,96,84,34,16,29,19,8
18,5,66,38,70,48,98,96,2,23
58,39,92,96,19,25,91,94,47,97
53,36,61,9,84,34,16,27,12,8
58,18,92,92,19,75,66,19,79,97
8,48,5,94,79,10,95,95,13,24
45,26,90,96,84,33,16,27,19,8
25,44,20,64,56,14,3,86,94,14
25,93,76,64,65,9,78,61,28,73
58,71,11,96,19,75,91,94,47,83
90,36,90,15,43,33,16,27,19,8
25,73,20,64,65,9,78,86,28,32
42,5,66,97,70,1,98,4,2,31
25,5,85,28,11,21,98,97,6,4
58,39,11,96,19,75,86,44,47,97
73,10,7,72,97,13,5,38,75,83
25,93,76,13,65,14,78,86,28,32
8,48,77,94,48,10,95,95,55,26
58,18,92,96,19,25,86,44,16,83
7,39,92,96,19,75,66,19,79,97
7,71,92,92,19,75,91,94,79,97
73,22,90,72,97,13,5,68,75,89
17,37,75,40,53,42,88,51,24,44
90,26,61,9,43,34,16,29,19,41
45,26,61,96,43,33,16,29,12,8
4,35,30,49,90,84,16,13,49,16
31,37,75,79,52,42,88,40,24,44
53,26,61,96,43,34,16,27,19,27
25,44,20,64,56,14,78,86,94,14
16,35,30,14,90,73,96,94,49,7
90,26,90,96,84,33,16,29,12,8
57,18,11,96,19,64,86,94,47,97
17,87,62,67,52,72,34,95,46,91
57,39,92,96,19,64,86,19,16,97
64,100,50,99,88,25,99,23,6,20
90,36,61,9,84,34,16,27,12,8
90,36,90,15,43,34,16,27,12,41
95,93,10,20,33,10,25,91,38,99
7,71,92,92,19,75,91,94,16,97
57,18,11,92,19,25,66,19,16,83
58,18,92,96,19,25,66,44,16,83
58,18,92,92,19,25,91,44,79,97
7,40,50,66,88,25,99,78,99,58
25,44,76,64,56,14,78,61,94,73
25,5,13,28,11,21,98,97,6,33
12,5,85,44,11,21,76,97,6,6
25,93,20,13,45,14,78,61,94,73
8,63,66,20,33,10,90,91,38,99
90,36,90,96,84,34,16,27,12,8
53,36,90,96,43,33,16,29,19,27
25,73,20,64,45,9,12,86,94,32
17,60,56,1,52,72,57,95,54,91
25,44,76,13,56,9,78,86,28,73
58,71,11,92,19,75,66,44,16,83
7,71,92,92,19,75,91,44,47,83
4,35,30,14,44,84,96,13,49,7
57,71,11,92,19,64,66,19,79,97
64,100,50,99,88,25,99,78,93,58
61,5,66,97,70,48,98,4,2,31
8,76,10,20,33,1,90,91,38,99
16,35,30,14,90,73,3,94,49,16
7,39,11,96,19,75,86,19,47,83
58,18,92,92,19,64,91,94,16,97
57,18,92,92,19,25,66,94,79,97
25,44,20,64,56,9,78,50,28,73
90,86,61,96,43,33,16,29,12,27
90,36,50,15,43,33,16,29,12,27
4,35,30,49,90,84,16,13,49,7
25,73,20,64,56,14,12,86,94,32
64,100,50,66,73,25,99,2,99,20
58,71,11,92,19,64,91,44,16,97
25,44,20,64,45,9,3,61,94,73
73,10,90,72,97,75,5,16,75,89
7,39,11,92,19,75,86,19,79,97
25,44,76,13,65,14,78,50,94,32
57,71,92,96,19,75,66,94,47,97
25,73,76,64,65,14,78,50,94,73
73,22,12,72,76,13,5,68,11,89
25,73,20,13,65,9,3,50,94,14
57,18,11,96,19,75,66,19,16,83
25,73,76,13,65,14,3,61,35,14
25,44,20,13,45,9,12,50,28,73
17,60,91,67,52,72,65,95,54,91
57,18,92,96,19,25,86,94,47,83
25,73,20,64,65,9,12,86,94,73
45,26,50,9,43,33,16,27,12,41
25,44,76,64,65,14,78,50,28,14
25,44,76,13,56,14,78,50,35,14
25,93,20,13,56,14,3,50,28,73
57,39,11,96,19,64,66,94,16,97
75,27,32,65,25,67,8,20,68,71
4,35,30,14,44,73,16,13,49,16
12,5,13,44,43,21,98,97,6,4
45,26,90,96,84,34,16,27,12,27
42,5,66,97,70,48,98,96,2,23
57,18,11,92,19,25,91,44,79,83
25,73,20,64,56,14,78,50,28,14
45,26,90,96,43,33,16,27,19,41
58,18,11,96,19,64,86,19,47,97
95,63,66,20,33,59,25,91,38,21
25,73,76,64,45,14,3,50,28,73
57,71,92,96,19,25,66,94,47,83
8,48,5,94,23,73,95,99,55,24
87,94,86,75,21,76,33,59,10,66
55,81,63,38,43,49,36,1,42,42
25,73,20,64,65,14,3,86,94,32
53,86,90,9,43,34,16,27,19,27
4,35,30,14,44,73,96,61,49,7
58,71,11,96,19,25,86,44,79,97
73,59,7,72,97,75,5,38,75,83
73,59,7,72,76,75,5,68,75,83
7,18,92,92,19,25,86,19,47,83
7,39,92,92,19,75,66,94,79,97
53,26,50,96,43,33,16,27,12,27
25,73,76,64,56,9,12,50,94,14
25,73,20,64,65,9,78,61,35,32
31,37,75,40,53,42,88,40,10,15
45,26,61,15,84,34,16,29,19,41
25,44,20,13,45,9,78,50,28,32
90,36,50,9,43,34,16,29,12,41
25,73,76,13,65,9,3,86,94,73
45,36,90,96,84,33,16,29,12,27
25,73,76,64,45,14,3,50,35,73
57,39,11,92,19,25,86,44,79,97
7,71,92,92,19,75,66,94,16,97
99,37,75,79,52,42,88,82,24,15
31,37,75,79,52,81,88,51,24,97
36,60,5,94,48,73,95,95,13,82
58,39,11,92,19,25,91,44,79,83
25,93,76,13,56,14,12,86,28,73
45,86,90,15,43,34,16,29,12,8
25,93,76,13,45,9,3,50,35,73
7,71,11,92,19,75,91,19,47,97
25,44,76,13,65,14,12,61,35,73
58,18,92,96,19,64,91,19,16,97
25,93,20,64,56,14,78,61,28,73
25,73,20,64,65,14,78,50,94,14
17,37,75,79,53,81,88,40,24,44
42,5,66,97,53,99,37,4,2,31
7,39,11,96,19,64,91,44,47,97
45,26,50,9,43,34,16,27,19,8
18,5,66,97,70,99,37,4,2,70
8,60,77,94,79,10,95,99,13,26
25,73,76,64,56,14,78,61,94,32
53,86,90,96,43,33,16,29,12,8
45,36,90,15,84,33,16,29,19,8
7,39,11,96,19,25,86,44,47,83
7,71,92,96,19,64,66,44,47,97
57,18,92,92,19,64,91,19,79,83
25,93,20,64,45,14,3,86,94,14
7,71,92,96,19,25,66,44,47,97
25,73,20,13,65,9,3,50,35,73
58,71,11,92,19,25,86,94,16,97
57,39,11,96,19,64,66,44,47,97
95,63,10,20,33,10,90,91,38,37
7,18,11,92,19,75,91,19,16,97
8,60,5,94,23,73,95,99,55,82
25,44,20,64,56,9,78,50,94,73
7,18,92,92,19,25,66,94,16,97
53,86,50,15,84,33,16,27,12,41
25,73,20,13,45,14,78,50,28,32
4,35,30,14,90,73,16,61,49,16
90,86,61,9,84,34,16,27,19,27
57,39,92,96,19,75,91,44,16,97
25,73,76,13,65,14,78,86,35,14
69,97,3,46,39,95,100,92,40,85
18,5,66,38,70,1,98,19,2,23
57,18,11,92,19,64,91,94,16,97
25,93,76,64,45,9,3,86,35,14
57,18,92,96,19,64,86,44,47,83
90,86,90,96,43,34,16,27,19,8
25,93,76,13,45,14,78,50,94,14
25,93,20,13,56,9,78,61,28,73
17,60,91,1,52,72,34,100,40,91
90,26,61,96,84,34,16,29,12,41
25,93,76,13,65,14,78,61,94,73
90,36,61,96,84,33,16,29,12,8
42,5,66,38,70,99,37,4,2,70
57,39,92,92,19,64,86,44,79,83
63,22,74,87,59,88,67,100,32,83
58,39,92,96,19,64,91,19,79,97
57,71,92,96,19,64,66,19,47,83
53,86,50,9,84,33,16,29,12,27
25,93,20,13,56,9,3,61,28,73
57,71,11,92,19,75,66,94,16,83
57,39,92,96,19,64,86,44,79,83
45,26,90,9,43,34,16,29,12,8
58,18,11,92,19,25,91,94,79,83
18,5,66,97,70,99,98,96,2,31
45,86,90,96,43,33,16,29,12,8
90,36,50,9,84,34,16,27,12,27
90,36,50,15,84,33,16,27,19,27
7,100,50,99,88,25,99,23,99,20
25,44,76,13,45,9,12,50,94,14
36,48,77,94,79,73,95,99,55,26
90,86,50,15,43,33,16,29,19,41
18,5,66,38,70,99,98,19,2,70
53,86,90,9,84,33,16,27,12,8
87,94,30,75,21,76,33,59,75,66
25,93,76,13,56,9,78,50,28,73
45,86,50,9,43,34,16,27,12,27
57,71,92,92,19,64,86,94,79,83
25,73,76,13,65,14,78,86,28,14
57,18,92,96,19,64,86,44,79,83
25,73,20,64,65,14,78,86,94,73
57,18,11,92,19,75,86,94,16,83
90,26,50,96,84,34,16,29,12,8
25,44,20,64,45,9,12,50,28,73
25,93,76,13,45,9,3,50,28,32
25,93,76,64,65,9,78,86,35,73
4,35,30,14,90,31,16,61,49,7
7,39,92,96,19,75,66,19,16,83
42,5,66,38,70,1,98,96,2,23
18,5,66,38,53,99,37,96,2,23
17,87,91,20,52,72,57,100,54,91
7,39,92,96,19,64,91,44,16,97
57,18,92,92,19,75,86,94,79,83
25,73,20,13,56,9,78,50,28,32
58,18,11,92,19,25,86,19,16,83
36,48,5,94,79,73,95,99,13,24
25,44,20,13,65,9,78,50,35,32
57,71,92,92,19,64,66,94,79,97
25,44,20,64,45,9,3,61,35,14
25,44,76,13,56,9,78,50,94,32
18,5,66,97,70,1,37,96,2,70
25,73,20,13,65,14,78,50,94,73
25,73,20,64,45,14,12,50,94,73
45,86,50,15,84,33,16,27,12,41
7,39,11,92,19,75,91,94,47,83
7,18,92,96,19,75,66,94,47,97
90,26,50,96,84,33,16,29,12,41
17,60,91,20,52,72,65,95,46,91
25,44,76,64,56,9,78,86,28,14
58,39,92,92,19,25,91,19,47,97
45,36,61,15,43,33,16,27,12,27
7,100,50,66,88,25,99,78,6,20
33,27,32,91,25,7,79,20,68,48
8,48,77,94,79,73,95,95,13,82
25,93,76,64,56,9,78,50,94,73
25,44,20,13,45,14,78,86,28,14
25,44,76,64,65,9,78,50,94,32
18,5,66,38,53,48,37,4,2,23
17,60,56,20,52,72,57,100,46,91
25,44,76,13,45,9,12,86,35,14
25,44,76,64,65,14,3,50,28,32
53,36,61,96,84,33,16,29,12,27
45,86,61,96,43,33,16,29,12,41
56,81,63,38,43,99,95,1,32,21
25,73,20,13,45,14,12,86,94,32
58,71,11,92,19,25,66,44,16,97
53,86,90,9,43,33,16,29,19,41
58,39,11,96,19,64,86,44,79,83
25,93,76,64,56,9,78,61,28,32
90,36,50,15,84,33,16,27,19,41
53,86,50,9,43,33,16,27,12,8
61,5,66,97,70,99,37,19,2,70
25,73,76,64,65,14,12,50,94,32
87,97,9,46,39,95,78,92,40,85
57,18,11,96,19,25,66,19,16,83
25,44,20,64,56,9,78,61,94,73
58,39,92,92,19,75,91,94,47,97
57,18,11,96,19,25,86,44,16,83
25,93,20,13,45,9,78,50,35,14
58,39,11,92,19,75,66,19,16,97
73,22,7,72,76,75,5,68,75,89
57,18,11,92,19,64,66,94,79,83
45,86,90,96,43,33,16,27,12,27
4,35,30,49,44,31,16,94,49,7
7,39,92,96,19,75,66,44,16,97
90,86,61,15,43,33,16,27,19,8
56,81,63,38,37,49,95,1,32,47
57,18,92,96,19,75,66,19,47,97
25,44,76,64,65,14,3,61,35,73
58,39,92,96,19,75,91,44,79,97
92,100,50,99,68,25,99,78,6,20
57,18,11,92,19,75,86,94,79,83
25,73,76,13,45,9,12,86,94,14
58,71,92,92,19,75,66,44,79,97
25,93,76,64,65,14,12,86,94,32
58,39,11,92,19,64,86,44,16,83
17,60,91,67,52,72,34,95,40,91
17,37,75,40,53,81,88,82,24,97
90,86,90,15,84,33,16,27,19,8
92,100,50,66,88,25,99,2,6,58
63,22,74,95,59,88,61,100,36,14
58,18,11,92,19,75,91,19,79,97
25,73,76,64,45,9,12,61,94,14
57,39,11,96,19,75,86,44,47,83
64,40,50,66,88,25,99,2,6,58
55,81,63,38,37,49,36,96,42,21
7,39,11,96,19,25,66,94,79,97
57,39,11,92,19,75,66,19,16,97
58,71,11,96,19,64,86,94,47,83
17,87,62,1,52,72,65,100,46,91
33,27,32,65,33,48,79,20,68,71
25,44,20,13,65,14,3,61,35,73
42,5,66,38,70,1,37,96,2,31
58,71,11,92,19,25,91,19,16,97
58,71,92,92,19,25,66,94,79,83
25,73,76,13,56,9,78,50,35,14
25,44,20,64,65,9,78,86,28,73
25,44,76,64,65,14,78,86,28,14
8,93,10,20,33,10,90,91,38,37
25,44,76,13,45,14,78,61,35,32
45,36,50,9,43,34,16,29,19,41
25,93,76,13,45,9,3,50,94,73
4,35,30,49,90,73,16,13,49,7
7,71,11,96,19,75,91,44,79,97
25,5,13,28,48,21,98,97,6,6
25,44,76,13,45,14,78,86,94,73
25,93,76,64,45,14,78,86,28,14
18,5,66,38,53,99,37,19,2,70
25,93,76,13,56,14,12,50,35,32
58,71,11,96,19,75,86,94,47,97
58,18,11,96,19,75,66,44,79,97
58,39,92,92,19,25,66,19,16,83
7,18,11,92,19,25,86,44,47,97
25,93,76,13,65,14,3,50,94,32
25,93,20,13,65,14,3,50,35,73
25,73,76,13,56,9,3,86,28,73
42,5,66,38,70,99,98,4,2,70
45,86,50,9,84,33,16,29,19,41
73,59,7,72,97,75,5,68,11,83
25,73,20,13,56,9,78,61,94,73
58,18,92,92,19,64,91,19,47,97
8,48,5,94,79,73,95,99,13,82
58,39,11,92,19,64,91,44,16,83
73,10,7,72,97,13,5,38,11,83
90,36,61,9,43,33,16,27,19,8
73,22,12,72,97,13,5,68,75,89
58,18,11,92,19,25,91,19,16,97
53,86,90,96,84,33,16,27,12,41
61,5,66,97,53,1,37,4,2,31
7,71,92,92,19,64,86,44,16,83
7,39,11,92,19,64,86,94,79,97
7,18,11,96,19,75,66,44,79,97
56,81,63,38,1,99,36,96,32,21
25,73,76,64,56,14,3,61,28,14
53,86,90,96,84,34,16,29,12,27
25,44,76,64,65,9,12,61,94,32
58,18,92,96,19,25,86,19,47,97
73,10,7,72,97,75,5,16,75,83
17,94,86,75,21,33,33,59,75,66
99,37,75,40,79,42,88,51,10,15
25,73,20,13,45,9,3,50,28,14
25,93,20,64,56,14,12,86,28,14
99,37,75,79,52,81,88,82,24,15
53,36,61,15,43,34,16,29,19,8
25,93,76,64,56,14,78,50,35,14
25,93,20,13,45,14,78,86,28,73
25,93,20,13,65,14,12,50,28,14
45,26,90,15,84,34,16,29,12,27
73,59,12,72,76,75,5,38,75,89
25,73,76,13,56,9,12,86,28,73
45,86,90,15,43,33,16,29,19,27
17,37,75,79,53,81,88,82,10,44
25,93,76,64,45,14,78,61,35,32
25,44,76,64,65,9,12,86,94,14
16,35,30,14,44,84,96,61,49,16
7,39,11,96,19,25,91,94,16,83
64,40,50,66,68,25,99,2,93,20
25,44,76,64,45,9,12,86,35,14
45,86,61,15,84,34,16,27,12,27
90,26,50,9,84,33,16,27,12,8
8,60,5,94,48,10,95,99,13,82
25,93,20,13,65,14,3,61,35,14
25,93,20,13,45,9,3,86,28,14
90,36,61,15,84,34,16,27,19,41
25,73,76,64,45,9,12,50,35,32
7,18,11,92,19,64,91,44,79,97
25,73,76,64,65,9,78,86,28,32
53,36,61,9,84,34,16,27,19,27
61,5,66,38,53,48,98,96,2,31
53,26,50,9,84,34,16,27,12,41
25,44,76,13,65,9,78,86,28,73
25,73,76,64,45,14,12,50,94,73
7,100,50,66,68,25,99,78,99,58
25,93,76,13,56,14,3,86,35,14
18,5,66,97,70,48,37,4,2,23
90,36,90,15,43,33,16,29,12,41
57,18,11,92,19,64,91,94,79,97
8,60,5,94,79,10,95,95,13,24
25,44,76,13,56,9,78,61,94,32
90,26,61,15,84,33,16,27,12,8
17,37,75,40,52,81,88,40,24,44
45,36,50,9,43,33,16,27,12,41
57,71,11,92,19,64,86,94,47,97
7,18,11,92,19,64,86,19,16,83
25,73,20,13,45,14,78,86,94,32
25,93,76,13,65,14,78,50,35,14
7,18,92,92,19,75,66,94,16,83
7,18,92,92,19,64,86,94,16,97
16,35,30,14,44,84,3,94,49,16
36,60,77,94,23,10,95,95,55,82
25,93,76,64,45,14,3,86,94,73
45,86,61,15,43,34,16,27,19,8
12,5,85,28,11,21,98,97,6,4
25,44,20,13,65,14,78,61,28,73
12,5,13,28,48,21,76,97,6,33
7,71,11,96,19,75,66,94,16,97
99,37,75,79,53,81,88,82,24,15
53,36,90,9,43,33,16,27,19,8
58,76,66,20,33,1,90,91,38,99
45,36,90,15,43,33,16,27,19,8
12,81,63,38,43,49,95,96,42,21
58,39,92,96,19,64,86,19,16,97
25,73,20,13,65,9,78,61,28,73
17,60,62,1,52,72,57,95,40,91
25,44,20,64,56,14,12,50,28,14
25,73,76,13,65,9,12,50,28,73
7,71,92,96,19,75,91,44,47,83
25,93,20,64,45,14,12,50,35,14
7,39,92,92,19,75,66,44,47,83
7,39,92,96,19,75,86,94,79,97
53,36,90,96,43,33,16,29,12,8
57,18,11,96,19,75,91,44,79,97
25,73,76,13,65,14,3,50,94,14
25,93,20,64,65,14,3,61,28,14
36,60,5,94,79,73,95,95,13,26
53,86,90,15,43,34,16,27,12,41
90,86,50,15,43,34,16,29,12,41
35,94,18,8,78,89,39,89,89,34
42,5,66,97,70,48,98,19,2,31
7,39,92,92,19,25,91,94,47,83
45,86,90,15,84,33,16,29,19,41
58,63,10,20,33,10,90,91,38,99
4,35,30,49,44,73,3,61,49,7
58,39,11,96,19,64,66,94,47,83
69,97,9,46,39,95,100,92,40,85
25,44,76,13,56,14,78,86,35,32
64,100,50,66,88,25,99,78,6,20
4,35,30,49,44,84,16,94,49,7
25,44,76,13,45,14,3,50,28,32
17,37,75,79,53,81,88,40,24,15
25,93,76,64,56,14,3,86,35,32
58,39,92,96,19,25,66,44,16,97
25,93,76,64,65,9,3,50,35,32
25,44,20,64,65,9,12,86,28,32
25,73,76,13,65,9,12,61,94,14
25,93,20,64,65,9,12,61,94,14
12,5,85,44,43,21,98,97,6,33
75,27,32,15,25,7,8,20,68,71
7,39,11,96,19,25,86,94,79,83
25,93,76,13,45,14,3,61,35,73
7,71,92,92,19,64,66,94,47,83
7,18,11,96,19,75,86,94,79,97
35,94,18,8,78,89,33,89,36,34
57,71,92,92,19,75,66,44,79,83
58,71,11,96,19,75,86,94,79,83
25,73,20,64,45,14,78,61,35,14
58,39,11,96,19,64,91,19,16,97
64,100,50,99,68,25,99,78,6,58
7,39,11,96,19,64,86,44,16,97
25,73,76,64,56,9,3,61,28,32
25,73,20,64,65,9,78,86,35,14
56,81,63,38,37,49,95,96,42,47
25,73,20,13,45,9,3,86,94,14
45,86,50,96,84,34,16,29,12,41
7,40,50,66,88,25,99,78,93,20
53,36,90,9,43,33,16,29,12,27
7,71,92,96,19,64,86,19,47,83
36,60,77,94,23,10,95,99,13,82
25,93,20,64,56,9,12,61,35,14
25,73,20,13,45,14,12,50,35,32
25,93,20,13,45,9,78,61,94,32
7,39,11,92,19,75,86,44,79,97
7,71,92,92,19,75,66,44,16,97
25,44,76,13,65,9,3,50,35,32
57,18,11,92,19,75,86,19,16,83
58,71,92,92,19,75,86,44,79,83
18,5,66,38,53,48,37,19,2,70
31,37,75,79,53,81,88,82,24,15
90,86,61,15,84,33,16,27,12,8
57,71,92,96,19,75,66,19,16,97
58,18,11,92,19,64,86,94,16,97
57,39,11,92,19,64,86,19,79,83
57,39,11,92,19,25,86,19,16,97
25,44,20,13,56,9,12,61,35,14
17,60,91,67,52,72,34,100,54,91
64,40,50,99,73,25,99,78,99,20
58,18,92,96,19,75,91,94,47,97
53,86,50,9,43,33,16,29,19,41
90,86,61,9,43,34,16,29,19,8
53,86,50,15,84,33,16,29,19,41
25,93,20,13,65,14,12,50,35,32
45,26,50,15,43,34,16,29,12,41
58,18,92,96,19,64,91,19,16,83
25,44,76,13,45,14,3,86,35,32
25,93,76,13,45,9,78,50,28,32
58,18,11,92,19,25,86,19,47,83
7,100,50,99,68,25,99,78,99,58
58,39,11,96,19,75,86,44,47,83
90,36,50,96,84,34,16,27,19,41
58,71,11,92,19,75,66,19,47,97
7,39,92,92,19,64,91,44,79,97
25,73,76,64,65,14,12,86,35,14
90,26,61,9,84,34,16,29,19,8
7,71,11,92,19,64,86,44,79,83
25,44,76,64,45,9,12,61,35,32
7,71,92,96,19,64,66,94,47,97
45,36,50,15,43,34,16,29,19,27
57,71,92,96,19,25,66,19,16,97
25,44,20,64,45,9,78,50,35,32
25,73,20,64,45,14,3,50,28,32
17,60,62,67,52,72,34,100,40,91
25,93,76,64,65,9,12,86,28,32
58,71,11,96,19,25,91,19,79,97
25,73,20,13,65,14,12,50,28,14
7,18,92,92,19,75,86,94,79,97
8,60,77,94,23,73,95,95,55,24
53,36,50,15,43,34,16,29,12,41
7,100,50,66,73,25,99,23,93,58
61,5,66,38,53,1,37,4,2,23
33,27,32,65,25,67,8,20,68,48
57,39,92,96,19,64,66,19,16,83
25,44,20,13,45,9,78,50,28,14
25,73,76,64,45,14,3,86,94,73
57,71,92,96,19,75,66,19,79,97
7,71,92,96,19,75,86,19,79,83
90,86,50,96,84,34,16,27,19,27
55,81,63,38,1,49,36,96,42,42
95,63,66,20,33,1,25,91,38,21
90,86,90,96,84,34,16,27,19,41
25,93,76,64,45,9,78,61,94,73
25,93,76,64,45,14,12,86,35,14
4,35,30,14,44,31,16,94,49,7
25,93,76,13,56,9,78,86,28,14
18,5,66,38,53,48,98,96,2,31
25,5,20,44,43,21,76,97,6,4
58,63,66,20,33,59,90,91,38,99
53,36,90,96,84,34,16,27,12,27
25,73,20,64,65,14,78,61,35,14
7,18,92,96,19,75,91,19,47,83
58,18,11,92,19,75,86,19,16,97
61,5,66,97,53,1,37,96,2,31
45,26,61,15,43,33,16,29,12,8
36,60,5,94,48,73,95,95,55,24
7,18,92,96,19,25,91,44,79,97
58,71,11,96,19,25,91,19,16,97
45,36,50,15,84,34,16,27,19,27
73,22,12,72,97,75,5,16,11,83
7,39,11,96,19,25,91,94,79,97
36,60,77,94,23,10,95,99,55,26
7,18,92,96,19,64,66,19,47,83
7,71,11,96,19,25,86,94,47,97
57,71,11,92,19,64,66,94,16,97
61,5,66,97,70,99,37,19,2,31
36,60,5,94,23,10,95,99,55,26
36,60,77,94,48,73,95,99,55,82
53,86,90,96,43,33,16,27,12,27
64,40,50,99,73,25,99,78,93,20
58,39,92,92,19,64,66,94,16,97
25,73,20,13,45,9,3,86,94,32
25,73,20,13,65,14,3,86,94,32
63,22,91,95,59,88,61,100,32,14
90,36,90,96,43,33,16,29,12,27
25,73,20,13,65,14,3,86,35,32
90,36,50,9,84,34,16,27,12,41
16,35,30,14,44,73,3,13,49,16
17,60,91,1,52,72,57,95,54,91
53,36,50,9,43,33,16,29,19,27
58,18,92,96,19,64,86,94,79,83
7,18,92,96,19,25,66,44,16,83
7,71,11,96,19,64,66,94,79,83
57,71,11,96,19,64,86,19,79,83
25,44,76,64,65,14,12,86,28,73
53,26,61,9,43,34,16,27,12,27
7,71,92,92,19,25,66,19,79,83
16,35,30,49,44,84,96,61,49,16
25,44,76,13,56,9,12,61,35,73
57,71,92,96,19,75,66,44,79,83
16,35,30,14,90,73,16,94,49,7
25,44,20,13,56,14,78,61,28,73
25,73,76,64,65,9,3,61,94,73
57,71,11,96,19,25,86,19,16,97
58,39,11,92,19,25,66,19,16,83
57,39,11,96,19,64,91,19,79,83
90,36,90,15,43,34,16,27,19,41
25,93,76,64,56,9,12,50,35,73
35,94,18,77,78,89,92,89,89,34
7,39,11,96,19,64,86,44,79,97
25,93,20,64,56,14,3,50,28,32
25,93,76,64,65,9,12,61,35,14
25,44,20,64,65,14,12,61,28,14
61,5,66,97,70,1,98,96,2,70
99,37,75,40,79,42,88,82,10,44
7,39,92,92,19,75,66,19,47,83
90,86,90,9,43,33,16,27,12,41
58,18,11,92,19,64,86,44,79,83
45,36,50,96,43,34,16,27,19,27
90,36,61,15,43,33,16,27,19,41
53,26,90,96,84,33,16,29,19,41
57,18,92,92,19,75,66,19,47,97
58,39,11,92,19,64,86,44,47,97
45,86,90,15,43,33,16,29,19,41
64,100,50,99,88,25,99,78,99,58
57,71,11,96,19,25,86,94,16,83
25,44,76,64,56,9,12,86,35,32
25,93,76,13,65,9,78,86,28,14
25,44,76,64,45,9,12,50,35,14
57,18,92,96,19,64,86,44,16,83
25,44,76,13,56,9,78,61,94,14
25,93,20,64,56,14,3,50,28,14
25,44,20,64,45,14,78,50,35,14
25,93,76,64,65,9,3,50,28,73
90,36,90,9,43,34,16,27,12,27
17,37,75,40,79,81,88,40,24,15
17,60,56,1,52,72,65,100,40,91
25,44,20,13,65,9,3,61,94,32
99,37,75,79,52,42,88,82,24,97
25,93,76,13,45,9,3,61,35,14
25,44,76,64,65,14,3,50,28,73
99,37,75,79,53,81,88,82,10,44
57,18,92,96,19,64,66,94,16,83
31,37,75,40,52,81,88,40,10,97
7,18,92,92,19,64,66,19,79,83
25,93,20,13,65,9,3,61,35,32
58,18,11,92,19,75,66,44,16,97
25,73,76,13,65,9,78,50,28,73
73,10,90,72,97,13,5,38,11,83
7,100,50,66,88,25,99,2,99,20
57,18,11,96,19,75,91,19,79,83
25,44,76,13,56,14,78,61,94,14
25,73,76,64,56,14,78,86,94,73
58,18,92,92,19,64,86,94,47,83
45,26,50,15,84,33,16,27,12,8
58,18,11,92,19,25,91,19,47,83
25,44,76,64,56,14,78,86,28,32
25,93,20,13,56,9,12,86,35,32
57,39,92,96,19,25,66,44,47,83
17,60,91,20,52,72,34,100,40,91
45,86,50,96,43,34,16,27,12,41
16,35,30,14,44,84,96,94,49,7
17,87,62,67,52,72,65,95,46,91
58,71,92,96,19,25,91,19,16,97
58,39,11,96,19,25,66,44,16,83
45,86,50,96,84,33,16,29,19,27
8,60,5,94,23,10,95,99,55,26
25,44,76,13,56,14,3,50,28,14
25,44,20,13,45,9,12,86,94,73
90,26,61,96,43,33,16,29,12,8
7,18,11,92,19,75,91,94,16,97
25,93,76,64,56,14,3,50,28,32
53,36,61,15,43,33,16,29,19,27
45,86,61,96,84,34,16,27,19,27
57,18,92,92,19,25,91,19,47,97
25,44,76,13,45,9,3,86,35,14
25,73,76,13,56,9,12,61,35,14
8,48,77,94,23,73,95,99,55,26
25,73,20,13,45,14,12,86,94,73
7,18,11,92,19,64,66,44,16,97
25,73,20,64,65,14,78,61,94,73
58,39,11,92,19,64,66,44,79,97
18,5,66,38,53,48,98,19,2,70
18,5,66,97,70,99,37,96,2,31
53,26,90,15,43,34,16,27,19,8
92,100,50,66,73,25,99,2,6,20
53,86,50,96,84,34,16,29,12,27
25,73,76,64,45,9,3,61,35,14
25,73,20,13,45,14,3,61,28,14
25,93,20,13,65,9,3,86,94,32
25,93,20,64,45,9,12,50,28,14
64,40,50,99,68,25,99,2,93,58
90,26,61,15,84,33,16,27,12,41
57,39,11,96,19,25,86,19,47,83
25,44,76,13,56,14,12,61,28,32
57,39,92,92,19,75,91,44,16,83
57,18,92,96,19,64,86,19,79,97
90,86,50,9,43,34,16,29,19,27
25,93,76,64,56,9,3,61,35,73
90,36,61,15,84,33,16,29,19,27
25,73,20,64,65,9,78,50,28,14
7,18,92,92,19,64,91,19,47,83
58,18,11,96,19,64,86,94,79,83
7,71,92,92,19,25,66,44,16,83
90,26,90,96,43,34,16,29,19,27
45,86,90,15,43,34,16,29,12,27
4,35,30,14,90,31,96,13,49,16
31,37,75,40,53,42,88,40,24,97
73,22,7,72,76,75,5,68,11,83
25,73,20,13,56,14,78,86,35,32
12,81,63,38,43,99,36,96,42,42
45,26,61,15,43,33,16,29,12,27
53,86,90,96,43,33,16,29,19,8
25,44,76,13,65,9,3,86,35,14
25,73,20,13,45,14,12,50,94,73
58,18,92,96,19,64,86,94,16,83
42,5,66,38,70,99,37,96,2,31
7,18,11,92,19,64,91,44,79,83
25,73,76,64,65,14,3,61,94,32
99,37,75,40,53,42,88,40,24,97
31,37,75,79,52,42,88,40,24,15
58,18,11,96,19,64,86,44,16,83
18,5,66,38,53,99,98,4,2,70
58,39,11,96,19,25,66,19,79,97
57,18,92,96,19,64,91,19,79,83
4,35,30,49,90,84,16,94,49,16
45,26,50,96,43,33,16,27,19,8
25,73,76,13,56,9,78,61,35,32
25,44,20,13,65,14,12,61,28,32
7,18,11,92,19,25,86,19,47,83
7,71,11,96,19,64,91,44,16,97
8,76,10,20,33,1,25,91,38,99
57,39,11,92,19,75,91,94,47,97
25,73,76,64,45,14,78,86,35,14
58,39,11,92,19,75,66,19,16,83
25,93,20,13,56,9,12,50,35,32
90,36,90,96,43,34,16,29,19,41
25,5,20,28,11,21,76,97,6,4
25,73,20,64,65,9,12,50,94,73
95,76,10,20,33,1,90,91,38,37
25,93,76,64,45,14,78,50,94,14
53,86,61,96,43,33,16,27,12,27
7,18,92,92,19,75,66,44,47,97
64,100,50,66,88,25,99,2,93,58
57,18,11,92,19,64,66,19,47,83
42,5,66,38,70,48,37,4,2,70
25,73,76,64,56,9,3,50,35,73
25,44,20,64,65,9,12,61,35,14
7,18,11,92,19,25,91,94,47,83
8,48,77,94,23,73,95,95,55,82
92,100,50,99,73,25,99,2,99,20
7,39,11,92,19,25,91,94,79,83
57,18,11,92,19,64,86,19,47,97
58,71,11,92,19,64,91,94,16,83
7,71,92,92,19,64,91,19,79,97
95,93,10,20,33,1,25,91,38,21
25,73,20,13,65,9,12,86,28,14
57,39,11,96,19,64,66,19,47,83
57,71,11,96,19,25,91,44,47,83
90,36,90,15,43,33,16,29,19,41
16,35,30,14,44,73,16,94,49,7
69,97,9,46,17,16,41,92,40,85
12,5,85,28,43,21,76,97,6,6
25,44,76,64,45,9,3,86,94,73
25,44,76,64,65,9,12,61,35,14
90,36,50,96,84,34,16,27,12,41
17,60,56,20,52,72,34,100,40,91
90,86,61,9,84,34,16,29,12,27
57,71,11,92,19,75,86,94,16,83
16,35,30,14,44,73,16,61,49,7
90,86,50,9,84,33,16,27,19,41
58,39,92,96,19,25,91,44,79,83
25,93,20,13,45,9,12,61,28,73
58,18,11,96,19,25,66,94,16,97
56,81,63,38,37,49,95,96,32,42
25,44,20,13,65,9,3,61,28,73
58,71,92,92,19,64,91,94,79,97
25,44,76,64,45,9,3,86,94,32
7,100,50,66,73,25,99,78,6,20
45,86,50,96,84,33,16,29,12,8
53,26,50,96,43,34,16,29,12,41
45,86,61,15,84,33,16,27,12,27
17,60,91,1,52,72,34,95,54,91
25,73,20,13,56,9,78,61,28,73
90,36,61,15,84,33,16,29,12,41
12,5,13,28,43,21,76,97,6,6
58,71,11,92,19,25,86,19,47,83
58,18,11,96,19,25,66,19,79,83
45,86,90,15,84,34,16,27,19,8
17,60,56,20,52,72,34,100,54,91
7,71,11,96,19,75,86,44,16,83
45,26,90,15,84,33,16,29,12,27
45,86,90,96,43,33,16,27,12,8
7,39,92,96,19,25,66,19,79,83
90,86,61,96,43,33,16,29,12,8
7,18,11,96,19,25,91,94,47,83
25,93,76,64,45,9,12,86,35,14
25,93,20,64,65,9,78,61,28,73
36,60,5,94,79,73,95,95,55,82
61,5,66,97,53,1,37,19,2,31
58,63,66,20,33,59,90,91,38,37
7,18,92,92,19,75,66,94,47,97
55,81,63,38,43,99,36,96,32,42
56,81,63,38,43,49,36,96,42,47
25,44,20,64,45,9,12,50,28,32
57,39,11,96,19,75,86,94,47,83
58,71,11,92,19,25,91,94,16,83
7,40,50,66,73,25,99,78,6,58
17,60,62,67,52,72,34,100,54,91
7,71,92,92,19,25,86,19,79,83
57,18,92,92,19,75,91,44,79,83
45,36,50,9,84,34,16,29,12,27
25,73,20,13,45,9,3,61,28,73
7,18,92,96,19,75,66,19,79,97
7,18,92,92,19,25,86,44,47,83
25,73,20,64,45,9,12,61,94,73
25,93,20,13,45,14,12,61,35,32
50,91,18,77,78,89,92,89,89,34
45,36,61,15,43,34,16,27,12,27
53,36,50,96,43,34,16,29,19,8
58,18,92,96,19,25,91,19,79,97
7,71,92,92,19,75,91,94,47,83
25,44,76,13,45,9,78,61,94,32
53,26,50,15,84,34,16,29,12,27
90,36,90,96,43,34,16,27,12,8
64,100,50,66,88,25,99,78,99,20
31,37,75,79,79,81,88,40,10,97
25,73,76,13,56,9,3,50,94,14
90,36,90,96,84,33,16,29,19,41
17,37,75,40,79,42,88,51,10,44
25,73,20,13,45,9,78,61,94,73
31,37,75,79,53,42,88,51,10,15
25,73,76,13,45,9,3,86,28,73
58,18,11,92,19,64,91,94,16,83
25,93,20,13,45,9,78,61,94,14
73,10,12,72,97,13,5,68,11,89
45,86,50,15,43,33,16,27,12,27
25,93,76,64,65,14,12,86,94,14
25,44,20,64,56,14,12,61,94,73
57,71,11,96,19,64,91,19,47,83
90,86,50,15,43,33,16,29,12,8
25,73,20,13,65,9,78,50,28,32
25,73,76,13,56,9,12,86,28,14
53,26,90,96,84,34,16,29,12,27
45,26,90,9,84,34,16,27,19,8
53,26,90,9,43,33,16,27,12,27
45,86,61,96,43,33,16,29,12,8
57,71,11,96,19,64,66,19,79,83
25,44,76,13,56,9,78,61,35,73
99,37,75,79,79,42,88,40,10,15
45,86,90,9,43,33,16,27,19,27
36,60,5,94,23,73,95,99,55,82
25,73,20,64,56,14,3,86,35,73
58,18,92,92,19,64,91,94,47,97
36,60,5,94,79,10,95,95,13,24
58,18,11,92,19,64,86,94,47,97
25,44,76,64,45,14,12,86,94,73
90,36,61,96,43,34,16,29,12,41
53,36,90,9,43,34,16,29,12,27
17,60,91,20,52,72,57,100,46,91
56,81,63,38,43,99,36,96,32,21
73,59,90,72,97,13,5,16,11,89
95,76,66,20,33,10,90,91,38,99
73,10,12,72,97,75,5,68,75,83
53,26,50,15,84,33,16,27,19,8
42,5,66,38,70,48,98,4,2,31
56,81,63,38,1,49,95,96,32,47
58,71,92,92,19,25,86,44,16,97
53,26,61,9,84,34,16,29,12,8
99,37,75,40,79,42,88,51,24,97
25,44,76,13,56,9,78,50,35,14
50,75,18,77,78,89,39,89,89,34
25,93,76,13,45,14,3,61,28,32
16,35,30,49,44,31,3,94,49,7
90,36,61,96,43,34,16,27,19,41
17,37,75,40,79,42,88,40,24,44
17,87,56,1,52,72,57,95,46,91
25,93,20,13,45,14,12,50,35,14
17,60,91,1,52,72,65,95,46,91
25,93,76,64,65,9,12,50,28,14
57,18,11,92,19,64,66,94,47,97
73,22,90,72,97,75,5,68,75,83
7,71,92,96,19,75,91,19,79,83
57,71,11,96,19,25,86,19,16,83
7,71,11,92,19,75,66,19,79,83
53,86,61,15,84,34,16,27,12,41
17,87,91,20,52,72,34,100,54,91
25,44,20,64,56,14,78,50,94,32
36,48,5,94,79,73,95,95,55,82
25,93,76,64,56,9,78,61,35,73
25,44,20,64,56,14,3,86,35,32
25,73,20,64,45,9,78,61,35,32
25,73,20,13,45,14,3,50,28,73
53,86,50,15,43,33,16,29,19,8
45,86,90,15,43,34,16,27,19,27
33,27,32,65,33,67,79,20,68,71
90,26,90,15,43,33,16,27,19,41
7,18,11,92,19,75,86,19,16,83
25,93,76,13,45,9,78,86,35,32
25,73,20,13,65,9,78,61,28,32
45,26,50,96,84,33,16,29,12,8
57,71,92,92,19,75,91,44,47,97
31,37,75,79,52,81,88,40,24,44
45,26,50,15,43,33,16,29,12,8
58,18,92,96,19,25,86,94,47,83
8,48,77,94,23,73,95,99,55,24
45,26,90,15,43,34,16,29,19,27
53,36,90,96,43,34,16,29,19,41
7,71,11,92,19,75,91,19,79,97
17,37,75,79,53,81,88,82,24,97
95,76,10,20,33,59,90,91,38,37
25,73,76,13,65,14,12,61,35,14
18,5,66,97,70,1,98,96,2,70
53,26,61,9,84,33,16,27,19,41
58,71,11,92,19,25,91,44,47,83
25,93,20,64,45,9,78,86,28,73
57,18,92,92,19,75,91,19,16,83
57,71,92,92,19,64,66,19,47,83
7,18,92,92,19,64,86,19,16,97
90,36,50,9,84,33,16,29,19,8
25,44,20,13,65,9,3,86,28,14
25,93,20,13,56,9,12,50,28,32
57,18,92,92,19,64,86,94,16,83
58,18,11,92,19,25,66,19,16,97
7,18,92,92,19,64,66,19,16,83
90,36,61,15,84,34,16,29,12,41
58,39,92,92,19,25,91,94,16,97
7,71,11,96,19,75,91,94,47,83
25,93,76,64,56,14,78,86,28,14
25,73,20,64,56,14,12,61,94,73
57,39,92,96,19,64,86,94,79,83
45,26,90,96,43,33,16,29,19,41
25,5,20,44,48,21,98,97,6,4
45,26,90,9,43,34,16,29,12,27
64,100,50,99,73,25,99,78,93,58
61,5,66,38,53,48,37,4,2,31
92,40,50,66,73,25,99,23,99,20
53,86,50,9,43,33,16,27,12,27
17,87,91,67,52,72,57,100,54,91
25,44,76,13,45,9,3,86,94,14
57,71,92,92,19,25,66,44,47,97
17,87,56,1,52,72,34,95,40,91
57,71,11,92,19,25,66,94,47,83
58,39,11,92,19,75,91,19,79,97
25,93,20,13,45,14,78,50,94,73
45,26,90,96,84,33,16,27,19,41
99,37,75,40,79,81,88,82,10,44
12,5,85,28,11,21,76,97,6,33
53,26,50,15,84,33,16,29,12,27
45,36,50,15,43,34,16,27,19,27
25,93,76,64,65,14,12,86,35,14
25,44,20,13,65,9,3,50,94,32
58,71,11,92,19,75,91,44,79,83
99,37,75,40,52,81,88,82,24,44
25,44,76,13,56,9,12,50,94,14
25,73,20,64,65,14,78,50,35,32
57,71,11,96,19,25,66,19,47,97
55,81,63,38,1,49,95,1,32,42
58,39,11,92,19,64,91,94,79,83
58,71,92,96,19,75,91,94,47,97
25,73,76,64,65,9,12,86,28,73
7,39,11,96,19,75,66,94,47,97
33,27,32,65,25,48,79,20,68,71
57,39,11,92,19,64,86,44,79,83
35,91,18,21,78,89,39,89,36,34
99,37,75,79,79,81,88,40,24,15
57,71,11,96,19,64,91,94,79,97
42,5,66,97,70,99,98,19,2,70
58,18,11,96,19,25,86,94,79,83
53,26,50,15,84,34,16,27,12,41
25,73,20,64,56,9,12,86,94,32
25,93,20,13,45,14,12,50,94,14
58,39,92,96,19,25,66,19,16,97
58,18,11,92,19,25,86,19,79,97
7,71,92,92,19,75,86,94,47,83
69,97,71,46,39,95,100,92,40,85
25,93,20,13,45,14,12,50,35,73
58,71,92,96,19,64,66,19,47,83
25,93,20,13,56,14,12,50,35,32
45,36,90,96,43,33,16,27,12,8
16,35,30,49,90,31,3,94,49,16
16,35,30,14,90,84,3,94,49,7
25,44,20,64,56,14,78,86,35,73
95,93,66,20,33,10,90,91,38,21
25,93,20,13,65,14,78,86,35,14
36,60,77,94,48,10,95,99,13,82
8,60,77,94,48,73,95,99,13,82
58,71,92,96,19,75,86,94,79,97
12,81,63,38,1,49,36,96,32,47
7,100,50,66,88,25,99,2,99,58
57,18,11,96,19,75,86,94,47,83
57,71,92,92,19,25,86,94,16,97
58,39,11,92,19,75,66,94,47,97
50,75,18,8,78,89,92,89,36,34
17,60,91,1,52,72,34,95,46,91
90,86,61,15,43,33,16,29,12,27
92,100,50,66,73,25,99,23,6,58
25,73,20,64,56,14,78,86,35,14
58,71,92,92,19,75,91,94,79,83
58,71,11,96,19,75,86,19,79,97
45,36,50,15,84,34,16,29,19,27
25,73,76,13,56,14,3,50,28,32
58,39,11,96,19,25,66,94,79,97
33,27,32,65,25,7,79,20,68,71
7,71,92,92,19,75,86,19,16,83
63,22,83,95,59,88,67,100,36,83
58,18,92,96,19,25,66,94,47,97
4,35,30,14,90,73,3,61,49,7
8,63,66,20,33,59,90,91,38,21
58,18,11,92,19,64,66,19,47,83
7,71,11,96,19,64,66,94,47,97
25,73,20,13,56,14,3,86,94,73
7,71,11,96,19,25,66,44,79,97
57,18,11,96,19,64,86,94,79,97
7,18,11,92,19,64,66,44,79,97
58,93,10,20,33,10,90,91,38,99
90,26,50,96,84,34,16,29,19,27
25,44,76,13,65,9,12,61,35,14
25,44,76,64,45,9,3,86,28,32
25,93,76,13,45,9,3,50,94,14
99,37,75,79,52,42,88,51,24,97
53,86,61,15,84,33,16,27,19,27
25,93,76,13,56,9,78,61,94,32
25,73,20,64,56,14,12,50,94,73
53,26,61,15,84,33,16,27,12,27
57,18,11,92,19,75,66,19,79,97
99,37,75,79,53,42,88,40,10,15
35,91,18,77,78,89,92,89,89,34
53,86,61,96,84,34,16,27,19,8
57,18,11,96,19,75,66,19,16,97
8,48,5,94,23,10,95,99,55,82
16,35,30,14,90,31,96,61,49,7
57,71,92,92,19,64,91,44,16,83
45,36,61,96,43,34,16,29,12,8
25,93,76,13,45,14,12,86,35,14
61,5,66,38,70,99,98,96,2,70
36,48,77,94,48,73,95,99,13,82
25,73,20,13,45,9,12,50,35,14
45,86,61,96,43,34,16,27,19,27
53,36,90,15,43,34,16,29,19,27
90,26,50,15,84,34,16,27,12,27
45,36,61,9,43,34,16,29,19,8
25,5,13,44,43,21,76,97,6,6
4,35,30,49,44,84,16,94,49,16
53,26,61,15,43,33,16,27,12,8
56,81,63,38,43,99,95,1,42,47
53,36,90,9,43,33,16,29,12,8
57,39,11,92,19,75,86,44,79,83
58,39,11,96,19,75,91,94,47,83
25,73,20,13,56,14,78,86,35,14
25,44,20,13,65,9,12,50,35,32
12,81,63,38,1,99,36,96,32,21
56,81,63,38,37,99,95,96,42,21
25,44,76,64,45,14,78,61,28,14
7,40,50,66,73,25,99,2,93,58
64,100,50,99,73,25,99,23,6,20
57,71,11,92,19,64,91,94,79,83
17,60,62,20,52,72,57,100,46,91
57,39,11,92,19,25,91,44,16,83
8,48,5,94,79,73,95,99,55,82
45,86,90,15,43,33,16,27,19,41
45,36,90,96,84,33,16,27,12,41
90,36,61,15,43,34,16,27,12,8
25,44,76,13,45,9,12,50,94,32
25,93,20,64,56,9,3,50,28,14
61,5,66,38,70,48,98,19,2,31
25,93,76,13,65,9,12,50,94,32
33,27,32,65,33,67,79,20,68,48
42,5,66,97,53,48,37,19,2,31
58,71,11,96,19,75,86,19,16,83
57,39,92,96,19,25,91,94,16,97
17,37,75,40,53,81,88,82,10,15
64,100,50,99,88,25,99,2,99,20
25,44,20,13,45,14,3,86,35,73
58,71,92,92,19,75,86,19,47,83
25,44,76,13,65,14,3,50,35,73
7,71,92,96,19,75,66,44,16,83
53,86,61,9,84,34,16,29,12,41
25,93,20,13,45,9,12,50,28,73
61,5,66,97,70,1,37,4,2,70
7,18,92,92,19,64,86,44,79,97
58,39,92,96,19,64,86,19,47,97
25,93,20,64,56,14,12,86,35,32
57,71,11,92,19,75,86,94,47,97
7,39,11,92,19,25,86,44,47,83
58,18,11,92,19,75,66,19,47,83
25,44,20,13,45,14,12,61,35,73
33,27,32,15,25,7,8,20,68,71
25,44,76,64,45,14,3,61,35,14
25,93,76,64,45,14,3,86,28,32
58,71,11,92,19,64,86,44,16,97
45,36,90,9,43,34,16,27,19,8
17,87,62,1,52,72,57,95,40,91
25,73,76,13,56,14,12,50,94,14
25,44,76,13,65,14,78,86,35,14
25,73,76,13,65,9,3,50,94,14
73,22,7,72,97,75,5,16,11,89
58,71,11,96,19,64,91,44,47,83
58,71,92,92,19,25,86,94,47,97
12,81,63,38,37,99,95,96,42,42
53,86,61,15,84,33,16,29,12,41
17,37,75,40,79,42,88,51,24,44
25,93,76,13,45,14,12,86,94,14
25,44,20,64,45,14,78,86,28,73
25,93,20,13,45,9,78,86,94,14
45,26,50,96,84,33,16,27,12,27
7,18,92,96,19,64,86,44,16,83
57,39,92,96,19,25,86,44,79,97
45,36,61,15,84,34,16,27,19,41
90,26,61,96,43,34,16,29,12,27
73,10,7,72,97,75,5,68,11,83
53,36,90,15,43,34,16,27,12,41
92,100,50,99,68,25,99,23,99,58
55,81,63,38,37,49,95,96,32,47
25,44,76,13,45,9,3,61,35,14
53,26,90,96,43,34,16,27,19,27
7,18,11,96,19,75,91,19,79,83
45,26,61,9,84,33,16,29,12,27
25,73,20,13,56,9,12,86,94,14
53,36,50,96,43,33,16,29,12,8
57,39,92,96,19,75,66,19,47,83
53,36,50,15,84,34,16,27,12,27
57,71,92,92,19,25,66,44,79,83
42,5,66,97,53,1,37,96,2,23
90,86,90,9,43,34,16,29,12,8
25,93,76,64,65,14,3,86,28,32
25,73,76,64,45,14,12,61,28,73
58,39,92,96,19,25,86,44,16,97
53,36,50,15,43,34,16,27,19,27
53,36,50,9,84,33,16,27,19,41
58,39,92,96,19,75,86,94,16,97
45,26,61,96,84,33,16,27,12,27
18,5,66,38,53,1,37,19,2,31
42,5,66,97,70,1,37,4,2,23
58,71,92,92,19,75,86,94,16,83
25,44,20,64,56,14,78,50,28,32
7,39,92,92,19,25,91,19,16,97
7,71,11,96,19,75,91,94,16,83
25,73,20,64,45,14,3,86,35,73
57,71,92,92,19,25,86,94,47,97
8,63,10,20,33,10,25,91,38,21
53,86,50,15,84,33,16,29,12,41
25,93,76,13,45,14,3,50,28,14
17,87,56,1,52,72,34,100,40,91
25,93,20,13,65,14,12,86,35,32
90,26,50,96,43,34,16,29,12,41
25,93,76,64,56,9,12,50,94,73
63,22,83,95,59,88,61,100,36,14
25,93,20,64,65,14,78,50,94,14
45,36,90,15,43,34,16,29,12,8
25,73,20,13,65,9,3,61,94,32
73,22,12,72,97,13,5,68,75,83
17,60,62,67,52,72,57,95,40,91
25,73,20,64,56,9,3,61,28,14
25,73,20,13,56,9,12,86,35,32
7,71,11,96,19,75,86,94,16,83
25,44,76,13,65,14,12,50,35,73
90,26,50,9,43,33,16,27,12,8
45,86,61,9,84,33,16,29,19,8
53,86,61,15,43,33,16,27,12,27
57,39,11,96,19,75,91,19,16,97
25,93,20,64,56,14,3,86,94,32
7,71,11,92,19,25,91,19,79,97
7,71,11,92,19,25,91,19,47,83
58,18,11,96,19,25,66,19,16,97
57,71,92,92,19,75,86,44,16,97
90,86,90,96,43,33,16,27,19,27
36,48,5,94,48,73,95,99,55,24
16,35,30,49,90,84,16,13,49,16
58,18,11,96,19,75,66,94,79,83
90,26,50,96,84,34,16,27,19,8
99,37,75,40,52,81,88,40,10,15
53,86,90,96,84,33,16,29,19,27
25,44,76,13,45,9,12,86,94,32
25,44,20,64,45,9,12,50,35,73
25,44,20,64,56,9,12,50,35,14
56,81,63,38,1,49,95,1,32,42
57,18,11,96,19,75,91,94,79,83
25,44,20,64,65,14,78,61,28,73
45,36,61,15,43,33,16,27,12,8
50,91,18,77,78,89,33,89,89,34
25,93,20,64,56,9,12,86,94,73
57,39,92,92,19,64,66,44,47,83
95,63,10,20,33,59,25,91,38,99
25,73,76,13,65,9,78,61,28,32
25,73,20,64,65,9,12,61,28,32
57,18,11,92,19,64,91,94,79,83
57,39,11,96,19,25,91,44,79,83
17,60,91,1,52,72,34,100,46,91
25,73,76,64,65,14,12,50,94,73
25,44,76,64,56,14,78,86,35,73
90,86,50,15,84,34,16,27,12,8
8,63,66,20,33,1,90,91,38,21
57,71,92,96,19,64,86,44,16,83
53,36,50,9,43,34,16,27,12,41
90,86,50,96,43,34,16,27,19,27
58,18,92,92,19,64,86,44,47,97
53,86,61,96,84,33,16,27,12,41
16,35,30,14,44,84,16,94,49,16
8,48,77,94,48,73,95,95,13,24
57,18,92,92,19,64,66,44,79,97
25,73,20,64,45,14,3,61,35,32
53,26,61,9,84,33,16,29,19,41
58,63,66,20,33,1,90,91,38,99
73,22,90,72,76,13,5,38,75,89
36,48,77,94,79,73,95,99,13,24
90,26,61,96,84,34,16,27,12,27
7,71,92,92,19,64,86,19,16,97
57,39,11,92,19,64,91,19,47,83
58,71,92,92,19,75,66,94,47,97
25,73,20,13,65,14,3,50,94,32
90,86,90,96,84,33,16,27,19,41
50,94,18,21,78,89,39,89,36,34
99,37,75,79,52,81,88,82,24,97
25,93,20,13,65,14,78,86,35,32
58,39,92,92,19,75,86,19,79,83
58,39,11,92,19,64,86,94,16,97
58,39,92,92,19,64,86,19,79,97
90,86,90,9,43,33,16,27,12,8
7,39,11,96,19,64,66,94,16,83
7,18,92,96,19,64,86,19,47,97
42,5,66,38,53,1,98,19,2,31
57,71,92,92,19,75,86,94,79,97
90,36,61,9,84,34,16,29,12,41
7,71,11,96,19,64,86,94,79,97
61,5,66,38,53,48,98,4,2,70
53,86,90,15,84,34,16,27,12,27
7,18,92,96,19,64,91,19,79,83
57,39,11,96,19,25,86,19,79,97
7,18,11,96,19,64,66,94,79,83
73,59,90,72,97,13,5,38,11,89
55,81,63,38,43,99,95,1,42,21
90,36,50,9,84,34,16,29,19,41
25,73,76,13,65,9,3,61,94,14
53,86,90,96,43,34,16,29,19,27
25,44,20,13,56,14,78,86,28,73
7,18,92,92,19,25,86,94,16,83
7,40,50,66,68,25,99,23,6,20
7,39,11,96,19,25,91,44,16,83
90,36,61,9,43,33,16,27,12,27
25,44,76,13,56,14,78,61,35,14
17,87,91,67,52,72,65,100,46,91
25,44,76,64,65,9,12,50,35,14
53,26,50,15,43,34,16,27,19,27
25,73,76,13,45,14,12,61,35,14
90,26,50,9,43,34,16,27,12,8
7,71,92,92,19,64,91,94,16,97
90,86,50,15,43,33,16,27,12,27
45,86,61,9,43,34,16,29,19,41
58,18,92,92,19,64,91,19,47,83
7,71,92,92,19,75,91,19,47,83
53,26,90,15,84,34,16,27,12,8
25,93,20,64,56,9,3,86,35,32
25,93,76,13,56,9,3,50,94,73
57,71,92,96,19,25,91,44,79,97
53,36,50,9,84,33,16,27,19,8
25,73,76,13,45,9,12,61,28,14
25,93,20,13,45,14,3,50,94,14
53,86,90,9,84,34,16,27,12,41
25,73,76,13,45,14,3,86,35,73
45,86,90,96,84,34,16,29,19,8
7,71,92,92,19,75,91,44,16,83
36,48,5,94,48,73,95,95,55,24
73,10,90,72,97,13,5,16,11,89
45,36,90,9,84,34,16,29,19,27
90,36,50,15,84,34,16,29,12,8
73,59,12,72,76,13,5,38,11,89
25,73,76,13,65,9,3,61,28,14
25,73,20,64,56,14,12,86,94,14
25,93,20,13,45,14,12,50,28,32
25,73,20,64,45,9,12,86,35,32
25,73,76,64,65,14,78,86,35,32
7,40,50,66,68,25,99,23,6,58
25,44,20,13,45,9,12,50,94,14
58,18,92,96,19,25,66,94,79,97
7,39,92,96,19,64,86,19,47,83
25,93,76,13,45,14,78,61,94,73
45,26,90,96,43,33,16,27,12,8
7,18,11,92,19,64,91,19,79,83
58,76,10,20,33,10,25,91,38,21
31,37,75,79,53,42,88,82,10,44
42,5,66,97,53,1,37,96,2,70
8,60,5,94,23,10,95,99,13,26
73,10,12,72,76,75,5,68,75,83
25,44,20,64,65,9,3,61,35,14
25,93,76,64,56,9,3,86,94,73
25,93,20,13,56,14,78,61,94,32
36,60,5,94,79,10,95,95,55,82
12,5,13,28,43,21,76,97,6,33
90,26,50,96,43,34,16,27,12,27
64,100,50,66,68,25,99,78,99,58
57,18,11,92,19,25,86,44,16,83
25,73,76,13,45,9,78,50,35,32
58,18,92,92,19,25,86,44,79,83
58,39,11,92,19,64,86,94,47,83
57,39,92,96,19,25,66,44,16,97
12,81,63,38,1,49,36,96,32,21
58,71,92,92,19,75,91,44,47,83
37,7,38,54,34,72,95,14,22,77
12,81,63,38,43,49,36,1,42,47
25,44,20,13,65,9,12,86,28,73
57,39,11,96,19,25,91,19,47,97
57,71,92,92,19,64,66,94,79,83
7,71,92,96,19,25,86,44,79,83
90,36,61,15,43,34,16,27,19,27
99,37,75,79,52,42,88,51,24,15
58,18,92,92,19,25,91,94,79,97
53,36,90,15,84,33,16,29,12,8
25,44,20,64,65,9,3,50,94,32
31,37,75,40,79,42,88,82,24,44
45,86,90,96,43,34,16,29,19,27
63,22,91,87,59,88,67,100,32,83
25,93,76,13,45,9,12,50,28,14
58,71,92,96,19,75,86,44,16,97
7,39,11,92,19,64,86,19,79,97
17,94,30,68,21,76,33,59,75,66
25,73,76,13,65,14,12,50,28,14
73,10,90,72,97,13,5,38,75,83
25,93,20,64,45,9,78,50,94,32
25,44,76,13,65,14,12,50,35,14
57,71,92,92,19,25,66,19,47,97
53,86,90,96,84,33,16,29,19,41
57,18,92,96,19,64,66,44,47,83
58,18,11,96,19,25,66,19,47,83
58,63,66,20,33,59,90,91,38,21
45,26,90,96,84,33,16,27,12,41
7,18,11,96,19,25,66,19,47,83
25,44,76,13,65,9,3,86,28,14
25,93,20,13,65,9,12,86,94,32
53,36,90,15,43,33,16,29,12,41
57,71,11,92,19,25,66,44,16,97
53,36,90,96,43,33,16,27,12,27
73,59,12,72,76,75,5,38,11,83
57,71,11,92,19,75,66,94,47,97
25,73,76,64,56,14,12,61,28,73
25,93,20,64,65,9,12,50,35,32
25,73,20,64,65,14,78,86,28,32
25,44,20,64,65,9,78,86,94,14
25,73,20,13,56,14,3,61,28,14
7,39,11,96,19,64,86,94,47,83
64,100,50,99,68,25,99,23,93,58
64,40,50,99,88,25,99,23,6,58
25,93,76,64,45,9,12,50,35,32
36,60,77,94,79,10,95,95,13,24
25,73,76,64,56,14,78,86,28,73
57,71,11,92,19,25,66,94,79,97
75,27,32,91,25,67,79,20,68,48
7,39,11,96,19,75,91,44,47,83
64,100,50,99,88,25,99,23,99,58
53,26,90,96,84,33,16,29,12,27
55,81,63,38,1,99,36,96,32,47
55,81,63,38,1,99,95,1,32,42
25,93,76,13,45,9,3,50,28,73
53,36,61,96,43,33,16,29,19,27
7,100,50,66,88,25,99,23,93,20
7,71,11,92,19,64,91,19,79,83
87,97,71,46,17,95,78,92,40,85
57,18,92,92,19,25,66,44,47,83
25,44,76,64,56,9,12,61,28,73
73,59,12,72,97,75,5,68,11,89
25,44,76,64,65,14,78,86,35,32
58,71,11,96,19,25,66,44,79,97
25,73,76,13,45,14,78,86,28,32
90,86,90,15,84,34,16,29,12,41
25,93,20,64,45,14,78,86,35,73
7,18,11,96,19,75,86,94,16,97
42,5,66,97,53,48,98,96,2,31
25,44,76,13,65,9,78,61,35,14
25,44,20,13,65,14,12,50,28,14
99,37,75,40,52,42,88,51,10,97
45,36,90,15,84,34,16,29,12,41
58,71,92,92,19,25,66,44,79,83
7,71,92,96,19,75,86,94,16,83
58,71,11,92,19,75,86,19,47,97
25,73,76,64,45,14,12,86,94,14
25,73,20,64,65,9,3,61,28,32
31,37,75,79,52,81,88,40,10,97
90,26,61,96,43,34,16,29,12,41
45,36,61,15,43,33,16,29,12,27
36,60,5,94,79,10,95,99,13,24
25,44,20,64,45,9,78,61,28,14
25,93,20,64,65,14,3,61,94,73
53,26,50,15,84,33,16,29,19,41
45,36,90,96,43,33,16,27,12,27
25,73,20,13,65,9,3,61,28,32
17,87,91,20,52,72,57,100,40,91
53,86,61,15,84,33,16,29,12,8
75,27,32,91,25,48,8,20,68,48
57,71,92,92,19,25,91,44,79,97
57,18,92,92,19,75,91,94,16,83
17,87,56,67,52,72,34,100,46,91
95,76,10,20,33,10,25,91,38,21
25,44,76,64,56,14,78,50,94,73
25,73,20,64,65,9,3,61,35,14
57,39,11,92,19,64,86,19,47,97
45,26,50,96,43,34,16,27,19,8
25,73,76,13,56,14,12,50,35,14
57,18,92,92,19,25,66,19,47,97
53,86,61,15,43,33,16,29,19,8
25,93,76,64,65,9,78,50,28,32
17,37,75,79,79,42,88,40,10,15
25,73,76,64,56,14,3,86,35,73
18,5,66,97,70,99,98,19,2,23
53,86,50,9,84,33,16,27,12,27
75,27,32,15,25,67,8,20,68,48
90,36,90,96,84,33,16,29,19,8
18,5,66,97,70,48,37,96,2,70
58,39,11,92,19,64,66,19,47,83
45,86,50,9,43,34,16,29,12,41
7,100,50,66,88,25,99,78,93,20
7,39,11,92,19,64,91,19,16,83
58,39,92,92,19,75,91,44,16,97
45,26,61,15,43,33,16,27,12,41
7,18,92,92,19,64,86,44,16,97
53,86,90,96,84,33,16,27,19,8
12,5,85,28,43,21,76,97,6,4
58,39,92,96,19,64,66,44,16,97
63,22,91,87,59,88,60,100,36,83
55,81,63,38,1,49,36,1,32,47
25,44,76,13,45,9,12,61,35,73
63,22,83,87,59,88,61,100,32,14
7,71,92,92,19,25,91,94,47,97
7,18,11,96,19,75,86,44,79,83
55,81,63,38,43,49,36,96,32,42
25,5,85,28,43,21,76,97,6,6
57,71,92,92,19,75,66,19,47,83
4,35,30,14,90,31,96,61,49,16
7,18,11,96,19,25,91,94,79,83
90,26,50,96,43,33,16,29,19,27
53,26,90,15,84,34,16,29,12,27
7,71,11,92,19,64,86,94,47,97
31,37,75,40,53,42,88,82,10,97
42,5,66,97,53,99,98,4,2,31
25,5,85,28,11,21,76,97,6,6
25,93,76,64,65,9,12,86,35,73
58,93,66,20,33,59,25,91,38,37
57,18,11,96,19,25,91,19,16,97
90,86,90,15,43,33,16,27,12,8
57,39,92,96,19,75,66,19,79,97
95,93,66,20,33,59,25,91,38,37
53,86,90,15,43,33,16,27,12,8
95,63,10,20,33,1,25,91,38,99
25,5,20,28,48,21,98,97,6,6
57,71,11,92,19,25,66,44,47,97
7,39,92,92,19,75,86,44,79,97
45,86,61,96,84,34,16,29,19,27
90,86,90,15,43,33,16,29,19,8
25,93,76,13,56,9,78,50,28,32
53,86,50,9,43,34,16,27,12,41
25,73,20,64,56,14,78,50,94,14
57,39,92,96,19,64,66,94,47,97
25,73,76,13,65,14,78,61,35,73
25,73,20,13,65,9,3,61,35,32
90,36,90,96,43,34,16,29,19,8
58,39,92,96,19,25,86,94,79,83
61,5,66,38,70,48,37,19,2,31
7,71,11,96,19,25,91,44,79,83
57,39,92,96,19,64,91,19,79,83
53,26,50,9,84,34,16,29,12,41
57,18,92,92,19,75,66,94,79,83
17,87,62,1,52,72,65,95,40,91
17,60,56,67,52,72,65,95,40,91
25,44,20,64,56,9,12,61,94,73
45,26,90,9,84,34,16,29,19,41
73,22,12,72,76,75,5,38,75,89
55,81,63,38,43,49,36,1,32,21
25,73,76,13,45,14,12,61,28,14
25,73,20,64,45,9,78,86,94,73
4,35,30,14,90,31,3,94,49,7
53,86,61,9,84,33,16,29,19,27
57,71,11,92,19,75,66,19,47,97
25,44,20,13,65,9,3,50,35,32
7,71,11,96,19,75,91,94,47,97
7,40,50,99,73,25,99,23,6,58
58,71,92,96,19,64,91,19,47,97
7,71,92,96,19,64,91,44,47,97
90,36,50,9,84,34,16,29,19,27
57,71,92,92,19,64,86,94,16,97
92,40,50,99,68,25,99,78,6,58
25,73,76,64,45,14,3,50,28,32
7,39,92,92,19,25,86,94,16,97
90,26,90,15,43,34,16,27,12,27
35,94,18,77,78,89,39,89,36,34
7,71,92,96,19,75,91,94,47,83
25,73,76,13,45,14,3,86,94,14
25,73,20,13,45,9,78,61,35,73
25,44,76,13,65,9,12,86,94,32
57,18,11,96,19,75,66,94,16,97
57,18,92,92,19,25,86,19,47,97
25,44,20,64,56,14,12,86,35,32
90,26,90,15,84,33,16,29,12,8
25,73,76,13,56,14,78,50,28,32
45,36,90,15,84,34,16,29,19,27
57,39,92,92,19,64,86,44,79,97
45,36,61,9,43,34,16,27,12,41
25,73,20,64,56,9,3,50,35,32
57,18,92,92,19,25,91,44,47,83
56,81,63,38,1,49,36,1,42,47
57,39,11,96,19,25,66,44,79,83
33,27,32,91,25,67,8,20,68,71
73,22,90,72,97,75,5,16,75,89
57,18,92,96,19,75,91,44,16,83
25,93,20,13,65,9,12,61,28,14
25,44,20,64,56,14,12,86,94,73
18,5,66,97,70,99,37,4,2,31
73,59,7,72,76,13,5,16,11,89
25,93,20,64,65,9,78,50,28,14
25,73,20,64,45,9,12,61,35,73
92,100,50,66,68,25,99,78,93,58
25,73,76,13,65,14,3,61,35,32
7,18,92,96,19,25,86,94,16,97
57,71,92,96,19,64,66,94,47,83
90,26,61,15,84,34,16,29,12,27
8,60,77,94,79,73,95,95,13,82
25,73,76,64,45,14,3,86,28,14
25,93,76,64,56,14,3,86,28,14
57,39,92,92,19,64,91,44,47,83
57,71,92,96,19,64,86,94,47,97
58,39,11,92,19,75,91,19,47,97
25,93,76,64,45,9,78,50,35,14
45,86,50,9,43,33,16,27,19,8
58,18,11,96,19,25,66,44,79,97
58,18,11,96,19,25,66,94,79,97
25,93,76,64,45,9,3,50,35,14
25,93,76,64,56,14,3,50,28,73
75,27,32,15,33,7,79,20,68,48
17,37,75,79,53,42,88,82,10,97
90,36,61,96,84,34,16,27,12,41
53,36,50,9,43,34,16,27,19,8
36,60,5,94,48,10,95,99,55,82
25,93,20,13,45,14,3,61,28,73
57,18,11,92,19,64,86,94,79,97
58,71,11,96,19,75,91,94,79,83
63,22,83,95,59,88,67,26,32,14
25,44,20,13,65,14,12,50,94,32
25,93,20,13,65,14,3,50,35,14
57,71,11,96,19,75,91,44,47,83
53,36,50,96,43,34,16,27,12,8
25,44,76,13,56,9,3,50,35,73
45,86,90,96,43,33,16,27,12,41
92,40,50,99,88,25,99,78,93,20
25,73,20,64,45,14,12,86,28,32
25,44,76,64,56,14,3,50,94,14
75,27,32,91,33,48,79,20,68,71
90,26,50,96,43,33,16,27,12,41
25,93,76,64,56,14,12,61,28,14
25,44,76,64,65,9,12,86,94,32
17,37,75,40,79,81,88,82,24,97
25,73,20,64,65,9,12,86,35,32
58,71,11,96,19,75,86,94,16,83
90,86,50,9,43,34,16,29,19,41
57,71,11,92,19,75,91,19,47,83
53,86,90,15,43,33,16,29,12,41
25,73,76,13,65,9,3,50,94,73
58,39,11,92,19,75,66,44,79,97
58,93,10,20,33,1,90,91,38,21
25,93,20,64,45,14,3,86,28,73
53,26,50,15,43,33,16,27,19,8
7,71,92,92,19,25,86,19,16,97
25,73,20,64,65,9,78,86,94,73
25,73,20,13,56,14,78,86,35,73
25,44,20,13,45,14,3,61,28,14
64,40,50,66,73,25,99,78,6,58
25,93,20,64,65,14,12,50,28,32
25,44,76,13,45,9,78,61,35,32
53,86,61,9,84,33,16,27,12,27
8,76,10,20,33,59,90,91,38,21
58,71,92,96,19,64,91,94,47,83
25,73,20,64,65,14,3,86,35,32
53,86,61,9,84,33,16,27,19,27
90,86,61,15,43,34,16,27,19,8
58,39,11,96,19,75,66,44,79,83
45,86,90,96,84,33,16,29,12,41
57,71,92,96,19,75,86,44,16,83
16,35,30,49,90,73,3,61,49,7
55,81,63,38,37,99,95,96,32,47
7,39,11,92,19,64,86,19,47,97
25,44,76,64,56,9,78,86,35,14
90,26,50,9,43,33,16,29,19,41
25,73,76,13,45,9,78,61,35,73
17,87,56,20,52,72,65,100,54,91
25,44,76,13,56,9,12,86,94,14
57,71,92,92,19,75,66,94,16,97
92,100,50,66,68,25,99,78,93,20
25,93,76,64,45,14,78,86,94,73
12,5,20,44,48,21,76,97,6,6
64,100,50,99,73,25,99,2,6,20
17,87,56,67,52,72,57,100,54,91
36,60,5,94,48,10,95,99,13,24
45,86,50,15,43,34,16,27,19,41
64,100,50,99,68,25,99,78,93,20
25,93,20,13,56,14,78,86,35,73
57,18,11,96,19,25,66,94,16,97
55,81,63,38,37,49,36,96,42,47
58,71,11,96,19,75,66,44,16,83
18,5,66,38,70,48,98,19,2,31
25,73,20,13,56,14,3,86,28,14
45,86,50,9,43,34,16,27,12,41
25,44,20,64,56,14,12,61,28,14
69,97,71,46,17,95,100,92,40,85
92,100,50,66,73,25,99,78,99,20
57,39,11,92,19,64,86,94,16,97
57,39,92,92,19,64,66,44,47,97
8,60,77,94,79,73,95,99,55,26
25,73,20,13,56,9,3,86,28,14
7,39,92,96,19,64,86,44,16,97
53,36,90,9,43,34,16,27,12,8
25,93,20,13,65,9,3,61,28,14
58,18,11,96,19,75,86,94,16,83
7,100,50,99,88,25,99,78,6,20
25,93,20,64,65,9,12,86,28,14
90,86,50,9,43,33,16,29,19,41
7,39,92,96,19,25,91,94,79,97
90,86,50,9,84,34,16,27,12,41
25,44,76,13,56,9,3,86,94,32
57,18,11,92,19,64,86,94,16,97
25,44,20,64,65,9,3,86,94,32
45,26,61,15,84,34,16,27,12,8
58,39,92,96,19,64,91,44,47,97
99,37,75,40,53,81,88,82,24,97
45,86,90,9,43,34,16,29,12,8
57,39,11,96,19,64,91,19,47,83
45,26,50,15,43,33,16,27,12,41
57,39,92,92,19,25,66,44,47,83
57,18,92,96,19,75,91,94,16,97
12,5,20,44,11,21,98,97,6,4
58,71,92,92,19,75,86,44,16,83
7,71,11,92,19,25,91,19,79,83
25,44,76,13,65,9,78,50,35,14
57,39,92,96,19,64,66,44,47,83
25,73,20,13,45,14,78,86,94,14
73,59,90,72,97,75,5,38,75,89
57,71,11,92,19,64,66,94,16,83
45,36,61,96,84,33,16,27,12,41
57,18,92,92,19,25,86,19,79,83
25,93,20,64,56,9,3,50,35,14
7,39,92,92,19,75,86,19,47,97
45,86,50,15,84,34,16,29,19,41
45,26,90,9,43,33,16,29,19,41
7,71,11,92,19,64,86,19,47,83
18,5,66,38,53,1,37,96,2,23
73,22,12,72,76,13,5,68,75,83
61,5,66,97,70,99,98,19,2,31
7,39,11,92,19,64,86,44,16,97
57,71,11,96,19,25,66,94,79,83
31,37,75,79,52,42,88,40,10,44
90,86,90,9,84,33,16,29,19,27
25,73,76,64,45,9,78,86,94,32
36,60,77,94,48,73,95,95,55,24
36,48,77,94,23,73,95,99,13,82
53,86,50,15,43,34,16,29,19,27
57,39,11,92,19,25,66,94,79,97
25,44,20,13,45,9,12,61,35,32
7,71,11,96,19,75,86,19,79,83
58,71,11,92,19,25,66,94,47,97
63,22,91,87,59,88,67,26,36,14
25,44,20,64,45,9,3,50,35,73
90,36,90,96,43,34,16,29,19,27
53,36,50,9,43,33,16,27,19,41
45,36,50,96,84,34,16,29,12,41
25,93,20,64,45,9,12,50,28,73
58,18,92,92,19,64,66,94,16,97
90,36,61,96,84,34,16,29,19,27
7,18,92,92,19,75,91,44,16,97
25,93,20,64,56,9,3,50,35,73
25,73,20,13,65,14,12,61,28,73
36,48,5,94,48,10,95,99,13,82
58,39,92,96,19,64,86,19,79,83
58,39,92,96,19,75,91,19,47,97
57,71,11,92,19,64,66,94,79,83
17,94,86,68,21,33,33,59,75,66
90,86,50,15,43,34,16,27,12,27
25,73,76,64,45,9,12,50,94,32
53,26,90,96,43,33,16,29,19,27
57,71,92,96,19,75,91,44,16,83
90,86,61,15,43,34,16,29,12,41
36,60,77,94,23,10,95,95,55,26
58,18,92,92,19,75,91,19,47,83
69,97,3,46,17,95,41,92,40,85
58,63,10,20,33,10,90,91,38,37
25,93,76,13,45,9,3,86,35,73
25,44,76,13,65,9,78,61,94,14
17,87,56,1,52,72,57,95,54,91
53,26,50,15,84,34,16,29,12,8
18,5,66,97,53,1,98,19,2,70
25,44,20,13,45,14,78,61,94,73
25,44,20,64,45,14,12,86,35,14
53,86,61,9,43,33,16,27,12,27
25,93,76,64,56,14,12,61,28,32
25,44,76,64,56,14,78,50,94,32
90,36,61,96,43,33,16,27,19,8
4,35,30,14,44,73,96,13,49,7
57,18,11,92,19,64,86,44,16,83
99,37,75,40,79,81,88,82,24,44
69,97,9,46,39,16,78,92,40,85
58,39,11,96,19,64,86,94,47,97
25,44,20,64,45,9,78,61,94,14
57,71,92,96,19,25,66,44,79,97
58,18,92,96,19,25,66,19,47,83
25,44,20,64,56,9,12,86,35,32
33,27,32,91,25,48,79,20,68,48
25,73,20,13,45,9,12,86,94,32
57,71,11,92,19,25,66,19,47,83
12,5,13,28,11,21,98,97,6,4
25,73,20,13,65,9,12,50,28,14
57,39,11,92,19,75,86,19,16,97
92,40,50,99,68,25,99,2,6,20
25,93,20,64,56,14,12,61,35,73
58,18,11,96,19,25,86,19,47,97
7,71,11,96,19,64,66,94,79,97
58,39,11,92,19,25,91,19,79,97
58,39,11,92,19,64,91,94,16,97
53,86,61,9,84,34,16,29,19,41
90,86,90,96,43,34,16,29,19,27
45,26,50,9,43,34,16,29,12,8
53,36,61,96,84,33,16,29,19,27
42,5,66,38,53,48,37,96,2,70
61,5,66,97,53,99,98,19,2,70
7,71,92,92,19,64,91,94,79,97
53,26,50,96,43,34,16,27,12,8
63,22,74,95,59,88,60,26,32,14
58,39,11,92,19,64,86,19,47,97
25,93,76,64,65,14,12,61,35,14
25,73,76,64,45,9,12,50,28,14
25,73,76,13,65,9,12,61,94,73
25,44,76,13,45,14,3,86,94,73
92,40,50,66,88,25,99,23,99,58
17,37,75,40,79,42,88,82,10,44
61,5,66,38,53,99,98,19,2,70
8,60,5,94,79,73,95,95,13,82
99,37,75,40,53,81,88,40,10,15
57,18,11,92,19,75,86,19,79,97
7,18,11,92,19,25,91,94,16,97
42,5,66,38,53,1,98,4,2,23
17,87,56,20,52,72,65,95,54,91
25,73,76,64,45,9,78,61,28,14
57,71,92,92,19,64,91,94,47,83
53,86,90,96,43,34,16,27,12,27
90,86,50,15,84,33,16,29,19,8
58,71,11,96,19,25,66,94,47,97
25,44,20,64,65,14,12,86,28,14
16,35,30,49,44,73,96,61,49,16
7,39,92,92,19,25,91,44,47,83
8,63,66,20,33,1,25,91,38,21
87,97,71,46,17,16,41,92,40,85
25,93,76,13,45,14,78,50,94,32
7,39,92,96,19,75,91,19,47,97
25,73,20,64,56,14,12,86,35,32
25,93,76,64,45,9,12,86,94,73
25,93,20,13,56,14,3,50,35,14
8,48,77,94,48,10,95,95,55,82
57,18,11,96,19,25,86,44,79,83
7,18,92,96,19,64,91,19,47,83
25,93,76,13,56,9,78,86,94,73
90,86,61,9,43,34,16,29,19,27
90,26,61,15,43,34,16,27,12,8
17,87,56,1,52,72,57,100,54,91
57,71,11,96,19,75,86,44,47,97
25,73,20,64,45,9,3,86,28,73
42,5,66,38,70,99,37,4,2,23
25,44,20,64,56,9,3,61,94,14
25,93,76,64,45,14,78,50,94,73
7,71,92,96,19,25,66,19,16,97
73,59,90,72,97,75,5,16,11,83
58,18,92,96,19,75,86,94,16,97
25,73,20,64,65,9,3,86,28,14
33,27,32,91,33,67,8,20,68,48
25,73,20,64,65,14,3,86,35,73
25,44,76,13,56,9,3,86,28,73
25,73,20,64,45,9,78,61,28,32
25,44,76,64,45,9,3,86,28,73
7,39,11,92,19,75,86,94,47,83
7,71,11,92,19,64,66,44,16,83
57,71,92,92,19,64,66,19,79,97
73,59,90,72,76,13,5,16,11,89
57,18,11,96,19,25,86,94,47,83
58,18,92,92,19,25,86,94,79,97
8,48,5,94,79,10,95,99,55,26
57,18,92,96,19,75,86,94,79,97
64,100,50,99,68,25,99,23,93,20
58,39,11,92,19,25,91,44,79,97
95,76,10,20,33,10,25,91,38,37
25,44,20,64,65,14,3,86,28,14
25,93,76,64,45,9,12,50,94,32
25,93,76,13,45,9,3,61,94,32
25,73,76,64,65,9,12,61,35,73
7,71,11,92,19,25,86,19,16,97
25,93,76,13,65,9,12,86,28,14
58,18,92,92,19,64,66,94,79,97
25,73,20,13,56,14,3,61,94,14
42,5,66,38,70,1,98,96,2,70
57,39,92,96,19,64,86,44,16,97
36,48,77,94,48,73,95,99,13,26
53,86,50,9,84,34,16,29,12,27
58,39,11,92,19,64,66,94,16,97
25,44,20,13,45,9,12,86,35,32
57,39,92,96,19,64,91,94,79,83
53,26,50,9,84,33,16,27,12,27
42,5,66,38,53,99,98,96,2,31
45,86,61,96,84,33,16,27,19,27
53,86,50,15,84,34,16,27,19,8
7,18,11,96,19,25,86,19,79,97
57,39,11,96,19,64,91,19,47,97
25,73,20,13,65,9,3,86,94,73
25,73,76,64,56,9,3,86,28,73
90,26,50,96,43,34,16,29,19,8
57,39,11,92,19,25,66,19,47,83
35,94,18,8,78,89,92,89,89,34
73,22,7,72,97,75,5,38,75,83
45,86,61,96,43,33,16,29,12,27
90,86,90,15,43,34,16,27,12,27
7,40,50,99,73,25,99,2,6,58
25,44,20,13,65,9,78,50,35,14
7,18,11,92,19,75,66,44,47,83
90,86,50,9,43,33,16,27,19,41
12,81,63,38,1,49,36,96,32,42
90,86,90,96,84,33,16,29,12,27
25,44,20,13,56,9,12,61,28,14
25,44,76,64,56,14,3,86,28,73
7,18,92,92,19,75,66,94,79,97
55,81,63,38,43,49,95,1,42,42
53,86,61,9,43,33,16,27,12,8
8,48,77,94,79,10,95,95,55,26
99,37,75,40,79,81,88,51,24,97
55,81,63,38,1,49,36,1,42,47
57,18,11,96,19,25,86,44,47,83
58,39,11,92,19,25,91,44,47,83
25,93,20,64,45,9,12,50,35,73
7,18,92,96,19,75,66,44,47,97
63,22,91,87,59,88,61,26,32,83
7,100,50,99,68,25,99,78,93,20
25,73,20,64,65,14,3,50,94,14
45,36,90,9,43,33,16,27,12,41
16,35,30,14,90,73,96,13,49,16
8,48,77,94,23,10,95,95,55,82
7,18,92,96,19,25,91,19,16,97
36,60,77,94,48,10,95,99,13,26
90,86,61,96,43,33,16,27,12,8
45,36,90,15,43,33,16,29,12,41
8,48,5,94,79,73,95,99,55,26
25,44,76,64,45,14,78,61,94,14
63,22,74,87,59,88,67,26,32,14
25,73,20,64,56,14,3,50,94,73
7,39,92,92,19,75,91,94,47,83
53,36,61,15,43,34,16,29,12,41
53,26,90,9,43,34,16,27,19,8
58,71,92,92,19,75,66,44,16,83
57,18,11,96,19,75,66,44,47,97
58,39,92,96,19,75,91,19,79,97
58,39,92,96,19,75,91,19,16,83
45,86,90,9,43,34,16,27,19,27
58,71,92,92,19,64,66,19,16,83
99,37,75,79,52,42,88,40,24,44
36,60,5,94,23,10,95,95,13,26
25,93,20,64,65,9,3,50,35,73
57,39,11,96,19,75,86,19,16,97
17,60,91,20,52,72,34,100,46,91
57,39,92,96,19,25,66,94,47,83
7,71,11,96,19,25,66,19,47,83
95,76,10,20,33,1,25,91,38,99
36,48,5,94,23,10,95,95,13,24
25,93,76,64,65,14,3,86,28,14
25,93,20,64,65,9,78,61,94,32
25,73,20,64,45,9,3,50,94,14
7,18,92,92,19,75,66,19,47,97
4,35,30,49,90,73,16,94,49,7
57,71,11,92,19,25,66,44,79,83
57,71,11,96,19,64,86,44,79,83
7,39,11,92,19,25,91,19,16,97
7,18,92,96,19,75,86,19,16,97
25,73,20,13,45,14,3,61,94,14
25,73,20,13,56,14,78,61,35,32
36,48,77,94,23,10,95,95,55,24
57,71,11,92,19,25,91,94,16,97
25,93,76,64,56,9,3,50,35,14
7,39,92,96,19,75,66,44,16,83
53,36,50,96,43,33,16,27,12,27
25,93,76,13,65,9,12,50,35,73
57,71,92,92,19,25,86,94,16,83
7,71,92,92,19,75,66,94,79,83
63,22,91,95,59,88,60,26,32,83
58,39,92,92,19,25,86,44,47,97
36,48,5,94,79,10,95,99,13,82
25,93,76,64,56,14,12,50,94,32
99,37,75,79,52,81,88,51,24,97
8,60,77,94,48,73,95,95,55,82
45,26,50,15,43,34,16,27,12,41
57,18,92,96,19,75,66,19,16,97
57,18,11,92,19,64,66,19,47,97
58,18,92,92,19,75,91,94,16,83
25,93,20,64,65,14,3,50,35,32
90,36,61,9,43,34,16,27,19,27
7,40,50,99,88,25,99,78,6,58
58,39,11,96,19,75,91,94,16,97
99,37,75,79,52,42,88,51,10,44
7,18,11,96,19,64,66,19,16,97
45,26,61,9,43,34,16,27,12,27
7,71,11,92,19,75,66,44,16,83
7,39,11,92,19,75,86,94,47,97
53,36,90,96,84,34,16,29,19,27
58,39,11,96,19,25,91,19,47,97
58,39,11,96,19,75,66,94,16,97
17,87,62,20,52,72,65,100,54,91
45,86,90,9,84,34,16,27,19,8
45,36,61,15,43,34,16,29,19,27
25,44,20,13,65,9,12,86,94,32
17,37,75,79,53,81,88,51,24,44
7,71,92,92,19,25,91,94,16,97
7,71,11,92,19,25,66,44,79,83
25,44,76,13,45,9,78,86,28,14
58,93,10,20,33,1,25,91,38,21
53,26,90,96,43,34,16,27,19,41
25,93,20,13,56,9,3,86,28,32
7,18,92,92,19,64,86,94,16,83
25,44,20,64,65,9,78,86,94,32
25,73,76,64,65,14,78,61,28,14
25,73,76,13,56,9,3,86,94,14
17,37,75,79,53,42,88,82,24,15
90,36,90,96,84,34,16,29,12,8
64,40,50,66,73,25,99,23,6,58
57,18,92,96,19,25,66,94,16,83
8,63,10,20,33,1,90,91,38,21
7,39,92,96,19,64,66,44,16,97
25,93,76,13,65,14,12,50,94,14
57,71,11,92,19,64,86,94,16,83
58,18,11,96,19,25,66,94,47,83
17,60,91,20,52,72,34,100,54,91
45,36,61,15,43,34,16,29,12,27
8,48,5,94,48,73,95,95,13,26
45,26,61,15,84,33,16,29,19,41
45,86,90,96,84,34,16,27,19,8
58,39,11,92,19,64,91,94,47,97
25,93,76,13,65,14,3,50,28,73
45,36,61,96,43,33,16,29,12,8
58,71,92,96,19,25,86,19,79,83
25,44,20,13,56,14,12,86,94,14
7,39,92,92,19,75,66,94,16,97
25,93,76,13,56,14,12,50,94,73
8,60,5,94,79,10,95,99,55,82
45,86,90,15,43,34,16,27,12,41
4,35,30,14,44,84,16,13,49,16
16,35,30,49,44,84,16,94,49,7
7,18,92,96,19,25,91,19,47,83
25,93,20,64,65,9,12,61,94,32
17,37,75,79,53,42,88,82,10,44
57,39,11,92,19,75,91,44,47,97
90,86,50,15,84,34,16,29,12,27
58,71,11,96,19,64,91,94,79,83
25,44,76,13,45,14,78,61,94,32
25,44,76,64,65,9,3,50,28,73
25,93,76,64,45,14,78,61,28,32
64,40,50,99,88,25,99,2,99,58
45,36,61,15,43,33,16,29,19,41
25,93,20,13,56,14,78,86,94,14
36,60,77,94,79,10,95,95,13,82
45,86,90,96,84,33,16,27,19,27
53,26,90,96,84,34,16,29,19,8
25,44,20,64,65,9,78,61,28,73
7,18,92,92,19,64,86,19,47,97
25,73,76,13,45,14,3,86,28,73
58,39,11,92,19,64,91,44,79,97
25,44,20,64,45,9,12,61,94,73
7,39,92,96,19,75,66,44,79,83
25,73,76,64,56,14,12,61,35,32
57,71,92,96,19,75,66,44,79,97
57,18,92,96,19,75,91,44,47,83
92,40,50,66,68,25,99,23,99,20
8,48,77,94,79,10,95,99,13,24
36,48,5,94,79,73,95,95,13,82
25,73,76,13,45,9,12,50,35,14
31,37,75,40,52,42,88,40,24,15
92,100,50,66,68,25,99,23,6,58
42,5,66,38,53,99,37,96,2,70
25,93,20,64,56,14,12,50,28,73
73,10,90,72,76,13,5,68,75,89
25,73,20,13,45,14,3,61,35,14
7,39,11,92,19,25,66,94,16,83
36,60,77,94,48,10,95,95,13,26
53,26,61,15,43,33,16,29,19,8
58,18,11,92,19,75,86,94,16,83
58,39,11,96,19,25,86,94,16,83
73,59,90,72,97,13,5,68,11,89
7,18,11,92,19,75,66,44,79,97
17,94,30,75,21,33,33,59,75,66
90,26,50,15,84,33,16,29,19,27
25,93,20,64,65,14,78,61,94,32
45,36,50,96,84,34,16,27,12,41
53,26,50,9,43,34,16,29,12,41
61,5,66,38,70,48,37,4,2,70
57,71,11,96,19,64,66,94,79,97
25,44,20,64,45,14,3,50,94,32
17,87,91,1,52,72,57,95,46,91
7,71,11,96,19,64,91,94,47,83
95,63,10,20,33,10,90,91,38,21
7,18,92,92,19,64,91,44,79,97
53,36,61,15,84,34,16,27,12,8
25,93,76,13,56,9,3,86,28,14
25,93,76,13,45,14,12,50,35,73
25,93,76,13,45,9,12,61,35,14
7,18,11,96,19,64,66,94,47,83
25,73,20,64,56,14,3,50,28,73
58,18,11,92,19,25,86,19,47,97
7,39,11,96,19,75,91,19,47,97
73,59,12,72,76,13,5,68,11,83
95,93,10,20,33,59,25,91,38,99
95,63,66,20,33,59,90,91,38,37
25,93,20,64,65,14,78,86,35,32
17,37,75,40,53,42,88,40,24,97
58,18,11,92,19,64,66,94,16,97
57,18,11,92,19,25,86,19,47,97
25,93,76,13,56,14,12,61,94,14
58,18,92,92,19,25,91,94,47,97
25,73,76,13,45,14,78,61,28,14
7,39,92,92,19,25,86,44,47,83
58,93,66,20,33,10,90,91,38,21
58,39,11,96,19,75,86,44,16,97
7,39,92,92,19,64,91,19,16,83
53,26,50,9,84,33,16,29,12,8
16,35,30,14,44,31,96,61,49,16
7,39,92,92,19,64,91,19,16,97
53,86,61,9,84,33,16,27,12,41
25,73,76,64,65,14,12,50,28,14
25,73,20,64,56,14,78,50,94,32
50,94,18,77,78,89,92,89,36,34
25,44,76,13,56,9,3,61,94,32
7,71,92,96,19,64,86,94,47,97
57,39,92,96,19,25,86,19,16,97
25,93,76,13,56,14,12,50,28,32
58,39,11,96,19,64,86,44,47,97
7,18,92,96,19,75,91,19,16,83
4,35,30,14,44,84,96,61,49,7
7,71,92,92,19,75,66,44,79,83
57,39,92,92,19,64,66,44,79,83
55,81,63,38,1,99,36,1,42,47
18,5,66,97,53,1,98,4,2,31
8,76,10,20,33,59,90,91,38,99
42,5,66,38,53,1,98,19,2,70
16,35,30,49,90,84,16,13,49,7
58,18,11,96,19,75,91,94,79,83
18,5,66,38,70,48,37,4,2,23
58,18,11,92,19,64,66,44,79,83
57,18,11,92,19,64,91,44,16,83
25,93,20,13,56,9,12,86,28,14
7,18,92,92,19,75,91,94,47,97
36,60,5,94,48,73,95,99,13,26
25,73,20,64,65,9,12,86,28,32
25,93,76,64,45,9,3,61,35,14
57,18,92,96,19,75,66,44,16,97
17,37,75,40,52,81,88,40,10,97
58,18,92,96,19,75,66,19,16,97
45,36,61,15,84,34,16,27,12,8
18,5,66,97,70,99,98,19,2,70
55,81,63,38,37,99,95,1,42,42
53,86,50,15,84,34,16,29,12,27
7,39,92,92,19,25,66,94,47,83
25,44,20,64,65,14,3,50,94,32
58,18,92,92,19,25,86,94,79,83
92,100,50,66,73,25,99,2,6,58
53,26,90,9,43,34,16,29,12,41
58,18,92,92,19,75,91,44,79,83
57,39,92,96,19,75,86,94,16,97
57,71,11,92,19,25,66,19,47,97
31,37,75,40,79,81,88,82,10,44
58,39,11,96,19,75,91,94,79,83
92,100,50,99,88,25,99,23,6,20
45,86,61,96,84,33,16,29,19,8
57,18,92,92,19,64,66,94,47,97
25,44,76,64,45,9,3,86,94,14
90,36,61,9,84,34,16,27,19,41
25,93,20,13,45,9,78,61,35,14
53,86,61,15,84,34,16,29,12,41
25,93,20,64,45,14,78,61,35,32
58,71,92,92,19,25,86,44,47,97
73,22,12,72,97,13,5,68,11,89
61,5,66,38,70,48,98,96,2,70
25,44,76,13,65,9,12,61,94,14
25,73,20,64,56,9,12,86,35,73
58,18,11,96,19,64,91,44,16,83
16,35,30,14,90,84,96,61,49,7
58,39,92,96,19,64,91,94,47,83
25,73,20,13,65,14,12,61,94,14
90,36,90,96,84,33,16,27,19,41
42,5,66,97,53,99,37,4,2,23
25,44,20,64,65,14,3,50,35,32
55,81,63,38,37,99,95,1,32,21
25,73,76,64,56,14,78,50,94,14
25,93,76,13,56,14,3,50,35,73
58,76,66,20,33,59,90,91,38,99
25,44,20,13,65,14,78,61,28,32
58,71,92,96,19,75,86,19,47,83
17,37,75,40,53,42,88,40,10,97
57,71,11,96,19,64,86,44,16,97
25,73,76,13,45,9,12,50,94,14
25,93,76,64,56,14,78,50,28,14
45,36,50,9,84,33,16,29,12,41
18,5,66,38,70,99,98,19,2,23
17,37,75,40,79,81,88,51,24,15
7,39,11,96,19,25,86,19,79,83
90,36,61,96,84,34,16,29,12,8
64,40,50,66,73,25,99,2,93,20
7,18,11,92,19,64,91,19,47,97
7,18,11,96,19,75,91,19,79,97
57,71,92,92,19,75,66,44,16,83
25,73,20,64,65,9,3,50,35,73
58,39,11,92,19,25,91,19,16,97
25,73,20,13,45,14,3,50,94,73
58,18,11,96,19,75,86,19,47,83
25,93,76,64,56,14,3,50,94,32
17,60,91,1,52,72,65,100,54,91
12,81,63,38,43,99,95,96,42,21
25,93,76,64,65,9,12,86,28,14
90,86,61,15,84,33,16,29,12,8
25,44,20,13,56,9,12,86,28,32
7,39,11,92,19,25,91,94,79,97
58,39,92,96,19,75,86,44,16,83
25,73,20,13,65,9,12,61,35,73
7,71,92,92,19,75,91,94,47,97
7,18,11,96,19,75,66,44,16,97
25,44,76,13,45,14,78,50,35,14
25,93,76,13,65,9,12,61,94,14
17,60,91,20,52,72,57,95,54,91
73,10,7,72,76,75,5,16,11,83
7,100,50,99,68,25,99,23,6,58
58,39,11,92,19,64,66,94,79,97
53,26,50,15,84,34,16,29,19,27
58,18,92,96,19,64,91,19,79,97
4,35,30,14,44,73,96,13,49,16
25,73,76,13,45,14,3,50,94,73
25,93,20,64,56,9,3,61,35,14
25,93,20,64,65,14,78,86,94,73
25,73,20,13,45,14,12,61,28,32
25,44,20,64,45,14,3,50,28,14
25,93,76,64,65,14,3,86,94,73
25,93,20,64,45,14,3,50,28,14
58,71,11,92,19,75,66,44,79,97
57,39,11,92,19,75,91,44,47,83
7,18,92,96,19,25,66,94,79,97
25,44,76,13,65,14,3,86,94,73
57,71,11,96,19,75,66,94,79,83
58,18,11,96,19,64,91,94,79,83
25,93,20,13,65,9,3,86,28,32
53,86,90,15,84,34,16,29,12,8
45,86,90,96,43,34,16,27,12,8
25,5,85,28,43,21,76,97,6,4
45,86,50,96,43,34,16,27,12,8
57,71,11,92,19,75,91,94,79,97
25,73,76,13,56,14,78,86,94,32
90,26,50,96,84,34,16,29,19,41
25,73,20,64,56,9,3,86,28,73
12,81,63,38,1,99,95,1,32,42
57,18,92,96,19,75,91,19,16,97
58,71,11,96,19,25,91,19,47,97
90,26,61,96,84,34,16,27,12,8
25,93,20,13,65,9,78,50,94,14
58,71,11,96,19,25,66,44,47,83
57,39,11,92,19,64,66,44,47,97
7,39,92,96,19,75,91,94,79,83
87,94,86,75,21,33,33,59,10,66
45,86,61,15,43,34,16,27,19,41
53,36,50,15,84,34,16,27,12,8
57,18,92,96,19,75,66,19,79,83
92,40,50,99,88,25,99,78,6,58
58,39,92,92,19,64,91,19,16,83
25,73,20,64,65,9,3,86,35,32
17,60,62,1,52,72,65,95,46,91
53,36,90,15,84,33,16,27,12,41
25,73,20,64,65,9,78,86,28,14
25,73,76,64,56,14,78,50,94,32
25,73,20,64,45,9,78,50,28,14
8,48,77,94,23,73,95,99,13,26
98,7,38,54,25,72,95,14,22,77
7,71,11,92,19,64,66,19,79,83
58,39,92,92,19,25,86,94,79,83
25,93,76,13,56,14,78,61,35,73
53,86,61,9,43,33,16,29,12,27
45,86,90,9,84,33,16,29,12,8
25,73,76,64,56,9,3,50,35,14
8,60,77,94,23,10,95,95,55,26
57,39,92,92,19,25,86,94,16,83
7,18,11,92,19,25,66,19,16,97
7,71,11,96,19,64,66,19,16,83
7,39,11,96,19,64,86,19,47,83
4,35,30,49,90,73,96,94,49,7
25,44,76,13,56,14,78,50,94,14
53,36,61,15,84,34,16,27,19,8
57,71,92,92,19,75,91,19,79,83
25,73,20,13,56,9,78,50,35,14
73,10,7,72,76,13,5,38,11,83
25,93,20,13,45,9,12,86,94,14
53,26,50,96,84,34,16,27,19,27
17,37,75,40,53,81,88,51,10,97
7,40,50,66,73,25,99,2,6,20
25,44,76,13,45,14,3,86,94,14
25,93,20,64,56,9,78,61,35,32
57,71,11,92,19,25,66,19,79,97
25,73,76,13,56,14,78,61,35,32
25,93,20,64,65,14,3,86,35,14
90,86,50,96,43,34,16,27,12,8
25,73,76,64,45,14,3,86,35,14
25,93,20,13,65,14,3,61,28,73
57,39,92,96,19,25,66,44,47,97
7,39,11,92,19,75,66,44,16,97
99,37,75,79,53,81,88,51,10,97
90,36,90,9,43,33,16,27,12,27
25,93,20,13,56,9,78,86,28,32
55,81,63,38,43,49,36,96,32,47
25,73,76,64,65,9,12,86,35,73
7,39,11,92,19,25,66,44,79,97
73,59,7,72,76,13,5,68,75,89
25,73,20,64,65,14,12,61,35,32
18,5,66,97,53,99,98,96,2,31
57,18,92,92,19,75,66,94,16,83
58,71,92,92,19,75,86,94,79,97
58,71,11,92,19,25,91,94,47,97
7,18,92,92,19,25,66,19,47,83
25,93,20,13,56,9,3,86,94,14
42,5,66,38,53,1,37,4,2,70
42,5,66,38,53,48,98,19,2,23
92,40,50,99,88,25,99,78,99,58
57,71,11,96,19,64,86,19,47,83
57,71,92,92,19,64,86,44,16,83
25,44,20,13,45,14,3,50,28,73
58,71,11,96,19,25,91,44,16,97
7,39,92,96,19,75,86,19,79,97
53,36,50,9,84,34,16,27,19,8
33,27,32,65,33,67,8,20,68,48
25,93,20,64,56,14,78,86,94,14
7,71,92,96,19,25,66,94,47,83
25,73,76,13,56,9,12,86,28,32
57,39,11,92,19,75,66,44,79,97
25,73,20,64,56,14,78,86,35,32
90,36,61,9,43,33,16,27,12,41
53,26,90,9,43,33,16,29,12,8
53,36,90,96,84,33,16,27,12,41
61,5,66,38,70,99,98,96,2,23
12,81,63,38,1,99,95,96,42,47
17,37,75,40,53,42,88,40,10,44
58,71,11,92,19,64,91,19,79,97
7,39,11,96,19,64,86,19,16,83
25,93,76,13,65,9,78,50,94,73
25,44,76,13,65,14,12,86,94,73
7,39,11,92,19,25,66,44,47,83
25,73,20,64,56,9,3,50,28,32
53,36,61,15,84,33,16,29,19,41
58,18,11,92,19,25,91,44,79,97
7,39,11,96,19,25,86,94,47,83
25,93,20,13,56,9,3,61,35,32
25,73,76,13,56,14,12,61,28,14
25,73,76,64,65,14,3,86,35,73
73,10,12,72,76,13,5,38,11,83
57,71,92,92,19,64,91,44,16,97
25,44,76,13,65,9,78,61,94,32
90,36,61,96,84,33,16,27,12,27
58,93,10,20,33,59,90,91,38,37
90,36,90,96,84,33,16,27,12,8
7,71,11,96,19,25,66,44,16,97
73,59,7,72,76,13,5,38,75,83
90,26,90,15,84,34,16,29,19,8
25,93,76,64,45,9,3,86,94,14
25,93,76,13,45,14,78,86,35,32
58,39,92,96,19,75,91,94,16,83
57,71,92,96,19,64,86,19,79,83
92,40,50,66,68,25,99,23,6,58
90,86,90,9,84,33,16,27,19,27
73,10,90,72,97,75,5,38,11,89
12,5,85,44,43,21,76,97,6,6
25,93,76,64,65,14,3,86,94,32
25,93,76,13,56,14,12,50,35,73
57,39,11,92,19,75,91,19,16,97
7,18,11,92,19,64,86,44,79,83
17,87,56,20,52,72,57,95,54,91
4,35,30,49,44,31,16,13,49,16
31,37,75,40,79,42,88,82,10,15
53,26,61,96,84,34,16,27,12,41
25,44,20,13,65,9,3,50,94,73
90,86,50,96,43,34,16,27,19,41
17,87,62,67,52,72,65,100,40,91
25,73,20,64,45,14,12,50,28,32
25,44,20,13,56,9,3,50,35,14
25,44,76,64,56,9,78,86,35,32
7,71,92,92,19,64,91,19,47,97
61,5,66,97,70,1,98,4,2,70
42,5,66,38,53,1,37,4,2,31
25,44,20,64,56,9,78,50,94,32
58,18,92,96,19,64,66,94,16,83
25,44,76,64,56,9,12,86,94,32
58,39,11,96,19,64,66,19,79,97
7,71,11,92,19,75,66,19,16,83
25,44,20,64,45,14,3,86,94,14
7,18,92,92,19,64,86,19,47,83
25,93,76,64,56,14,12,86,28,32
90,26,50,96,84,33,16,27,12,41
61,5,66,97,70,1,37,96,2,23
58,18,92,92,19,25,66,19,47,97
53,26,61,96,43,34,16,29,19,27
8,76,66,20,33,1,90,91,38,37
90,86,90,9,84,33,16,29,19,8
58,39,92,92,19,75,66,94,79,83
45,36,90,15,43,33,16,29,12,8
58,71,11,92,19,64,86,19,47,97
25,73,20,64,56,14,12,50,28,32
25,73,76,13,65,9,78,61,94,14
45,26,90,15,84,33,16,29,12,41
57,71,92,96,19,75,91,44,47,83
58,18,11,96,19,64,86,19,79,97
90,86,50,96,84,33,16,27,19,8
58,39,92,96,19,64,66,44,79,97
25,93,76,64,45,9,3,86,35,32
42,5,66,38,70,1,98,4,2,23
25,93,20,13,65,9,78,50,28,73
58,39,11,92,19,75,66,94,79,83
45,36,90,15,43,33,16,27,12,8
25,93,20,13,56,9,3,61,35,73
25,93,76,64,56,14,12,50,35,32
53,86,50,96,84,34,16,29,19,27
25,73,76,64,65,14,3,61,94,14
7,39,92,92,19,75,91,19,47,97
25,73,76,64,45,9,12,50,94,73
25,93,76,64,56,9,78,50,35,73
92,100,50,99,68,25,99,2,6,20
90,36,50,15,84,34,16,27,12,27
25,5,20,28,11,21,98,97,6,4
57,71,11,92,19,64,86,94,79,97
45,26,61,15,43,33,16,29,19,41
25,44,20,13,45,14,3,61,94,32
7,18,92,92,19,25,66,19,16,83
90,86,90,15,84,34,16,29,12,27
58,18,11,92,19,64,66,44,79,97
8,48,77,94,48,10,95,99,13,26
90,86,90,96,43,34,16,27,12,27
57,71,11,96,19,75,91,19,79,97
53,26,90,15,84,33,16,27,12,41
12,81,63,38,43,49,95,1,32,42
25,73,20,13,56,14,3,61,28,73
12,5,20,28,48,21,76,97,6,6
7,71,11,92,19,64,66,94,47,97
25,44,76,13,45,9,78,50,28,73
7,18,92,92,19,25,66,44,16,97
25,44,20,13,56,14,78,50,94,73
45,86,90,9,84,33,16,29,12,27
35,94,18,77,78,89,33,89,36,34
25,44,76,64,45,9,12,50,28,14
92,40,50,99,68,25,99,2,93,58
57,39,92,92,19,75,86,19,79,83
25,73,20,64,45,9,3,86,94,14
55,81,63,38,1,49,95,1,42,47
55,81,63,38,43,99,95,1,32,47
55,81,63,38,37,49,36,1,32,21
25,73,20,64,56,14,3,86,28,73
57,18,92,96,19,75,86,94,47,97
25,93,20,13,45,14,78,61,28,32
25,73,76,13,56,9,78,86,35,14
16,35,30,49,90,73,3,94,49,7
25,44,20,13,65,9,3,86,35,32
25,44,20,64,65,9,12,61,28,14
45,36,61,96,84,33,16,29,12,27
45,26,90,96,43,34,16,29,12,41
8,60,77,94,48,73,95,95,55,26
58,18,11,92,19,75,91,94,16,83
57,18,11,96,19,64,91,19,47,83
25,44,20,64,45,9,12,61,94,14
25,5,85,28,11,21,76,97,6,4
7,71,92,92,19,75,91,94,79,83
25,5,20,28,11,21,76,97,6,33
90,36,61,9,84,33,16,27,12,8
7,39,11,96,19,75,91,19,16,83
57,39,11,96,19,64,86,19,79,83
8,60,5,94,48,10,95,95,13,26
45,86,90,9,84,34,16,29,12,27
42,5,66,97,53,99,37,96,2,70
25,73,76,64,65,9,78,86,94,32
45,86,61,9,84,34,16,27,19,8
18,5,66,38,70,48,37,4,2,31
57,39,11,92,19,64,66,94,79,97
7,18,11,96,19,25,86,44,16,97
25,44,20,64,65,9,78,50,35,14
7,100,50,66,68,25,99,23,6,58
25,44,20,13,65,14,12,61,94,73
90,86,61,15,84,33,16,27,19,27
25,44,76,64,65,9,78,50,94,73
7,18,92,96,19,25,66,94,16,97
25,93,76,64,65,9,12,61,35,73
63,22,83,87,59,88,67,100,36,83
58,39,92,96,19,64,91,44,16,83
25,93,20,64,45,14,12,61,94,14
53,26,50,9,43,33,16,29,19,41
58,39,92,92,19,75,66,44,47,83
53,36,61,15,84,33,16,29,12,41
45,36,50,15,84,34,16,29,12,41
25,44,20,13,56,9,78,61,35,14
58,39,11,92,19,25,86,44,47,97
58,39,92,92,19,64,91,19,79,97
25,93,20,13,65,9,78,61,94,32
25,93,76,13,56,14,78,61,94,14
64,40,50,99,68,25,99,2,6,58
25,93,20,13,65,9,12,86,35,32
25,93,76,64,45,9,78,86,28,73
57,18,92,96,19,64,91,44,47,83
58,39,92,96,19,75,91,44,47,83
7,71,92,92,19,25,86,94,47,97
7,18,11,92,19,64,66,19,47,97
7,71,11,96,19,25,86,19,16,83
4,35,30,14,90,84,96,94,49,16
57,71,11,96,19,64,66,94,16,97
58,39,92,92,19,75,66,94,79,97
90,86,50,15,84,33,16,29,19,27
61,5,66,38,70,99,98,4,2,31
90,26,50,15,84,33,16,27,12,27
7,71,11,96,19,64,86,19,79,97
18,5,66,38,53,48,98,19,2,31
7,71,11,92,19,64,91,19,79,97
18,5,66,38,53,1,37,4,2,70
25,44,76,13,65,9,3,61,94,73
58,71,11,92,19,64,91,44,79,97
61,5,66,38,53,48,98,4,2,23
50,91,18,8,78,89,33,89,36,34
58,71,11,92,19,64,91,94,79,83
53,86,90,96,84,33,16,27,19,41
90,26,50,9,43,34,16,29,12,41
58,18,11,92,19,75,91,44,79,83
7,39,92,92,19,75,86,44,79,83
25,44,76,64,56,9,78,61,94,32
58,71,92,92,19,25,86,44,47,83
45,36,90,15,43,34,16,29,19,41
63,22,74,95,59,88,61,26,36,83
25,44,76,64,45,9,78,50,94,32
45,86,90,96,84,33,16,27,12,41
25,73,20,13,65,9,12,61,35,14
7,71,11,96,19,75,91,19,16,97
36,48,77,94,48,73,95,95,13,24
25,73,20,64,56,14,12,86,35,14
90,26,90,96,43,33,16,27,19,27
53,36,50,15,84,33,16,29,12,8
58,39,92,96,19,25,66,94,47,83
25,44,76,13,45,14,78,50,28,73
4,35,30,14,90,73,16,94,49,16
7,18,92,92,19,75,91,94,79,97
25,44,20,64,65,14,12,50,35,14
25,73,76,64,65,9,78,86,28,14
25,93,76,13,45,14,3,86,28,14
25,73,76,64,65,9,3,86,35,32
7,71,92,96,19,64,86,94,79,83
25,93,76,13,45,14,3,50,28,73
35,75,18,8,78,89,92,89,85,34
64,100,50,99,68,25,99,78,99,20
7,71,92,96,19,64,66,44,79,97
25,44,76,13,56,14,3,61,35,14
63,22,74,95,59,88,61,26,36,14
25,93,20,13,65,14,78,50,35,14
17,60,91,67,52,72,65,100,40,91
25,73,20,64,56,14,12,61,94,14
25,73,76,64,65,9,78,61,94,32
63,22,91,87,59,88,61,100,36,83
25,93,76,64,65,14,12,61,35,73
25,44,76,13,56,14,12,86,28,32
58,39,92,92,19,25,66,19,16,97
45,36,90,96,43,34,16,29,12,8
25,44,76,13,56,9,3,86,94,73
16,35,30,14,90,31,16,94,49,16
58,71,92,96,19,64,91,94,79,97
7,71,11,96,19,75,66,44,16,83
25,93,76,64,56,9,12,50,35,14
25,93,76,13,45,9,12,50,94,73
7,39,92,92,19,75,91,44,47,83
61,5,66,97,53,48,98,96,2,31
7,18,11,92,19,64,91,44,47,83
25,44,20,13,45,9,3,50,35,73
63,22,91,95,59,88,60,100,32,14
7,40,50,99,68,25,99,23,99,58
36,48,5,94,48,10,95,99,55,26
45,86,61,9,84,33,16,27,19,27
45,36,61,9,84,33,16,27,12,8
4,35,30,49,90,31,16,61,49,16
17,60,56,20,52,72,57,100,40,91
58,18,92,96,19,64,86,19,47,97
8,48,77,94,23,73,95,99,55,82
95,63,10,20,33,10,25,91,38,99
25,44,76,13,65,14,78,61,35,32
25,73,76,13,56,14,3,86,35,73
25,93,20,64,56,14,78,86,35,32
7,40,50,99,88,25,99,78,99,20
25,93,20,13,45,9,78,61,28,73
25,44,20,64,56,9,3,50,94,32
17,60,91,1,52,72,65,100,40,91
25,93,20,64,45,14,12,50,35,32
25,93,76,13,45,14,12,86,94,32
7,18,92,92,19,75,66,44,79,97
7,40,50,99,68,25,99,78,99,58
8,60,77,94,79,73,95,99,55,82
92,100,50,66,88,25,99,78,93,20
90,36,90,9,84,34,16,29,12,27
7,71,11,92,19,25,66,44,47,83
7,71,11,92,19,25,91,94,47,83
7,18,11,96,19,64,86,94,47,83
25,44,20,13,65,9,3,61,35,32
25,44,20,13,45,9,78,86,35,73
7,40,50,66,73,25,99,2,99,58
25,73,20,13,56,14,12,50,35,32
8,60,77,94,48,10,95,99,13,24
25,44,76,64,65,9,3,50,94,14
7,39,92,92,19,64,91,44,16,83
25,44,76,64,65,9,3,61,28,73
57,39,11,92,19,75,66,19,79,97
25,73,76,13,65,9,3,86,28,14
25,44,76,64,65,9,3,50,35,14
25,44,76,64,56,14,3,61,28,32
25,73,20,13,65,9,12,61,35,32
57,18,92,92,19,64,66,19,47,83
87,97,9,46,17,16,100,92,40,85
25,44,20,64,45,9,78,61,94,32
57,18,92,96,19,64,86,19,16,83
17,37,75,40,79,42,88,82,24,44
90,86,50,9,43,34,16,27,19,8
36,48,77,94,23,10,95,95,13,24
90,36,90,96,43,34,16,29,12,8
64,40,50,99,68,25,99,78,6,20
7,18,11,92,19,25,86,94,16,83
25,93,76,64,45,9,3,86,94,32
25,73,76,64,56,9,3,86,94,14
58,18,92,92,19,64,86,94,16,97
17,87,62,20,52,72,65,100,40,91
53,26,61,96,84,33,16,29,12,27
25,73,20,64,56,9,78,50,35,14
25,73,76,13,65,14,3,61,28,32
4,35,30,49,90,73,96,61,49,7
58,18,92,92,19,25,91,19,16,83
16,35,30,14,44,73,96,13,49,7
57,71,92,92,19,75,86,19,47,83
7,71,11,92,19,75,86,44,47,83
16,35,30,14,90,73,96,61,49,7
53,26,90,15,43,33,16,29,19,41
90,86,61,9,84,34,16,29,19,41
90,36,90,15,43,33,16,27,19,27
18,5,66,97,53,99,98,96,2,70
90,26,50,9,43,34,16,27,12,27
90,86,61,15,84,34,16,27,12,8
16,35,30,49,44,31,3,94,49,16
37,7,38,54,34,72,16,14,22,77
45,86,61,9,43,34,16,27,12,41
61,5,66,97,53,48,98,4,2,31
58,39,11,96,19,64,86,94,16,97
61,5,66,38,53,48,37,96,2,23
25,73,76,64,56,9,78,50,35,32
25,93,20,64,45,9,3,50,35,73
57,39,92,96,19,75,86,19,47,97
55,81,63,38,1,49,36,96,42,21
90,36,90,96,43,34,16,29,12,41
73,10,7,72,97,75,5,68,11,89
25,93,76,64,65,14,3,61,28,73
58,39,92,96,19,25,66,94,16,97
25,93,76,13,65,9,3,50,94,32
56,81,63,38,1,49,95,1,42,21
25,44,20,64,56,14,12,86,35,14
99,37,75,40,53,81,88,51,10,97
63,22,83,95,59,88,60,100,32,83
25,73,76,64,56,14,12,61,35,14
45,86,90,15,84,34,16,29,19,8
90,36,50,15,43,34,16,29,12,27
53,36,61,9,84,34,16,27,19,8
58,71,11,92,19,64,66,19,47,83
90,86,90,96,43,33,16,29,19,41
58,18,11,92,19,25,66,44,79,83
45,26,50,9,84,34,16,29,12,27
45,86,50,9,84,33,16,29,19,27
58,71,92,96,19,25,91,19,79,83
57,39,92,92,19,64,86,44,16,83
58,71,11,92,19,64,66,94,47,83
25,93,76,64,65,14,3,61,28,32
25,44,76,64,65,14,3,61,35,32
25,73,76,64,56,14,3,61,35,32
58,39,11,96,19,64,86,44,47,83
58,39,92,92,19,75,66,94,47,97
17,37,75,79,53,81,88,82,10,15
92,40,50,66,68,25,99,2,6,20
25,93,20,64,65,14,12,86,35,14
53,86,90,15,43,34,16,29,19,8
25,93,20,13,56,9,12,50,94,32
58,18,92,96,19,64,66,94,47,97
25,73,76,64,45,14,12,50,28,14
48,7,38,54,25,72,16,14,22,77
92,100,50,99,88,25,99,2,6,20
25,73,20,13,56,9,3,86,28,73
45,86,61,9,43,34,16,29,19,27
7,18,11,96,19,64,91,19,79,83
18,5,66,97,70,48,98,96,2,70
58,39,92,96,19,64,66,94,16,97
53,86,90,96,43,33,16,27,19,41
4,35,30,49,44,31,3,94,49,16
73,59,90,72,97,13,5,38,11,83
90,86,61,96,43,34,16,29,12,27
25,73,76,64,56,9,78,86,28,14
95,93,10,20,33,59,90,91,38,99
45,26,90,96,43,34,16,27,19,8
42,5,66,97,53,1,98,19,2,23
7,39,92,92,19,64,86,44,79,83
33,27,32,15,33,7,79,20,68,71
25,44,20,13,45,9,3,86,35,14
57,18,11,92,19,64,91,19,47,83
12,81,63,38,1,99,95,1,42,42
25,73,76,64,65,9,78,61,28,73
25,44,20,13,45,14,78,86,94,32
7,39,92,92,19,25,86,19,47,97
58,71,11,96,19,64,66,94,79,83
25,93,20,64,65,9,3,86,35,73
25,73,20,13,56,14,3,86,35,32
25,44,20,64,45,9,78,61,94,73
57,71,11,96,19,75,91,94,47,97
36,48,77,94,23,73,95,95,13,82
58,18,92,92,19,64,86,44,47,83
53,86,61,9,43,34,16,27,19,41
17,37,75,79,52,81,88,40,24,15
25,73,76,64,45,9,78,50,94,14
25,73,76,13,45,9,78,86,94,32
57,39,11,96,19,25,86,94,16,97
25,44,20,13,45,14,78,61,28,32
25,44,76,13,65,14,78,86,94,32
7,100,50,66,73,25,99,2,93,20
25,44,20,13,45,14,78,61,28,73
25,73,76,64,65,14,3,50,94,32
7,18,11,92,19,75,86,44,47,97
63,22,91,87,59,88,61,100,32,83
58,71,92,92,19,64,91,19,79,83
57,71,11,96,19,64,86,19,47,97
57,18,92,92,19,64,91,19,16,97
63,22,83,95,59,88,60,100,36,14
42,5,66,97,70,1,98,19,2,70
25,93,76,64,65,14,3,86,35,73
57,18,92,96,19,25,86,44,79,97
58,39,11,96,19,75,91,94,79,97
45,36,61,9,84,33,16,29,19,8
58,18,11,92,19,25,66,44,79,97
25,73,76,13,45,14,12,50,35,14
45,26,61,15,43,34,16,29,19,41
25,44,76,13,56,9,3,61,28,32
90,86,90,9,43,33,16,27,19,27
45,26,50,9,43,33,16,29,12,27
50,75,18,8,78,89,33,89,36,34
57,18,92,92,19,75,86,19,79,83
58,18,92,92,19,64,86,94,79,83
57,71,11,96,19,64,91,19,16,83
7,18,92,96,19,75,66,94,16,97
90,36,90,15,84,33,16,29,19,8
90,26,90,96,84,34,16,27,12,27
45,36,90,96,84,33,16,29,19,8
90,26,61,15,84,33,16,27,19,27
25,44,76,13,65,14,3,86,28,32
17,60,56,67,52,72,65,95,54,91
56,81,63,38,37,99,36,96,42,42
7,18,11,96,19,75,86,44,16,97
90,86,61,96,43,34,16,29,12,8
90,86,61,9,84,34,16,27,12,8
57,39,92,92,19,75,66,44,16,97
63,22,83,87,59,88,67,100,32,14
25,44,76,64,65,14,3,50,35,32
25,73,20,13,65,14,12,61,28,32
55,81,63,38,43,49,95,96,32,47
25,44,20,64,65,9,78,86,35,32
57,39,11,96,19,25,91,94,47,83
7,39,11,96,19,75,91,44,79,97
25,73,76,64,56,9,12,86,35,73
73,22,90,72,76,75,5,68,11,83
53,86,90,15,43,33,16,29,19,8
8,63,10,20,33,59,90,91,38,21
58,71,11,92,19,25,86,94,47,97
25,73,20,13,45,14,78,61,35,32
7,40,50,99,88,25,99,23,6,20
58,71,11,96,19,64,86,94,79,83
25,73,20,13,56,9,12,50,94,14
53,26,61,96,84,34,16,29,12,8
25,44,20,64,65,14,78,61,28,14
25,44,76,64,56,9,78,61,28,32
57,18,92,92,19,25,91,94,47,83
45,36,50,9,84,33,16,27,12,41
8,60,77,94,48,10,95,95,13,26
45,86,90,15,84,33,16,27,12,27
58,71,11,96,19,75,91,19,79,97
45,86,61,9,43,34,16,27,19,41
25,73,20,64,45,14,12,61,35,32
58,18,92,92,19,25,86,94,47,97
57,71,92,96,19,75,86,94,79,97
7,100,50,99,88,25,99,23,93,58
7,18,11,92,19,75,66,19,16,97
7,18,92,92,19,64,91,44,79,83
45,86,61,96,84,34,16,27,12,27
92,100,50,66,88,25,99,23,6,20
25,44,76,13,45,9,12,61,35,14
25,93,76,13,56,14,78,61,35,14
25,93,76,64,65,9,78,50,94,32
25,93,76,13,65,9,3,86,94,32
16,35,30,49,44,31,96,94,49,16
90,36,50,15,84,33,16,29,19,41
7,39,11,92,19,64,91,94,16,83
7,40,50,99,88,25,99,2,99,58
25,73,20,64,45,14,78,86,35,73
25,73,76,64,65,9,78,61,28,32
57,18,92,92,19,64,91,44,79,97
33,27,32,15,25,48,79,20,68,71
25,73,20,13,56,14,78,86,94,73
25,93,76,64,45,9,78,61,35,14
57,39,11,92,19,25,66,44,16,83
7,18,92,92,19,64,66,44,47,83
57,71,92,92,19,64,86,19,16,83
33,27,32,91,33,7,79,20,68,71
57,18,92,92,19,75,66,19,79,83
58,71,11,92,19,25,86,19,16,97
25,93,76,13,56,9,78,50,35,73
90,86,50,9,84,33,16,27,12,27
25,73,20,13,56,14,3,61,35,14
58,71,92,96,19,25,86,19,79,97
90,26,50,15,84,33,16,27,19,41
7,39,11,96,19,25,86,44,79,97
25,44,20,13,45,14,78,86,35,73
56,81,63,38,37,99,36,1,42,47
90,36,90,96,84,34,16,27,19,8
25,73,76,13,56,9,12,86,94,14
25,44,76,13,56,9,78,86,94,32
25,44,20,64,65,14,78,61,28,32
17,60,56,67,52,72,34,95,40,91
90,86,50,15,84,33,16,27,19,27
25,44,20,64,56,14,3,50,35,73
53,36,61,96,84,34,16,27,19,8
25,73,76,64,56,9,3,86,35,14
58,39,92,92,19,75,86,94,79,97
73,59,7,72,97,13,5,68,75,83
8,48,77,94,23,10,95,95,55,26
25,73,20,13,65,14,78,61,28,73
63,22,83,87,59,88,61,26,36,14
90,26,50,96,84,33,16,29,19,27
57,39,92,96,19,75,91,19,16,83
95,93,10,20,33,59,90,91,38,21
25,73,20,64,65,14,12,86,28,73
53,36,61,9,84,34,16,29,19,27
58,39,11,96,19,75,86,94,47,97
16,35,30,49,44,84,16,13,49,7
36,60,5,94,79,10,95,99,55,82
7,18,11,92,19,25,86,94,79,83
25,5,20,28,11,21,98,97,6,6
57,18,92,96,19,25,91,19,16,83
45,26,90,9,43,34,16,29,19,8
73,59,12,72,97,13,5,68,75,89
7,18,11,96,19,75,91,94,16,83
7,39,92,96,19,75,91,44,47,97
57,39,92,96,19,25,86,44,16,97
7,71,92,96,19,25,86,44,16,97
7,18,11,92,19,75,86,94,47,83
58,63,10,20,33,59,90,91,38,21
25,73,76,64,65,14,12,86,28,32
90,26,61,9,84,34,16,27,12,27
7,40,50,99,88,25,99,78,99,58
7,18,11,96,19,75,86,19,79,83
7,18,92,96,19,75,86,44,16,83
17,87,91,1,52,72,65,95,54,91
31,37,75,40,53,81,88,82,10,15
7,18,92,92,19,25,91,94,47,83
25,93,76,64,45,9,12,61,94,14
53,86,50,9,84,33,16,27,19,8
53,26,50,96,84,34,16,27,12,27
58,39,92,92,19,64,86,19,79,83
7,39,11,92,19,25,86,44,47,97
7,39,11,96,19,75,86,44,47,83
58,18,92,92,19,25,86,19,47,83
90,36,90,96,84,34,16,29,12,41
90,86,50,9,43,33,16,27,19,8
36,60,5,94,23,10,95,95,13,82
25,73,20,64,65,9,12,50,94,32
7,18,92,92,19,75,66,94,47,83
7,18,11,92,19,64,66,19,16,83
57,39,11,92,19,64,66,94,16,83
90,36,50,15,43,34,16,29,19,41
42,5,66,97,70,99,98,96,2,31
90,26,61,9,84,33,16,27,12,41
90,36,61,96,84,33,16,27,19,27
90,36,90,9,84,33,16,29,19,8
90,86,90,96,43,34,16,29,12,41
25,73,20,64,45,14,12,50,94,14
25,73,76,13,65,9,3,86,35,73
25,44,20,64,45,14,78,86,94,14
90,36,50,15,43,34,16,29,19,8
53,36,90,15,43,34,16,29,19,41
7,39,11,92,19,25,91,94,47,97
25,73,76,64,56,14,3,61,94,32
53,36,61,96,43,33,16,29,19,41
16,35,30,49,90,84,96,13,49,16
25,93,76,64,56,14,78,61,35,73
7,18,92,92,19,25,86,44,47,97
25,44,20,64,65,14,3,50,28,32
4,35,30,14,90,84,16,94,49,7
25,73,76,13,56,14,78,50,28,73
25,93,20,13,65,14,12,61,35,14
25,93,20,13,56,9,78,61,35,14
58,18,92,96,19,75,86,44,79,83
25,44,20,64,45,9,3,50,28,73
18,5,66,38,53,48,98,4,2,31
18,5,66,38,70,99,98,19,2,31
92,100,50,66,68,25,99,2,93,58
25,93,76,13,45,14,78,61,35,32
45,86,90,9,84,34,16,27,12,41
25,73,20,13,56,14,12,86,94,73
90,86,90,9,84,33,16,27,12,41
57,71,11,96,19,64,91,44,16,97
58,18,92,96,19,75,91,94,16,97
73,10,90,72,76,13,5,16,75,89
58,39,92,96,19,25,91,94,16,83
25,93,76,64,56,9,12,86,35,32
45,36,61,9,84,33,16,29,12,41
25,73,20,13,65,9,78,50,35,32
25,73,76,64,45,9,12,61,35,73
55,81,63,38,37,49,95,1,42,21
57,18,11,92,19,75,91,19,16,83
57,18,11,96,19,64,86,19,16,97
7,71,92,96,19,25,66,19,47,97
25,44,76,64,56,14,12,86,28,32
53,36,50,15,43,33,16,27,12,8
90,26,50,96,43,34,16,29,12,27
53,26,61,96,84,34,16,29,12,41
92,100,50,66,88,25,99,23,99,58
90,26,50,9,84,34,16,27,12,8
58,18,11,92,19,75,66,94,16,83
58,63,66,20,33,10,25,91,38,21
25,93,20,13,56,9,12,50,35,73
58,76,10,20,33,10,90,91,38,37
7,71,11,96,19,64,86,94,47,97
95,76,66,20,33,59,25,91,38,21
25,44,76,64,65,9,78,50,28,32
53,86,61,15,84,34,16,29,12,8
45,26,90,15,84,34,16,29,12,41
7,18,92,92,19,25,86,94,79,97
25,44,76,64,65,9,78,86,94,73
53,36,61,96,43,34,16,27,19,27
7,71,92,96,19,25,66,44,16,83
25,73,20,64,65,9,3,50,28,73
90,26,61,15,43,33,16,29,19,8
25,73,20,13,56,9,3,61,35,32
45,86,50,9,84,34,16,29,19,27
42,5,66,97,53,48,98,4,2,70
99,37,75,40,79,42,88,40,10,97
4,35,30,14,90,84,96,94,49,7
25,44,76,64,45,9,78,61,35,73
45,36,50,96,84,33,16,29,12,8
7,18,92,92,19,25,66,44,79,83
25,93,76,13,56,9,12,50,35,14
58,93,66,20,33,10,25,91,38,99
58,18,11,92,19,25,91,94,47,83
56,81,63,38,37,99,95,1,32,21
25,44,20,13,45,14,78,61,94,14
25,44,20,64,56,14,12,50,28,73
42,5,66,97,70,1,37,4,2,70
25,73,20,64,65,9,3,86,28,73
7,39,92,92,19,25,86,44,47,97
58,39,92,92,19,64,91,44,79,97
36,48,77,94,79,73,95,95,13,26
90,36,90,15,84,34,16,27,19,8
17,87,56,1,52,72,57,100,40,91
25,73,20,64,45,9,3,50,35,14
7,71,92,92,19,64,91,94,47,83
35,75,18,8,78,89,39,89,36,34
7,18,11,92,19,64,66,94,47,97
25,93,20,64,45,14,78,61,94,73
73,22,12,72,97,75,5,38,11,83
25,93,76,13,45,14,3,86,35,14
53,36,50,15,84,33,16,27,19,8
57,18,92,92,19,64,86,19,16,83
17,37,75,40,79,42,88,40,10,44
7,18,92,92,19,25,91,94,47,97
7,71,92,96,19,64,66,44,16,97
18,5,66,97,70,48,37,4,2,70
7,18,11,96,19,25,66,44,16,83
90,36,61,9,84,33,16,29,12,8
90,36,90,15,43,33,16,27,19,41
25,93,76,13,45,14,3,50,35,14
57,18,11,92,19,75,66,44,16,83
53,36,61,96,84,33,16,27,19,27
57,71,92,96,19,64,86,94,79,83
73,10,12,72,76,75,5,38,11,83
57,18,92,92,19,25,86,19,79,97
25,44,20,64,45,9,3,61,94,14
25,93,20,64,65,9,12,50,28,73
73,10,7,72,76,75,5,16,11,89
25,44,76,13,45,14,3,86,28,14
57,39,11,92,19,25,91,94,79,83
16,35,30,14,90,73,3,61,49,7
36,60,77,94,48,10,95,95,13,82
58,71,92,92,19,75,66,19,16,97
8,93,66,20,33,10,25,91,38,37
45,36,61,96,43,34,16,27,19,27
92,40,50,66,73,25,99,23,99,58
57,18,11,92,19,75,86,19,79,83
58,71,11,96,19,75,91,44,79,83
25,93,76,64,65,9,12,61,94,32
36,60,77,94,79,73,95,95,55,26
25,93,76,64,56,14,3,61,35,14
25,93,20,64,56,14,12,86,28,73
4,35,30,49,44,31,16,61,49,16
18,5,66,38,53,99,37,4,2,31
73,22,90,72,97,75,5,16,75,83
25,93,20,13,45,14,78,50,35,32
56,81,63,38,43,99,36,96,42,47
53,86,90,15,84,33,16,29,19,27
57,71,11,92,19,64,66,44,16,97
90,36,61,15,43,33,16,29,19,27
64,40,50,66,68,25,99,23,93,20
45,86,61,96,43,33,16,29,19,27
90,26,90,9,84,34,16,27,19,8
58,39,11,92,19,64,86,19,16,97
25,44,76,13,56,14,12,61,35,32
58,18,11,96,19,25,91,44,47,83
58,18,11,96,19,25,91,94,47,83
57,71,92,92,19,75,86,94,79,83
57,71,11,92,19,64,86,19,47,97
25,93,20,64,45,14,78,50,94,14
25,73,76,13,56,9,12,86,94,32
57,71,11,96,19,64,91,94,16,83
25,44,20,64,45,14,78,50,94,14
8,60,5,94,48,10,95,95,13,24
7,71,11,96,19,75,66,19,16,97
17,87,56,67,52,72,34,95,40,91
36,60,77,94,48,10,95,95,55,24
8,60,77,94,23,10,95,95,13,24
25,73,20,64,56,9,12,86,28,32
57,18,11,92,19,64,66,94,16,97
16,35,30,49,44,84,3,94,49,16
56,81,63,38,1,99,36,1,32,42
25,93,20,13,45,9,78,86,94,73
36,48,5,94,23,73,95,99,13,24
53,86,90,9,84,34,16,29,19,41
57,18,11,96,19,75,91,44,16,83
25,44,20,64,45,14,78,86,28,14
57,18,11,92,19,64,86,94,16,83
90,26,50,9,84,33,16,29,12,41
25,73,76,13,65,14,78,50,28,32
7,39,11,92,19,64,66,94,79,97
45,36,61,9,43,34,16,29,12,8
7,18,92,92,19,64,66,94,16,97
25,73,20,64,65,14,78,61,35,32
35,94,18,21,78,89,92,89,89,34
25,93,20,13,45,14,12,61,94,32
87,94,30,68,21,76,33,59,10,66
53,36,50,15,43,33,16,27,19,8
7,71,11,92,19,64,86,94,79,97
7,18,92,92,19,64,86,44,16,83
73,59,12,72,76,75,5,38,75,83
17,87,91,20,52,72,34,95,54,91
90,36,50,15,84,34,16,29,19,27
12,5,13,44,11,21,76,97,6,6
25,93,20,64,65,14,3,50,94,14
25,73,76,64,65,9,12,86,94,32
25,73,20,13,56,9,12,50,28,73
42,5,66,97,70,99,37,19,2,70
57,18,11,96,19,25,91,94,79,83
25,93,20,13,65,9,78,61,28,32
7,39,92,92,19,25,91,19,47,97
45,86,61,96,43,34,16,27,12,8
58,71,92,96,19,64,86,94,47,83
25,44,20,64,45,14,12,50,28,32
8,60,5,94,23,73,95,95,13,24
7,71,11,92,19,75,91,19,16,83
7,71,11,92,19,75,91,19,79,83
25,93,20,64,65,14,12,61,35,32
7,39,92,92,19,75,86,94,16,83
64,100,50,99,68,25,99,2,99,58
7,39,92,92,19,75,66,19,16,83
25,44,76,13,45,14,78,61,94,14
42,5,66,97,53,1,37,4,2,23
25,93,76,64,56,14,12,86,35,32
58,18,92,92,19,75,86,19,16,83
7,40,50,99,88,25,99,78,93,20
25,73,20,64,56,14,78,86,28,14
25,44,76,13,45,9,78,61,28,14
64,40,50,99,88,25,99,23,93,58
45,36,50,9,43,34,16,29,12,41
45,26,61,96,84,34,16,29,19,8
36,48,77,94,48,10,95,99,13,82
45,36,61,9,43,33,16,27,12,27
36,48,5,94,79,10,95,95,55,26
25,93,76,64,56,9,12,50,28,32
7,18,92,92,19,75,66,19,79,83
25,73,76,13,45,14,12,86,28,73
7,71,92,96,19,75,66,94,16,97
57,18,11,92,19,25,86,44,47,97
57,71,11,96,19,64,91,19,16,97
7,18,92,96,19,64,86,44,79,83
25,93,76,13,65,14,78,50,28,32
73,22,12,72,97,75,5,16,75,83
16,35,30,14,90,31,3,94,49,7
25,44,20,64,45,14,78,61,94,14
25,93,20,13,45,9,12,61,94,73
25,44,76,64,65,9,12,61,35,73
53,86,90,9,84,34,16,29,19,27
7,71,92,92,19,64,66,44,79,83
57,18,92,96,19,64,86,94,47,83
45,36,90,15,84,33,16,29,19,41
25,73,76,64,65,14,3,61,35,73
57,39,92,96,19,64,66,44,16,83
90,36,90,96,43,34,16,29,12,27
25,44,76,64,56,9,3,50,28,32
53,26,50,15,84,34,16,27,12,8
58,71,11,96,19,25,66,44,47,97
73,59,12,72,97,13,5,68,11,83
17,60,62,1,52,72,34,100,54,91
25,44,20,13,56,9,78,61,28,73
25,93,20,64,45,14,12,86,94,73
7,18,92,96,19,25,91,94,16,97
7,18,11,96,19,64,86,94,16,83
25,44,20,13,45,9,78,50,35,14
25,73,76,64,56,14,12,50,94,73
58,39,11,92,19,75,66,44,16,97
4,35,30,14,44,84,3,13,49,16
25,73,76,13,65,14,78,61,94,73
90,36,90,9,84,34,16,29,19,41
8,60,5,94,79,10,95,95,55,24
25,44,76,64,56,9,12,61,28,14
7,71,92,92,19,75,86,19,79,97
17,37,75,79,79,81,88,40,10,15
53,36,90,96,43,33,16,27,19,41
45,36,50,96,84,34,16,27,12,27
58,76,10,20,33,59,25,91,38,21
53,26,61,96,43,34,16,27,12,8
25,44,76,13,65,14,3,50,28,14
7,39,92,96,19,25,86,44,16,97
7,18,11,96,19,75,91,44,16,97
7,39,92,96,19,25,86,19,47,83
25,73,20,13,65,9,12,86,35,14
45,86,90,9,43,33,16,29,19,41
25,44,76,64,45,9,78,86,94,32
57,39,92,96,19,64,66,94,79,97
58,71,11,92,19,75,66,44,16,97
25,73,76,64,45,14,3,61,94,14
25,44,20,64,56,14,78,50,94,73
25,44,20,13,56,14,78,50,28,73
25,73,20,64,65,14,78,61,28,32
25,93,20,64,65,14,12,61,94,14
7,71,11,92,19,75,91,44,79,83
8,76,66,20,33,59,90,91,38,21
25,93,76,13,65,9,3,86,35,32
61,5,66,97,53,99,98,96,2,31
58,18,92,92,19,25,86,44,47,83
12,81,63,38,37,49,36,96,32,21
58,93,66,20,33,10,90,91,38,37
31,37,75,79,53,42,88,82,24,97
12,81,63,38,43,99,95,1,42,47
7,18,11,96,19,64,66,94,79,97
53,36,61,9,43,33,16,29,19,41
25,73,20,13,56,9,78,50,94,14
25,73,20,64,56,14,3,50,35,73
25,44,76,13,45,14,12,61,35,14
45,86,50,96,84,33,16,27,19,27
75,27,32,91,33,48,79,20,68,48
25,44,76,13,45,9,3,50,94,73
53,36,61,9,43,34,16,27,19,8
7,39,11,92,19,64,66,44,16,83
25,93,20,64,65,14,3,50,28,14
25,44,76,64,65,14,12,50,94,32
4,35,30,49,90,84,96,13,49,16
73,59,90,72,97,75,5,38,11,89
53,36,61,96,84,34,16,29,19,8
25,44,20,13,45,14,78,50,35,14
25,73,76,13,65,9,78,86,35,32
7,18,92,96,19,64,86,44,47,97
73,10,90,72,76,13,5,38,75,89
57,71,92,96,19,75,86,19,16,83
17,60,56,1,52,72,57,100,54,91
16,35,30,14,90,73,3,94,49,7
25,44,76,64,56,9,78,50,35,73
73,22,12,72,97,13,5,38,11,83
36,60,77,94,23,73,95,99,55,24
18,5,66,38,70,48,37,4,2,70
45,26,61,96,84,34,16,29,19,41
25,93,20,13,56,14,78,86,35,32
12,5,13,28,43,21,98,97,6,33
25,44,20,13,56,14,12,86,28,32
25,93,76,64,65,9,78,86,94,32
25,73,20,64,65,14,78,61,35,73
73,59,12,72,76,13,5,38,75,83
45,86,90,9,43,34,16,29,19,8
58,71,92,92,19,25,91,44,79,83
25,5,85,44,48,21,98,97,6,4
42,5,66,38,70,48,98,19,2,70
73,59,90,72,76,75,5,68,75,89
45,86,90,15,84,33,16,29,12,41
25,73,76,13,56,9,78,86,94,14
57,39,11,92,19,64,86,94,79,83
57,71,11,96,19,25,91,44,16,83
53,26,61,15,84,34,16,29,12,27
45,26,61,96,84,34,16,27,12,8
42,5,66,38,70,48,98,4,2,70
90,36,61,96,43,34,16,29,19,41
42,5,66,38,53,48,37,96,2,23
25,44,76,13,65,14,78,50,28,14
45,86,61,96,43,33,16,27,12,8
7,100,50,66,68,25,99,2,93,58
53,36,61,9,84,33,16,29,12,27
25,93,76,64,65,9,3,50,94,14
57,39,92,96,19,64,86,44,47,83
64,100,50,66,73,25,99,78,99,58
61,5,66,97,53,1,98,19,2,70
25,73,20,13,45,14,12,61,35,73
31,37,75,79,79,42,88,51,10,97
53,36,50,9,84,34,16,29,19,27
25,93,76,64,56,9,78,50,28,73
25,73,20,13,45,14,78,50,28,73
25,73,20,64,65,14,3,50,28,73
73,10,12,72,76,75,5,16,75,89
90,86,61,15,84,34,16,27,19,27
25,44,76,64,56,9,12,50,28,73
57,39,92,92,19,25,91,19,16,97
25,93,20,13,65,14,3,61,35,32
99,37,75,40,53,42,88,40,10,15
58,39,92,96,19,75,86,94,47,83
53,26,61,96,84,34,16,29,19,41
25,44,76,64,65,9,12,61,94,73
45,86,61,96,43,34,16,29,12,41
7,100,50,99,68,25,99,23,93,20
61,5,66,38,53,99,98,96,2,70
25,93,76,13,65,9,78,86,35,73
45,36,61,96,84,34,16,29,12,27
7,71,11,96,19,25,86,19,79,97
25,44,20,13,45,9,3,50,28,14
58,71,11,96,19,25,86,19,79,97
25,44,20,64,65,9,78,86,28,14
8,63,66,20,33,1,90,91,38,37
56,81,63,38,43,49,95,96,32,47
17,37,75,40,52,42,88,51,10,97
90,26,90,9,43,33,16,29,19,41
56,81,63,38,43,99,95,96,42,21
58,71,92,96,19,25,86,19,16,83
57,18,92,92,19,75,66,44,16,83
7,18,92,92,19,25,86,44,16,97
45,26,90,15,43,34,16,29,12,27
18,5,66,38,70,1,98,4,2,70
7,71,11,96,19,75,91,19,79,97
53,86,50,9,43,33,16,27,19,41
58,18,92,96,19,64,66,19,47,83
8,48,5,94,48,73,95,99,13,82
31,37,75,40,53,42,88,40,24,44
25,93,20,13,45,9,3,50,35,14
25,93,20,13,56,9,12,61,28,73
25,44,76,13,45,14,3,61,28,32
25,44,20,13,56,9,78,50,94,14
7,40,50,99,88,25,99,23,6,58
4,35,30,14,90,84,3,94,49,16
53,36,50,9,84,33,16,29,12,27
64,100,50,66,68,25,99,2,93,58
58,39,92,92,19,64,91,19,47,83
36,48,5,94,79,10,95,95,13,24
8,60,77,94,48,10,95,95,55,82
58,18,11,96,19,64,91,94,79,97
35,75,18,21,78,89,92,89,85,34
63,22,74,95,59,88,67,100,32,83
17,37,75,79,53,81,88,40,10,15
25,44,76,13,65,14,12,86,35,32
25,44,20,13,56,14,12,86,35,32
18,5,66,38,53,99,98,4,2,31
25,93,76,13,65,14,78,86,94,32
45,86,61,15,43,34,16,29,19,41
7,39,92,96,19,75,91,44,79,97
25,73,20,64,45,14,12,86,35,14
4,35,30,14,44,84,3,61,49,16
25,93,20,64,56,14,3,50,35,32
45,86,50,15,84,34,16,29,12,41
25,44,20,13,65,14,78,50,35,73
55,81,63,38,37,49,95,96,32,42
53,26,90,9,84,34,16,27,12,41
7,40,50,66,88,25,99,78,6,20
7,18,92,92,19,25,66,94,79,83
45,36,61,15,43,33,16,29,19,8
7,71,92,92,19,25,86,19,47,83
90,26,61,9,43,33,16,29,12,41
25,93,76,13,65,9,3,86,94,14
53,86,90,9,84,34,16,27,19,41
7,18,11,92,19,75,66,19,79,83
7,39,11,96,19,75,86,94,47,97
42,5,66,38,53,48,98,19,2,31
25,73,76,64,65,14,3,50,35,14
57,18,92,92,19,64,86,44,47,97
25,44,76,64,45,14,78,50,28,73
25,44,76,13,56,14,78,61,35,32
69,97,9,46,17,16,100,92,40,85
25,5,85,44,11,21,98,97,6,33
99,37,75,40,52,42,88,82,10,15
7,71,11,92,19,25,86,94,47,83
58,18,92,92,19,64,91,94,79,97
17,60,62,67,52,72,57,100,46,91
63,22,83,87,59,88,67,100,36,14
25,93,76,13,65,9,78,86,28,73
25,93,76,64,56,14,78,61,35,32
25,73,20,13,56,9,3,86,35,14
25,73,20,64,65,9,12,50,28,73
45,36,61,15,84,33,16,27,12,8
25,44,76,64,65,14,78,86,35,73
25,73,76,64,56,9,12,61,94,73
36,60,77,94,23,10,95,99,55,82
45,86,50,9,43,34,16,27,19,27
18,5,66,38,70,99,98,4,2,31
7,18,11,92,19,75,86,19,79,97
7,18,92,92,19,64,66,19,79,97
69,97,3,46,39,16,100,92,40,85
57,71,11,92,19,64,86,94,47,83
7,18,92,96,19,75,86,94,79,83
25,5,85,44,11,21,76,97,6,6
25,93,20,13,56,14,78,50,94,73
25,93,76,13,56,14,78,50,35,14
45,26,90,9,43,34,16,27,19,41
12,81,63,38,43,99,36,96,42,47
53,36,90,15,84,33,16,29,19,27
90,36,50,9,84,33,16,27,19,27
72,49,27,36,22,43,79,84,95,53
58,39,11,96,19,25,86,94,79,97
73,22,90,72,97,75,5,38,75,89
25,93,76,64,45,14,78,50,28,32
57,18,92,92,19,25,66,44,47,97
75,27,32,91,25,48,8,20,68,71
17,37,75,79,52,81,88,82,10,15
57,39,11,96,19,75,91,19,47,83
25,93,20,64,56,9,3,86,28,14
7,18,92,96,19,25,86,19,79,97
45,86,61,96,43,33,16,27,19,8
7,71,92,92,19,64,86,44,47,83
25,93,76,13,56,9,3,61,94,14
53,26,61,9,84,33,16,29,12,27
90,36,50,9,84,33,16,29,12,8
7,18,11,92,19,25,91,44,16,83
58,39,92,92,19,75,86,44,47,83
8,60,77,94,79,73,95,99,13,82
25,44,76,13,45,14,12,61,35,73
58,39,11,92,19,75,91,44,16,97
58,76,66,20,33,59,25,91,38,99
25,44,76,13,45,9,3,86,35,73
8,48,5,94,23,10,95,99,13,26
7,39,11,92,19,75,91,44,47,83
58,18,92,92,19,64,66,94,47,97
64,40,50,66,73,25,99,23,93,58
57,71,92,92,19,75,66,44,79,97
25,73,20,64,56,9,3,61,35,73
18,5,66,97,53,48,98,96,2,23
55,81,63,38,37,49,36,1,42,21
25,93,76,64,56,14,12,50,94,73
61,5,66,38,70,1,98,96,2,70
90,86,90,15,43,33,16,29,12,8
45,26,61,9,84,34,16,27,12,27
69,97,3,46,39,95,41,92,40,85
25,93,76,64,45,9,3,61,35,73
58,71,11,96,19,64,66,44,47,97
25,93,20,64,45,14,12,61,35,73
25,73,76,64,65,14,12,61,94,14
25,93,20,64,56,14,12,50,94,14
99,37,75,79,53,81,88,82,10,15
73,22,7,72,97,75,5,38,11,83
57,39,92,92,19,64,91,94,16,83
53,86,61,9,84,33,16,27,19,41
25,44,76,13,45,9,78,50,94,14
25,93,20,13,65,14,12,61,35,73
25,44,20,64,45,9,3,61,28,73
7,71,11,92,19,25,86,44,79,97
90,86,90,96,84,33,16,29,12,8
58,18,11,92,19,25,86,44,16,97
57,18,11,92,19,25,86,19,16,83
25,44,76,13,56,14,78,86,94,14
31,37,75,40,79,42,88,51,10,15
90,26,50,9,43,34,16,29,12,8
45,36,61,9,84,33,16,29,12,8
12,81,63,38,1,49,36,1,32,42
57,39,92,92,19,75,86,94,79,97
45,86,90,96,43,34,16,27,19,27
53,86,50,15,43,34,16,27,12,41
36,60,5,94,48,10,95,95,13,24
18,5,66,97,53,99,98,19,2,70
57,18,92,92,19,25,86,94,16,83
57,71,11,92,19,64,86,94,79,83
58,71,92,92,19,64,86,19,79,83
7,71,92,92,19,64,66,19,79,83
53,36,90,9,84,33,16,29,12,41
90,26,50,15,43,34,16,29,12,41
25,93,76,13,56,9,12,61,28,73
90,86,50,9,84,34,16,29,12,27
58,39,11,96,19,64,86,94,16,83
53,86,90,96,84,34,16,29,19,41
7,18,11,92,19,25,86,19,79,83
18,5,66,97,70,1,98,19,2,70
8,60,5,94,79,73,95,95,55,26
25,93,76,64,65,14,12,61,28,14
58,71,92,96,19,25,66,44,47,83
57,18,92,96,19,25,91,44,16,97
25,93,76,13,56,14,3,50,28,14
25,93,20,13,45,9,78,86,35,73
61,5,66,38,70,48,37,96,2,31
25,93,20,64,56,14,12,50,94,73
58,18,92,96,19,25,66,94,47,83
25,93,76,13,56,9,78,50,35,14
25,93,76,64,65,14,3,86,28,73
25,44,76,64,65,14,78,50,35,73
58,71,11,92,19,75,91,19,79,97
58,71,11,96,19,25,66,19,79,97
45,26,61,9,84,34,16,27,12,41
57,71,11,96,19,75,86,19,16,83
25,73,20,13,65,9,3,86,35,73
90,36,61,96,84,34,16,29,19,41
4,35,30,14,90,84,96,13,49,16
64,100,50,66,68,25,99,2,6,20
61,5,66,97,70,99,37,96,2,70
57,39,92,92,19,75,86,44,47,83
53,86,50,15,84,34,16,27,12,27
16,35,30,14,44,31,3,61,49,7
58,39,11,92,19,25,66,19,47,83
25,44,20,64,65,9,12,50,35,32
87,97,3,46,17,16,100,92,40,85
25,73,76,64,65,14,12,61,28,73
16,35,30,49,90,84,3,61,49,16
31,37,75,79,79,81,88,40,24,44
57,39,92,92,19,64,91,94,16,97
25,73,76,13,45,14,78,61,94,73
90,86,50,9,43,34,16,27,12,27
90,26,90,15,43,34,16,27,19,8
57,71,92,92,19,75,86,44,47,83
64,100,50,99,68,25,99,23,6,58
25,93,76,64,56,14,12,50,28,73
25,44,20,13,56,9,78,61,35,32
45,36,61,15,84,33,16,27,19,8
58,39,92,92,19,64,86,94,16,83
57,18,11,92,19,25,66,94,47,97
25,44,20,64,45,9,3,50,94,14
36,48,5,94,48,73,95,99,13,26
25,73,20,64,65,14,3,86,28,73
53,36,61,9,84,33,16,29,12,41
58,71,92,92,19,75,91,94,47,83
25,73,76,13,45,14,12,86,28,14
25,5,20,28,48,21,76,97,6,6
7,39,92,92,19,64,91,94,16,83
25,73,76,64,56,9,78,61,35,32
61,5,66,97,70,1,98,96,2,23
17,60,62,67,52,72,65,95,40,91
25,93,76,13,56,14,3,61,35,14
53,26,61,15,84,33,16,27,12,8
58,71,92,96,19,75,86,44,79,83
16,35,30,14,90,84,16,13,49,7
25,44,76,13,56,9,3,50,94,73
18,5,66,38,53,99,98,19,2,23
57,18,11,96,19,25,91,19,47,83
25,44,76,64,56,14,3,86,94,32
7,39,11,96,19,25,66,94,16,83
95,93,66,20,33,1,25,91,38,37
53,86,90,96,43,33,16,29,19,27
36,48,5,94,48,10,95,95,55,82
4,35,30,49,44,84,16,61,49,16
25,73,20,64,56,9,12,50,94,14
25,93,76,64,45,9,12,86,35,73
58,18,92,96,19,64,66,19,79,83
7,71,92,96,19,25,91,44,16,97
57,71,92,96,19,64,66,94,47,97
25,44,20,13,45,14,78,86,35,14
58,39,92,92,19,64,91,44,47,83
98,7,38,54,30,72,16,14,22,77
7,39,11,96,19,75,91,94,16,83
25,44,76,13,45,9,12,86,28,14
58,18,92,92,19,64,91,19,79,97
73,10,90,72,97,75,5,16,75,83
45,86,61,96,43,34,16,29,12,8
53,86,50,9,84,34,16,27,19,27
25,44,76,13,45,14,12,61,35,32
53,36,50,9,43,33,16,29,12,27
57,18,92,96,19,25,66,44,47,97
7,18,92,92,19,75,91,19,79,83
8,48,5,94,23,73,95,99,55,26
17,87,62,1,52,72,57,100,46,91
7,71,11,96,19,25,91,44,16,97
7,18,11,96,19,64,91,44,47,83
25,93,20,13,65,14,12,86,28,14
16,35,30,14,44,84,16,13,49,16
45,36,90,15,84,33,16,27,19,27
25,93,76,13,65,14,3,86,94,73
25,93,20,13,65,9,12,50,94,14
57,18,92,92,19,64,66,19,79,97
57,18,11,92,19,75,91,44,79,97
53,36,90,15,43,33,16,27,12,27
25,73,76,64,56,14,12,86,28,32
57,39,92,96,19,25,91,19,79,83
12,81,63,38,1,99,36,1,32,42
25,44,76,13,45,14,3,50,35,14
25,44,76,13,56,9,3,61,28,73
58,18,11,96,19,75,86,94,16,97
25,44,76,64,56,14,12,50,28,32
58,76,10,20,33,59,90,91,38,21
58,71,11,92,19,25,66,44,16,83
7,71,92,96,19,75,91,94,16,83
7,39,92,96,19,25,86,94,79,83
12,81,63,38,43,49,95,1,42,47
57,39,11,96,19,64,86,44,16,83
57,71,92,92,19,64,86,44,47,97
25,93,76,64,56,9,78,86,28,32
7,18,92,96,19,75,86,44,79,83
57,71,11,92,19,75,86,19,47,97
25,73,76,13,65,9,3,61,35,73
25,44,20,13,56,14,3,61,94,14
58,39,92,92,19,64,66,94,47,97
90,26,90,15,84,34,16,29,12,41
17,87,56,67,52,72,34,100,54,91
25,93,76,13,65,14,3,61,94,73
25,44,76,13,45,9,3,50,35,14
45,36,90,9,84,33,16,29,19,27
25,73,20,13,56,14,3,86,28,73
90,26,61,15,43,33,16,27,19,41
7,39,92,96,19,64,91,19,16,83
25,44,20,64,45,9,78,86,35,14
73,10,90,72,76,75,5,16,75,83
7,39,92,96,19,75,66,94,79,97
25,44,76,64,56,9,3,61,35,73
57,71,11,92,19,75,91,19,79,83
45,26,61,9,43,33,16,29,19,8
25,93,76,13,45,14,3,86,28,73
25,73,76,64,65,14,78,50,35,14
25,73,76,13,56,14,78,86,35,32
25,44,76,13,56,14,3,61,35,73
53,26,50,9,43,33,16,29,19,8
92,100,50,99,88,25,99,2,99,20
53,26,90,9,84,33,16,29,19,27
42,5,66,38,53,1,98,96,2,23
57,18,11,92,19,25,66,94,79,83
90,86,61,96,43,33,16,27,19,27
25,93,20,64,45,14,12,50,94,14
45,86,61,15,43,33,16,29,19,41
25,73,76,13,56,9,78,50,94,73
53,86,61,96,43,34,16,29,12,41
57,18,11,96,19,75,86,44,47,83
58,39,11,96,19,75,91,44,79,83
53,26,61,9,43,34,16,29,12,41
99,37,75,79,53,42,88,40,24,44
25,93,20,13,65,9,3,86,28,14
25,93,20,64,56,14,3,86,35,32
75,27,32,65,25,7,8,20,68,48
58,18,11,96,19,25,91,19,47,83
7,39,11,96,19,25,86,19,47,97
25,73,76,64,45,14,12,50,94,32
45,86,90,96,43,33,16,27,19,27
25,73,20,13,65,14,3,61,94,73
58,18,11,96,19,75,86,94,79,97
4,35,30,49,44,73,96,13,49,16
58,18,92,96,19,75,66,94,79,83
57,71,11,96,19,64,66,44,47,83
99,37,75,79,53,81,88,51,10,44
45,86,90,15,43,33,16,29,12,8
7,18,11,96,19,75,66,44,47,97
17,37,75,40,79,81,88,51,24,97
25,44,76,64,56,9,12,50,94,73
99,37,75,79,79,81,88,51,24,44
25,73,20,64,65,14,78,50,28,73
7,71,11,96,19,25,91,94,16,97
7,39,11,96,19,64,66,19,47,83
25,73,76,13,56,9,78,86,94,32
58,39,92,92,19,64,91,44,16,83
64,100,50,99,88,25,99,2,6,58
25,44,76,64,45,14,12,61,94,32
56,81,63,38,1,49,36,96,42,42
58,71,11,96,19,75,91,19,47,83
8,48,77,94,48,73,95,95,55,82
56,81,63,38,43,99,36,96,32,42
64,40,50,99,73,25,99,2,93,58
7,71,92,96,19,64,91,19,16,97
58,39,11,96,19,25,66,44,16,97
99,37,75,40,79,42,88,82,10,15
7,71,11,96,19,25,66,94,16,83
73,22,7,72,97,13,5,16,75,89
25,93,20,64,56,14,12,86,35,14
7,18,92,96,19,64,91,94,79,97
8,60,77,94,23,73,95,99,55,26
58,39,92,92,19,75,86,44,79,83
25,73,76,64,56,14,78,61,94,14
25,73,20,13,56,9,78,61,35,73
25,93,20,13,56,14,78,61,35,32
45,26,90,9,84,34,16,29,12,8
55,81,63,38,37,99,95,1,32,47
36,60,77,94,79,73,95,95,55,24
53,36,61,15,43,33,16,29,12,41
12,81,63,38,43,99,95,96,32,47
58,71,92,96,19,64,86,44,16,97
25,73,20,13,65,9,12,61,94,14
25,44,76,13,65,9,12,86,94,14
57,18,11,92,19,75,86,44,16,83
64,40,50,66,73,25,99,78,99,58
57,18,11,92,19,75,86,19,47,83
25,73,76,13,65,9,3,50,28,73
57,39,92,92,19,75,66,44,47,83
25,44,76,64,65,9,78,86,28,14
25,44,76,64,45,14,12,50,94,73
45,86,61,96,84,34,16,27,19,41
92,100,50,99,73,25,99,2,6,20
25,73,76,13,45,14,12,50,94,14
75,27,32,91,33,67,8,20,68,48
61,5,66,38,70,48,98,4,2,23
25,93,76,13,65,9,3,61,35,73
7,39,11,92,19,25,91,19,79,97
57,39,11,92,19,75,91,19,16,83
57,71,92,92,19,75,86,44,47,97
58,39,11,92,19,64,91,94,47,83
42,5,66,97,70,99,37,19,2,23
99,37,75,79,53,42,88,40,10,44
31,37,75,40,52,42,88,51,24,97
53,36,61,15,84,34,16,29,12,8
36,48,5,94,23,73,95,99,13,26
25,73,20,64,45,9,3,50,35,73
90,36,90,15,43,34,16,29,19,41
45,36,61,96,84,34,16,29,12,8
36,60,77,94,79,10,95,95,55,24
57,71,92,92,19,75,91,94,16,97
99,37,75,40,53,42,88,82,24,15
25,44,76,13,45,14,78,86,35,32
45,26,50,15,84,33,16,29,12,41
57,71,11,92,19,64,66,94,47,83
25,44,76,64,56,14,3,61,35,32
25,5,13,44,48,21,76,97,6,6
25,73,76,13,56,9,12,50,94,32
58,71,11,92,19,75,91,19,47,83
57,18,11,92,19,64,91,94,47,83
58,18,11,92,19,75,66,19,47,97
57,18,92,96,19,25,66,19,47,83
31,37,75,40,52,81,88,40,10,15
73,59,12,72,76,13,5,16,75,89
25,44,76,64,65,9,78,86,35,73
57,71,11,92,19,25,91,19,47,83
53,36,90,96,43,33,16,29,12,41
64,100,50,66,73,25,99,78,6,20
50,75,18,77,78,89,39,89,85,34
8,60,5,94,79,10,95,99,55,24
58,71,92,92,19,75,91,19,16,83
25,93,76,13,45,9,78,61,94,73
25,93,76,64,45,9,12,50,28,73
90,36,61,9,43,34,16,27,12,27
25,44,20,13,45,14,3,61,35,73
99,37,75,79,79,42,88,51,24,97
25,44,76,64,56,9,12,50,94,32
7,39,92,92,19,75,86,19,16,83
58,71,92,92,19,64,86,44,47,83
53,86,61,15,43,34,16,27,12,27
45,36,50,9,43,33,16,29,19,41
53,26,61,96,84,33,16,27,12,8
57,18,11,92,19,64,91,19,79,97
7,71,11,92,19,25,86,94,79,97
45,26,90,15,43,33,16,27,12,27
7,39,11,96,19,75,66,94,79,83
25,44,20,13,56,14,12,50,35,32
7,71,92,96,19,25,66,44,79,83
61,5,66,38,70,48,98,96,2,31
25,73,20,13,65,9,78,86,35,73
25,93,20,13,56,14,78,61,28,32
25,44,76,64,65,9,3,50,28,14
58,39,11,96,19,75,91,19,79,97
57,18,92,92,19,64,66,44,79,83
73,59,12,72,97,75,5,16,75,89
25,44,20,13,56,14,3,61,35,32
7,39,92,96,19,64,66,44,47,83
25,93,20,64,56,9,12,86,35,32
58,39,11,92,19,75,91,94,79,97
90,36,50,96,84,34,16,27,12,27
25,93,20,13,65,14,3,61,94,32
53,26,90,15,84,34,16,27,12,41
57,71,92,96,19,25,91,19,16,83
8,60,5,94,23,10,95,95,13,26
69,97,3,46,17,16,78,92,40,85
57,71,92,96,19,64,86,44,47,97
56,81,63,38,1,49,95,1,42,42
25,93,20,13,45,14,12,61,94,14
36,48,5,94,48,73,95,95,55,82
8,48,77,94,79,10,95,95,13,24
57,39,92,96,19,25,91,94,47,97
25,5,20,28,43,21,76,97,6,4
7,71,92,92,19,25,66,44,47,83
50,75,18,21,78,89,33,89,85,34
64,40,50,99,73,25,99,23,99,58
16,35,30,14,90,84,16,94,49,7
25,93,76,64,45,14,78,86,94,14
58,18,11,96,19,25,66,44,79,83
58,18,92,92,19,25,91,44,16,97
7,71,11,92,19,75,86,19,79,83
56,81,63,38,37,99,36,96,32,21
57,18,11,92,19,64,66,44,47,97
57,71,11,92,19,75,86,44,16,83
25,93,20,64,45,14,12,50,94,32
25,93,76,64,65,14,78,50,35,73
90,36,61,9,84,34,16,29,19,27
36,48,5,94,23,10,95,95,13,26
57,18,11,96,19,64,91,94,16,83
25,73,20,64,65,9,78,61,94,14
7,40,50,66,88,25,99,2,93,20
92,40,50,66,68,25,99,78,6,20
58,18,11,92,19,25,66,19,79,97
57,18,11,96,19,75,86,94,79,97
58,76,10,20,33,59,90,91,38,37
56,81,63,38,37,99,95,1,42,21
92,40,50,66,73,25,99,23,6,20
56,81,63,38,37,49,36,96,42,47
25,73,76,13,56,14,78,50,28,14
25,44,20,13,45,14,3,50,35,32
45,36,61,15,43,34,16,27,19,41
57,71,11,92,19,75,91,44,47,97
4,35,30,49,44,84,3,94,49,16
25,73,20,64,56,9,3,86,28,14
57,18,92,92,19,64,66,19,16,97
58,18,92,92,19,25,91,94,79,83
61,5,66,97,70,99,98,19,2,23
53,36,50,15,84,34,16,29,19,27
7,71,92,96,19,64,91,19,16,83
57,71,11,92,19,64,91,44,47,83
57,18,92,92,19,25,91,19,47,83
55,81,63,38,43,99,36,1,42,42
17,37,75,40,53,81,88,82,10,44
45,26,61,15,43,33,16,27,12,27
45,36,61,9,43,34,16,27,19,41
99,37,75,40,52,42,88,82,24,44
73,22,90,72,76,13,5,16,75,83
45,86,90,15,84,33,16,27,19,41
90,86,61,9,84,34,16,27,19,8
25,73,20,64,65,14,12,61,35,73
25,93,76,64,56,9,12,86,94,14
17,37,75,40,79,42,88,82,24,97
7,71,92,92,19,25,86,94,16,97
25,93,76,64,56,9,78,86,28,73
73,10,7,72,76,75,5,38,75,83
92,40,50,99,88,25,99,23,93,58
8,60,5,94,79,10,95,95,13,82
64,100,50,99,88,25,99,2,99,58
53,86,90,9,84,33,16,29,12,8
45,36,61,96,84,34,16,27,19,8
8,48,5,94,79,10,95,99,13,24
25,73,20,64,45,9,12,61,28,73
92,40,50,99,68,25,99,78,99,58
18,5,66,97,70,48,37,19,2,70
57,18,92,96,19,25,86,19,16,97
58,71,11,92,19,64,91,19,16,97
90,26,90,9,84,34,16,29,19,41
7,71,11,96,19,64,91,94,16,83
61,5,66,97,70,48,98,96,2,31
45,36,61,96,43,34,16,29,19,27
73,10,12,72,76,13,5,68,75,83
7,71,11,96,19,25,86,44,16,97
25,73,20,64,56,9,3,50,35,73
25,93,76,64,56,14,78,86,94,14
53,86,90,15,43,34,16,29,12,8
25,44,20,13,56,9,12,61,28,73
53,86,50,96,84,34,16,27,12,8
25,93,76,64,56,9,12,86,35,73
72,49,27,37,22,43,79,84,95,53
90,26,61,15,43,33,16,27,12,41
12,81,63,38,43,49,36,96,42,21
53,86,61,96,84,34,16,29,12,8
4,35,30,49,44,73,3,94,49,16
25,44,76,13,56,9,3,61,94,14
31,37,75,40,53,42,88,51,10,97
8,60,77,94,48,73,95,99,13,26
25,93,76,64,56,9,78,50,28,32
8,48,5,94,23,10,95,95,55,26
25,73,76,13,56,9,78,50,94,14
45,36,90,15,43,33,16,29,19,27
25,44,20,13,56,9,3,61,35,73
58,39,11,92,19,25,66,44,47,97
25,73,76,13,45,14,12,50,28,32
42,5,66,97,53,1,37,19,2,70
25,73,76,13,45,14,12,61,28,32
8,93,66,20,33,1,25,91,38,99
17,37,75,40,53,81,88,40,10,97
57,71,92,96,19,25,91,19,47,97
58,18,11,92,19,75,66,44,79,83
58,39,11,96,19,75,91,94,16,83
7,40,50,66,68,25,99,78,6,58
75,27,32,15,25,7,79,20,68,71
58,39,11,92,19,25,86,19,16,97
17,37,75,40,52,42,88,82,10,97
25,5,85,44,48,21,98,97,6,6
73,22,90,72,76,75,5,38,11,89
42,5,66,38,53,99,98,96,2,70
57,39,11,96,19,64,66,94,47,83
25,93,20,13,65,14,78,50,94,32
25,44,76,64,45,14,78,61,28,73
53,26,90,9,43,33,16,29,19,41
90,26,90,9,43,34,16,27,19,8
58,39,11,96,19,75,66,44,16,83
7,18,92,92,19,64,91,94,79,83
25,93,20,64,45,14,3,50,35,73
90,36,90,9,84,33,16,27,19,27
12,5,85,44,48,21,98,97,6,4
8,93,10,20,33,10,25,91,38,37
25,44,20,13,65,9,3,86,94,32
90,26,61,96,84,33,16,29,19,8
25,73,20,13,56,9,12,61,28,73
90,86,90,15,84,34,16,27,12,41
57,39,11,96,19,64,91,19,79,97
7,71,11,92,19,64,66,19,47,83
90,36,61,96,43,33,16,29,19,41
25,44,20,64,65,14,12,86,35,14
25,73,76,13,45,9,3,61,35,14
25,93,76,64,65,9,3,86,35,14
25,73,20,13,56,9,3,61,35,73
35,91,18,77,78,89,33,89,36,34
25,73,20,64,45,9,12,86,94,73
90,26,61,96,84,33,16,29,19,27
57,39,92,92,19,25,91,44,79,97
53,26,90,15,43,33,16,27,19,41
45,26,50,15,43,33,16,27,19,41
4,35,30,49,90,73,96,61,49,16
25,73,76,13,56,14,3,61,35,14
25,73,76,64,45,9,3,86,35,14
58,18,11,92,19,25,66,44,16,97
25,93,20,13,45,14,78,50,28,32
57,39,11,96,19,64,91,44,79,83
7,71,92,96,19,25,86,19,79,83
36,48,77,94,23,73,95,99,55,82
7,39,92,96,19,25,66,19,47,83
58,18,92,92,19,75,86,19,79,97
25,93,76,13,56,9,78,61,94,14
58,18,11,96,19,75,86,19,47,97
31,37,75,40,52,42,88,40,10,15
25,44,20,64,56,14,3,61,94,32
17,37,75,40,53,42,88,51,24,97
25,44,20,64,65,9,3,50,94,73
57,39,92,96,19,64,91,94,16,97
7,18,92,92,19,25,66,44,47,83
25,73,20,13,45,9,12,61,28,14
25,73,20,13,65,14,3,86,94,14
90,36,61,96,43,33,16,27,12,8
53,26,61,96,43,34,16,29,19,8
57,71,11,92,19,64,91,19,47,97
99,37,75,79,53,81,88,51,24,15
25,44,76,64,65,14,12,86,35,73
42,5,66,38,53,99,98,96,2,23
25,73,20,13,56,14,12,61,94,32
45,86,61,9,84,33,16,29,12,41
58,71,11,96,19,75,91,94,16,97
7,40,50,99,68,25,99,23,93,20
45,86,90,15,84,34,16,27,19,27
25,73,76,64,45,9,78,61,94,73
25,44,20,13,45,14,3,50,94,14
58,18,11,92,19,75,86,44,16,97
25,73,20,13,45,9,78,61,94,14
25,44,20,64,45,9,3,50,94,73
4,35,30,49,44,73,16,94,49,7
25,44,20,64,65,14,12,86,28,73
92,100,50,99,88,25,99,78,6,20
57,39,11,92,19,75,66,19,47,83
57,18,11,92,19,25,91,19,16,83
17,37,75,40,79,81,88,51,10,44
53,86,90,96,84,34,16,29,19,8
25,44,76,64,56,14,78,86,94,14
7,39,92,96,19,75,66,19,47,83
57,39,11,96,19,64,86,94,47,83
25,73,76,64,56,9,78,86,35,14
25,44,76,64,56,9,12,61,35,73
63,22,74,95,59,88,61,26,32,83
57,18,11,96,19,64,66,19,47,83
57,39,92,96,19,25,86,19,47,97
58,18,92,96,19,64,66,94,16,97
42,5,66,38,53,48,37,19,2,23
57,39,11,96,19,75,66,94,79,83
90,26,90,96,84,33,16,29,19,8
25,73,76,64,56,14,12,61,94,32
25,73,20,64,65,14,3,50,35,32
57,18,92,96,19,75,91,94,79,83
90,86,50,96,84,33,16,27,12,27
25,93,76,64,56,9,3,50,35,32
25,73,20,64,56,14,3,86,28,14
90,26,50,15,43,33,16,29,19,8
25,44,76,13,56,9,12,61,94,73
56,81,63,38,37,49,95,96,32,21
58,63,66,20,33,59,25,91,38,21
7,71,92,96,19,64,66,44,16,83
7,71,11,92,19,75,86,94,47,83
90,36,61,96,43,33,16,27,19,27
7,18,92,96,19,25,86,19,16,83
17,87,62,67,52,72,57,100,40,91
7,71,92,92,19,25,66,94,79,97
58,71,92,92,19,64,66,19,79,97
57,71,11,92,19,64,91,19,47,83
17,60,91,67,52,72,65,95,40,91
57,18,92,92,19,75,91,94,47,97
90,26,61,15,43,34,16,27,19,8
25,73,76,64,65,9,12,61,94,32
45,36,61,9,84,34,16,27,19,41
90,86,90,9,43,34,16,27,12,8
90,26,90,15,84,33,16,29,12,41
45,26,61,96,43,34,16,29,19,8
90,36,50,96,43,33,16,29,19,41
25,44,20,13,65,9,3,61,35,14
18,5,66,97,70,99,98,19,2,31
25,93,20,64,65,14,12,61,28,73
25,93,20,13,45,14,78,61,28,73
4,35,30,14,44,84,16,61,49,16
57,71,92,92,19,64,66,94,47,97
42,5,66,38,70,48,37,19,2,70
58,71,92,96,19,75,86,19,16,83
25,93,76,13,65,9,12,61,35,73
58,39,92,96,19,75,66,44,47,97
53,36,90,96,43,33,16,29,19,8
25,44,20,13,45,14,3,86,94,73
57,71,92,92,19,25,91,94,16,83
7,71,11,92,19,64,91,19,16,97
25,44,76,64,45,9,12,61,94,32
57,39,92,92,19,75,86,19,47,97
25,73,20,64,65,14,78,61,94,14
25,5,13,28,43,21,98,97,6,4
53,86,50,96,43,33,16,29,12,8
25,44,20,64,56,9,78,61,28,73
25,73,76,13,56,14,3,86,35,14
25,44,20,13,45,14,12,61,94,73
25,44,20,64,56,9,3,86,35,32
25,44,76,64,45,9,12,50,28,32
25,73,76,13,56,14,12,50,28,14
25,73,76,13,65,9,78,50,28,14
57,18,92,92,19,25,86,44,47,97
58,93,10,20,33,59,25,91,38,21
25,44,76,64,45,9,3,61,28,32
58,18,92,96,19,75,66,94,79,97
58,39,92,92,19,75,91,19,47,83
25,73,76,13,56,14,78,61,94,32
57,18,92,96,19,75,86,44,79,97
57,18,92,92,19,75,91,44,16,97
90,26,90,96,43,33,16,29,19,8
7,71,11,92,19,75,66,44,16,97
58,71,92,92,19,64,66,44,79,83
17,37,75,40,52,81,88,82,24,15
45,36,50,9,43,34,16,27,19,8
90,26,50,96,43,33,16,27,12,8
42,5,66,38,70,1,98,4,2,70
57,71,11,96,19,75,66,94,16,97
31,37,75,79,53,42,88,51,10,97
25,44,76,64,65,9,3,86,94,14
31,37,75,40,79,81,88,82,24,97
57,18,11,96,19,64,91,19,79,97
7,18,92,96,19,75,86,19,79,97
53,26,50,9,43,33,16,29,12,8
57,18,11,96,19,25,91,44,47,97
33,27,32,65,33,7,8,20,68,71
17,37,75,40,53,42,88,40,10,15
45,26,50,15,43,33,16,27,12,8
57,71,11,96,19,25,91,19,16,83
25,44,20,64,45,9,12,86,28,14
7,71,11,96,19,25,86,94,16,83
16,35,30,49,90,84,96,61,49,16
45,36,61,9,84,34,16,27,12,41
73,10,7,72,76,13,5,38,75,89
53,36,50,15,84,33,16,29,19,41
58,71,92,96,19,64,66,19,16,97
57,39,11,96,19,75,86,94,79,97
53,86,50,9,43,33,16,27,19,27
7,71,11,92,19,64,66,44,79,83
57,39,11,96,19,64,66,44,16,83
58,39,11,92,19,25,91,94,16,97
25,44,20,13,65,14,3,50,28,32
53,36,61,96,84,33,16,27,12,27
12,5,20,28,48,21,98,97,6,33
7,40,50,66,68,25,99,78,6,20
7,18,92,92,19,75,91,44,47,83
58,71,11,96,19,25,86,94,47,83
57,39,11,92,19,75,66,44,16,83
25,93,20,64,65,9,3,86,35,14
25,93,76,64,56,14,78,86,94,32
90,26,61,15,43,33,16,29,12,41
57,39,11,96,19,64,66,94,16,83
90,86,61,96,43,34,16,27,12,41
45,36,50,15,43,33,16,29,12,27
7,71,11,92,19,25,91,44,47,83
7,18,11,96,19,25,86,94,79,97
57,39,92,92,19,25,66,44,79,83
7,71,11,92,19,64,86,19,79,83
58,18,92,92,19,25,66,94,16,97
90,36,90,9,43,33,16,29,12,8
45,26,50,9,43,34,16,29,12,27
25,73,76,13,65,9,12,50,28,14
73,10,90,72,97,13,5,16,11,83
25,93,76,13,65,14,12,86,28,73
53,86,50,96,84,34,16,29,12,41
7,100,50,66,68,25,99,23,99,58
53,86,90,9,43,34,16,27,19,41
25,44,20,13,56,14,78,50,28,14
53,86,50,9,43,33,16,29,12,27
7,18,92,96,19,64,91,44,47,97
16,35,30,14,44,31,16,94,49,7
57,18,11,96,19,75,66,94,47,97
25,93,76,13,56,9,78,61,94,73
7,18,11,96,19,64,91,19,79,97
25,73,20,13,45,9,78,86,28,14
45,26,61,15,43,34,16,29,19,27
57,39,92,96,19,75,66,19,79,83
55,81,63,38,1,99,36,1,32,47
25,73,76,13,56,9,12,50,28,32
90,26,90,96,43,34,16,29,12,8
58,71,11,96,19,25,91,94,16,97
99,37,75,40,53,81,88,40,10,97
25,73,76,64,65,14,12,86,94,32
35,94,18,21,78,89,92,89,85,34
53,26,90,9,84,34,16,27,19,41
25,73,76,64,45,9,12,86,28,32
25,93,20,64,65,14,78,61,94,14
25,44,76,64,45,9,78,86,94,14
25,44,76,13,65,14,12,86,35,14
45,26,90,9,84,33,16,29,12,8
57,39,92,92,19,75,91,94,47,83
58,39,11,92,19,25,91,44,16,83
53,26,90,15,43,33,16,29,12,8
25,44,20,13,45,9,12,50,94,32
56,81,63,38,43,49,95,1,42,47
58,71,11,92,19,64,66,44,79,83
25,73,76,13,45,9,3,50,28,32
58,18,11,92,19,64,66,44,16,83
45,86,90,96,84,33,16,29,12,27
53,86,90,9,43,34,16,29,19,8
58,39,11,92,19,75,66,94,79,97
8,63,10,20,33,10,90,91,38,21
25,44,76,13,56,14,12,61,94,73
7,18,92,96,19,64,91,94,47,97
90,26,61,9,84,34,16,29,19,27
25,44,20,64,56,14,12,61,28,73
25,73,76,13,65,14,3,61,94,14
57,39,92,92,19,25,86,44,79,97
57,71,11,96,19,64,66,19,47,97
25,93,20,13,45,14,3,86,94,14
25,44,20,64,45,14,12,86,94,32
25,44,76,13,65,9,78,86,35,14
57,18,92,96,19,75,86,94,47,83
25,93,20,64,65,14,78,86,35,14
53,86,50,96,43,33,16,29,19,27
25,93,76,64,45,9,78,50,28,14
53,86,61,96,43,34,16,29,12,27
8,60,5,94,23,73,95,95,55,82
31,37,75,40,53,81,88,82,10,44
45,36,61,96,43,33,16,27,12,41
25,44,76,13,45,9,3,61,35,73
25,93,20,13,45,9,12,50,35,73
90,86,50,15,43,33,16,27,12,41
45,86,90,9,43,34,16,29,12,27
58,18,11,96,19,64,66,19,16,83
57,39,92,96,19,25,91,44,47,97
53,36,61,96,84,34,16,27,19,41
57,18,92,96,19,25,86,44,79,83
25,93,20,64,65,9,12,61,94,73
25,44,20,13,56,14,12,50,28,14
90,86,90,15,84,34,16,29,19,8
58,18,11,96,19,75,91,44,79,97
92,100,50,99,73,25,99,2,93,58
53,26,90,15,84,33,16,29,19,27
25,93,20,13,65,14,3,86,35,32
64,100,50,66,88,25,99,78,99,58
7,18,11,92,19,25,86,19,16,97
25,73,20,64,56,9,78,61,28,14
25,44,20,64,45,14,12,86,28,14
17,60,62,1,52,72,65,95,40,91
90,86,61,15,43,33,16,27,12,27
25,44,76,13,65,14,3,50,35,32
58,39,11,92,19,75,86,19,16,83
36,60,5,94,23,10,95,95,55,82
50,75,18,77,78,89,92,89,36,34
25,73,76,13,45,9,3,61,94,73
25,93,76,13,65,9,78,61,28,73
90,26,50,15,84,34,16,27,19,27
55,81,63,38,43,49,36,1,32,47
18,5,66,38,53,1,98,4,2,23
16,35,30,49,90,73,16,13,49,16
25,44,20,13,56,14,12,50,94,73
18,5,66,38,70,99,37,96,2,31
53,36,90,9,84,33,16,27,12,27
25,93,76,13,56,14,78,61,35,32
17,87,62,67,52,72,65,100,46,91
18,5,66,97,70,48,37,96,2,23
61,5,66,97,53,1,98,96,2,23
45,36,61,96,84,34,16,29,12,41
90,86,90,96,84,33,16,27,19,8
8,76,10,20,33,10,25,91,38,21
8,60,5,94,48,73,95,99,55,82
53,86,50,9,43,33,16,29,19,8
56,81,63,38,1,99,36,96,42,21
7,39,11,92,19,75,86,19,47,97
90,86,50,15,84,34,16,27,12,27
25,73,76,13,56,14,3,86,28,14
7,71,92,92,19,75,66,19,79,83
55,81,63,38,43,99,95,96,32,47
18,5,66,97,53,99,37,96,2,70
57,71,92,92,19,64,66,94,16,97
7,39,92,96,19,64,91,44,47,97
58,18,92,96,19,25,86,44,79,83
57,18,92,96,19,25,91,44,47,97
57,39,92,92,19,75,66,19,79,97
53,86,50,96,84,33,16,27,19,27
58,39,11,92,19,75,91,94,47,97
53,86,90,96,43,34,16,29,19,41
73,22,12,72,76,75,5,16,11,83
57,71,11,92,19,75,91,94,16,83
25,73,20,13,65,14,78,50,35,32
53,26,61,15,43,33,16,27,19,41
12,5,20,44,48,21,76,97,6,33
25,73,76,13,45,14,12,61,35,73
55,81,63,38,1,49,95,96,32,42
58,39,11,92,19,64,66,94,16,83
99,37,75,40,79,42,88,82,24,44
25,73,76,64,45,14,78,86,28,14
90,86,50,15,84,34,16,29,19,41
73,10,90,72,76,13,5,38,11,83
25,44,20,13,45,14,12,86,28,73
7,71,11,96,19,64,86,19,79,83
25,44,20,64,56,9,12,50,35,73
57,18,11,92,19,25,86,94,16,97
57,39,92,92,19,75,66,94,47,83
53,26,50,96,43,33,16,29,12,8
99,37,75,79,52,81,88,51,10,15
57,71,11,92,19,64,86,19,16,83
90,86,90,96,84,33,16,29,19,41
25,44,76,13,65,9,78,61,28,32
58,39,92,96,19,64,91,44,47,83
58,71,11,92,19,75,66,94,16,97
58,71,11,92,19,64,66,19,79,97
25,73,20,64,56,14,78,86,28,73
7,39,11,96,19,64,66,44,79,83
8,60,5,94,48,10,95,95,55,82
53,36,50,9,84,34,16,27,19,27
25,73,20,64,65,14,78,50,94,32
25,93,76,64,65,9,12,86,35,32
25,93,76,13,56,14,78,86,94,32
25,73,76,64,65,9,12,61,35,14
25,44,76,64,65,14,78,50,94,73
25,44,76,13,65,14,12,50,94,73
25,73,20,64,45,14,78,50,28,32
17,37,75,79,79,42,88,51,10,15
17,37,75,79,79,42,88,51,24,44
25,93,20,13,65,9,3,50,94,14
25,44,76,13,65,9,3,50,94,73
25,93,20,64,45,14,78,50,28,32
53,86,90,96,84,33,16,27,12,27
53,86,90,9,43,34,16,27,12,27
25,93,20,13,56,9,78,61,35,73
36,60,77,94,23,73,95,95,13,24
25,73,76,13,65,14,3,61,94,32
25,73,76,64,45,14,12,50,94,14
58,39,11,92,19,64,86,19,79,97
58,39,11,96,19,75,91,44,47,97
7,18,92,96,19,25,86,94,16,83
18,5,66,97,53,48,37,96,2,31
57,39,11,92,19,75,91,44,79,97
90,36,50,15,43,33,16,27,19,41
45,26,90,15,84,33,16,29,19,41
53,86,61,9,84,34,16,27,19,27
25,73,76,64,45,9,3,86,35,32
7,18,92,92,19,25,91,44,79,97
12,81,63,38,37,49,36,1,32,42
57,39,11,96,19,25,86,94,16,83
7,71,92,92,19,25,91,19,16,83
53,26,90,15,84,33,16,29,12,27
45,86,50,15,43,34,16,29,12,27
90,26,50,15,43,34,16,27,19,27
25,93,20,64,45,14,3,61,94,14
7,18,92,96,19,75,91,44,47,97
25,93,20,64,65,9,12,86,35,32
53,26,61,15,84,33,16,29,12,27
25,73,20,64,65,14,78,61,28,14
95,76,66,20,33,10,25,91,38,21
36,60,5,94,79,73,95,95,13,82
25,44,20,64,56,9,78,86,28,14
7,71,11,96,19,25,66,44,16,83
57,18,11,96,19,64,91,94,16,97
25,44,76,13,56,9,3,50,94,32
25,73,76,64,65,9,12,50,35,73
25,73,20,13,45,9,3,50,35,14
90,26,50,15,43,33,16,29,12,27
45,86,50,96,43,34,16,27,19,41
25,44,76,13,65,9,78,50,94,73
90,26,90,9,43,34,16,27,12,8
58,18,11,96,19,25,91,94,47,97
50,94,18,8,78,89,39,89,36,34
25,73,20,13,56,14,3,61,35,32
7,71,11,92,19,25,86,44,16,97
25,73,76,13,65,14,78,50,94,32
25,44,76,64,65,14,3,61,28,14
99,37,75,40,79,42,88,51,10,97
58,18,92,96,19,64,91,19,47,97
17,87,91,1,52,72,57,100,54,91
17,60,56,20,52,72,57,95,54,91
90,26,50,15,43,34,16,29,12,8
25,93,76,64,56,9,78,50,94,32
58,63,10,20,33,1,90,91,38,37
63,22,74,95,59,88,60,100,32,14
25,93,76,64,56,9,78,86,28,14
25,73,76,13,45,14,78,86,28,14
57,18,92,96,19,25,91,94,16,97
58,18,11,96,19,64,91,44,79,97
25,93,20,13,65,9,78,86,94,73
53,86,61,9,84,34,16,27,12,27
57,18,11,96,19,75,66,44,47,83
7,39,11,92,19,75,66,19,79,83
7,18,92,96,19,25,86,44,47,97
25,93,76,13,45,14,78,86,94,14
45,26,50,15,84,34,16,27,19,41
33,27,32,65,33,7,8,20,68,48
25,44,20,64,65,14,12,50,35,73
57,39,11,92,19,75,66,94,16,97
25,73,76,64,65,9,78,50,35,73
53,86,90,15,84,34,16,29,19,41
16,35,30,49,44,73,3,61,49,16
25,93,20,13,56,9,78,86,28,73
25,44,76,64,45,9,78,86,28,32
58,71,11,96,19,64,66,94,79,97
90,86,50,96,84,34,16,29,19,27
58,18,11,92,19,64,66,44,47,83
25,44,76,13,56,9,3,61,28,14
50,94,18,77,78,89,92,89,85,34
57,39,11,92,19,25,66,44,47,97
58,18,92,92,19,64,66,44,79,97
25,44,20,64,45,14,78,86,35,32
99,37,75,40,53,42,88,40,10,44
42,5,66,38,53,99,37,19,2,31
17,60,91,67,52,72,57,95,40,91
64,40,50,99,68,25,99,23,6,58
53,86,50,15,84,33,16,29,12,8
25,93,76,13,65,9,78,50,35,32
25,93,76,13,65,14,12,86,35,32
58,18,92,92,19,25,91,94,16,97
73,59,7,72,97,75,5,16,11,89
57,71,92,96,19,25,66,44,16,97
17,60,62,20,52,72,34,95,54,91
7,71,11,96,19,25,66,19,47,97
53,86,50,9,43,34,16,29,19,41
92,40,50,66,88,25,99,2,6,58
7,39,92,96,19,25,86,19,16,83
25,73,20,64,65,14,3,61,28,73
7,71,92,92,19,64,91,19,16,97
90,36,50,9,84,33,16,29,12,27
58,18,92,96,19,25,86,94,79,97
53,86,61,96,84,34,16,29,19,41
58,18,92,96,19,64,86,19,47,83
45,36,90,9,43,33,16,27,12,27
87,94,86,68,21,33,33,59,75,66
57,71,92,92,19,75,91,19,47,83
90,86,61,96,43,34,16,29,19,27
53,26,61,96,84,34,16,27,19,27
57,18,11,96,19,64,86,94,79,83
58,93,10,20,33,59,90,91,38,21
7,39,92,92,19,25,91,94,16,97
7,39,92,92,19,64,66,19,47,83
57,71,92,96,19,25,91,19,47,83
7,39,92,92,19,75,86,44,16,97
53,86,90,15,43,34,16,27,19,27
53,86,61,96,84,33,16,27,19,41
7,18,11,96,19,75,86,94,47,97
92,40,50,99,73,25,99,2,99,58
57,39,92,92,19,25,86,44,79,83
57,18,92,92,19,64,91,94,47,97
58,71,92,92,19,75,91,94,16,97
87,94,30,68,21,76,33,59,75,66
57,18,92,96,19,25,66,44,79,83
90,26,50,15,43,33,16,29,12,41
25,73,20,13,56,9,78,61,28,32
57,39,92,92,19,64,86,19,79,83
53,36,90,9,43,34,16,29,19,27
33,27,32,91,33,7,79,20,68,48
45,36,61,96,84,34,16,29,19,27
45,86,50,96,84,33,16,27,19,8
17,37,75,79,52,81,88,82,24,44
45,36,50,15,43,33,16,29,19,8
42,5,66,97,53,48,98,4,2,31
57,18,92,92,19,64,86,94,16,97
25,73,20,64,65,14,12,61,28,73
53,86,90,9,84,33,16,27,19,41
25,93,76,64,56,9,12,86,94,32
4,35,30,49,90,73,3,13,49,16
7,39,92,92,19,75,86,19,79,83
25,93,20,64,56,9,12,61,94,32
45,36,61,9,43,34,16,27,19,8
64,100,50,99,73,25,99,23,6,58
58,71,92,96,19,64,66,44,79,83
25,93,76,13,65,14,78,61,28,32
90,86,61,9,84,33,16,27,19,8
25,93,20,13,56,14,3,86,35,14
25,73,76,13,45,14,3,86,28,32
45,86,90,96,43,34,16,29,12,27
57,18,11,92,19,64,91,19,79,83
57,18,11,92,19,25,66,19,79,83
58,39,92,96,19,64,66,19,47,83
33,27,32,65,25,67,8,20,68,71
58,18,92,92,19,64,91,44,47,97
92,100,50,66,73,25,99,23,93,58
58,71,92,92,19,64,86,44,79,83
53,26,50,9,84,33,16,27,12,8
17,37,75,40,52,42,88,51,10,15
7,71,11,92,19,75,86,19,16,83
90,36,61,15,84,33,16,27,19,41
7,18,11,96,19,25,86,94,16,97
90,36,61,9,43,33,16,29,12,41
25,93,20,64,56,14,3,61,35,32
53,36,61,9,43,34,16,29,19,8
7,18,92,96,19,64,86,44,79,97
45,26,50,15,43,34,16,27,19,8
25,44,20,64,65,9,3,61,28,14
45,26,90,96,43,34,16,27,12,8
7,18,11,92,19,25,86,44,79,97
25,44,76,64,65,9,3,86,28,73
90,86,90,15,84,33,16,29,12,41
7,71,92,96,19,64,86,19,79,97
57,71,92,92,19,64,91,19,47,97
53,26,90,96,84,34,16,27,19,27
58,39,92,92,19,75,91,19,79,83
7,18,11,96,19,64,66,44,47,83
58,39,11,96,19,25,86,44,16,97
58,39,92,92,19,75,66,19,79,97
17,94,30,75,21,76,33,59,10,66
45,36,90,15,43,34,16,29,19,8
25,93,76,13,45,14,78,50,94,73
25,73,76,64,56,9,78,50,94,32
57,71,92,92,19,25,66,19,47,83
53,26,90,9,43,34,16,27,12,41
31,37,75,40,53,42,88,51,24,44
25,93,20,64,56,14,12,61,35,32
8,48,5,94,23,73,95,95,13,82
25,44,20,64,65,9,78,86,94,73
53,26,50,15,43,34,16,29,12,8
25,44,20,13,65,14,78,50,94,73
25,73,20,64,56,9,12,50,35,73
25,44,20,13,56,9,78,50,35,73
53,26,50,15,43,34,16,29,12,41
25,93,76,64,45,14,12,50,28,73
69,97,71,46,17,16,100,92,40,85
53,86,50,96,43,34,16,27,12,8
25,44,76,64,65,14,78,86,28,73
57,71,92,96,19,64,66,94,79,97
75,27,32,65,33,48,8,20,68,48
25,93,20,13,45,9,78,50,94,32
16,35,30,49,44,31,3,13,49,7
53,86,50,96,43,34,16,29,12,41
58,18,92,96,19,64,86,44,79,97
12,81,63,38,1,49,95,1,32,47
25,93,76,64,65,9,78,50,94,73
53,26,50,96,84,34,16,27,12,8
7,71,92,92,19,25,86,94,47,83
25,44,20,13,45,14,12,50,28,73
58,71,92,92,19,64,86,94,79,97
58,18,11,96,19,25,86,44,16,83
73,22,7,72,97,75,5,68,75,83
45,36,61,15,43,33,16,27,12,41
25,93,20,64,65,9,12,61,35,73
17,60,62,67,52,72,34,100,46,91
25,44,76,64,65,9,12,50,28,14
45,36,90,9,43,33,16,29,19,27
25,44,20,64,65,14,3,86,35,32
8,48,77,94,23,10,95,95,13,26
45,86,90,96,84,34,16,29,12,41
25,93,20,64,56,9,78,50,94,14
12,81,63,38,1,49,36,1,32,47
90,26,50,9,84,33,16,27,19,41
75,27,32,65,33,48,79,20,68,71
4,35,30,49,44,73,16,94,49,16
58,39,92,96,19,75,91,94,79,97
25,44,20,64,45,9,12,86,35,32
45,26,90,15,84,34,16,29,19,41
25,93,76,13,45,9,78,86,94,14
25,44,20,13,65,14,3,86,35,32
16,35,30,14,44,31,96,94,49,7
45,86,90,96,43,33,16,29,12,27
57,18,11,92,19,25,91,94,47,97
25,73,20,64,56,14,12,50,35,32
58,39,92,96,19,64,91,44,79,83
25,44,20,64,45,14,12,50,28,73
25,5,85,28,11,21,98,97,6,33
18,5,66,97,53,99,37,4,2,31
45,36,90,96,84,34,16,27,12,8
90,36,50,15,84,34,16,29,12,27
64,40,50,99,68,25,99,23,6,20
16,35,30,14,90,31,96,94,49,16
56,81,63,38,37,99,36,1,32,21
25,93,20,64,45,9,78,50,35,14
7,39,92,96,19,25,66,19,47,97
57,18,92,96,19,64,86,44,47,97
58,18,92,96,19,75,91,19,79,97
25,93,76,64,45,14,3,61,35,14
25,44,20,13,45,9,12,86,94,14
36,60,5,94,48,73,95,95,55,82
25,73,76,13,56,9,12,86,94,73
7,39,92,92,19,64,66,19,79,83
56,81,63,38,37,49,36,96,32,47
53,86,50,96,43,34,16,29,12,8
50,91,18,77,78,89,92,89,85,34
25,44,20,13,65,14,78,61,94,32
7,40,50,66,68,25,99,23,93,20
16,35,30,49,44,84,96,13,49,16
36,48,5,94,23,73,95,95,13,82
25,93,76,13,56,14,12,61,28,32
25,44,20,13,65,14,78,50,94,14
25,93,76,13,45,14,3,86,94,32
25,44,76,64,45,9,78,50,35,73
25,73,20,64,56,9,78,86,94,14
57,39,92,96,19,75,91,44,47,83
57,71,11,96,19,64,91,44,16,83
45,36,90,9,84,34,16,27,12,41
25,44,20,13,65,9,78,50,28,32
58,18,11,96,19,25,86,19,16,83
7,71,11,96,19,25,86,44,47,83
8,76,10,20,33,1,90,91,38,21
7,40,50,66,88,25,99,2,6,58
17,37,75,40,52,81,88,51,10,44
57,18,92,92,19,25,66,19,47,83
45,86,61,9,84,33,16,29,12,8
53,36,50,96,43,33,16,27,12,8
25,93,76,64,65,14,3,61,35,14
25,73,76,64,45,9,78,86,35,14
58,71,11,96,19,64,86,19,47,83
25,93,20,64,45,14,3,61,28,32
45,86,61,15,43,33,16,29,12,41
12,5,85,44,11,21,98,97,6,4
25,93,76,64,45,14,12,61,94,73
45,26,50,96,43,33,16,29,12,27
25,44,76,13,65,14,3,61,35,73
25,73,20,13,56,9,3,61,28,14
58,39,92,92,19,25,86,19,47,83
25,93,76,64,45,9,3,50,28,14
25,73,76,13,56,14,12,86,28,73
8,60,77,94,79,73,95,95,13,26
57,18,92,96,19,75,66,44,79,97
25,73,76,13,45,14,12,61,94,73
7,71,11,92,19,64,66,94,47,83
7,71,92,96,19,64,86,44,16,97
73,10,12,72,76,13,5,16,11,83
35,91,18,21,78,89,33,89,85,34
95,93,66,20,33,59,25,91,38,21
25,44,20,64,45,14,3,61,94,73
8,60,77,94,79,10,95,95,55,26
25,44,76,64,56,9,12,61,94,32
58,39,11,92,19,75,66,19,79,83
25,73,76,13,65,14,78,50,28,73
25,73,20,13,56,14,12,50,28,73
16,35,30,14,90,84,16,61,49,16
45,36,61,96,84,33,16,29,19,8
58,71,11,96,19,25,66,94,16,97
58,39,92,96,19,64,91,19,47,83
25,93,76,64,45,14,3,86,28,73
90,36,50,9,84,33,16,27,12,27
90,86,90,96,84,34,16,27,12,41
57,39,92,96,19,25,86,19,79,97
25,73,76,13,65,14,3,61,35,73
25,93,76,13,65,9,3,50,94,14
36,48,5,94,23,10,95,95,55,26
56,81,63,38,43,49,95,96,42,42
4,35,30,14,90,84,3,13,49,16
57,18,92,96,19,75,91,94,47,83
7,71,11,92,19,25,66,44,47,97
17,37,75,79,79,81,88,82,10,44
25,93,76,13,45,9,3,86,94,32
45,26,61,9,84,34,16,29,19,41
7,18,11,96,19,75,91,94,16,97
25,44,76,64,45,14,3,86,94,32
53,36,50,9,43,34,16,27,12,27
25,73,76,13,65,9,12,86,28,73
25,44,76,13,65,14,78,86,35,73
31,37,75,40,52,42,88,51,24,44
57,18,92,96,19,25,66,44,47,83
25,5,20,28,48,21,98,97,6,4
25,44,20,13,45,9,78,61,94,32
25,73,76,64,65,9,12,61,28,73
73,10,12,72,97,13,5,68,75,83
7,39,11,92,19,64,91,44,16,97
57,18,11,96,19,75,86,19,47,97
7,71,92,96,19,64,66,19,47,83
45,36,90,9,43,33,16,29,19,8
61,5,66,97,70,1,98,4,2,31
45,86,50,9,84,33,16,27,19,8
25,93,20,13,65,14,3,86,28,14
99,37,75,40,53,81,88,51,10,15
57,71,92,92,19,75,86,94,16,83
17,94,26,68,21,76,33,59,10,66
25,44,76,64,45,14,78,61,28,32
25,93,20,13,45,9,78,86,28,32
8,63,66,20,33,59,25,91,38,99
25,93,20,64,65,14,3,61,28,73
58,18,92,96,19,75,91,94,79,83
12,81,63,38,37,99,95,96,42,21
99,37,75,40,52,81,88,82,24,97
7,18,11,96,19,75,66,94,79,83
7,71,11,92,19,75,86,94,79,97
58,71,92,96,19,75,66,19,16,97
25,93,20,64,65,9,12,61,28,73
95,63,10,20,33,59,25,91,38,21
31,37,75,79,79,42,88,82,24,97
90,36,61,15,84,34,16,27,19,8
7,100,50,99,88,25,99,78,99,58
90,86,90,9,84,34,16,29,12,41
58,39,11,92,19,25,66,44,16,97
90,36,50,96,43,33,16,27,12,27
25,44,76,13,56,14,3,61,94,14
90,36,61,15,84,33,16,27,12,8
58,71,11,96,19,75,91,94,16,83
58,39,11,92,19,75,86,94,47,83
92,40,50,66,73,25,99,78,6,58
90,26,90,15,84,33,16,27,12,27
17,37,75,79,53,42,88,82,24,97
18,5,66,38,53,1,98,4,2,31
7,39,11,96,19,64,66,19,79,83
7,71,92,96,19,64,66,19,16,83
45,36,90,96,43,34,16,27,19,27
4,35,30,49,44,84,96,13,49,7
57,39,92,96,19,25,91,44,16,97
57,18,11,96,19,64,66,44,47,97
17,87,56,67,52,72,65,100,54,91
25,73,20,64,45,14,3,50,94,73
58,18,92,96,19,75,66,94,47,97
7,39,11,92,19,25,66,19,16,97
25,93,20,13,65,9,12,50,94,73
25,44,76,13,65,9,3,50,28,32
18,5,66,97,70,99,98,96,2,70
8,48,5,94,48,73,95,99,13,26
17,37,75,40,52,42,88,82,10,44
25,44,76,64,65,14,12,61,35,14
25,93,20,64,65,9,78,86,35,14
57,71,92,92,19,64,91,19,47,83
45,86,50,96,84,34,16,27,19,41
57,18,92,92,19,75,86,94,79,97
25,44,76,13,56,14,3,50,35,73
90,86,61,9,84,33,16,27,19,41
25,73,20,13,56,14,78,61,94,73
58,39,92,92,19,75,86,19,47,83
25,44,76,13,65,9,78,50,28,32
8,48,77,94,23,73,95,95,55,24
57,18,92,92,19,75,66,94,16,97
18,5,66,97,70,1,37,4,2,23
92,100,50,99,73,25,99,23,6,20
58,18,92,96,19,75,66,44,47,83
45,26,61,96,43,33,16,27,12,27
25,44,76,13,45,9,12,61,94,73
57,18,11,92,19,25,91,19,47,97
73,59,7,72,76,75,5,16,11,89
25,73,76,64,56,14,3,61,28,32
7,18,11,92,19,25,86,44,16,97
31,37,75,40,53,81,88,51,24,97
25,93,20,13,56,14,3,86,94,32
36,48,5,94,23,10,95,95,55,82
53,86,61,96,84,33,16,29,19,8
90,36,90,15,43,34,16,27,12,27
25,93,20,64,65,9,3,61,94,32
25,73,20,64,65,14,3,50,28,14
42,5,66,38,53,99,98,19,2,31
25,73,20,13,45,14,3,50,94,14
57,18,11,92,19,75,66,19,79,83
90,36,50,9,43,33,16,29,12,8
58,39,92,92,19,64,66,94,79,83
25,73,20,13,65,9,12,50,94,32
45,26,61,15,84,34,16,27,12,27
57,39,11,92,19,64,91,19,16,83
7,18,92,92,19,25,86,94,47,83
25,73,76,64,56,14,3,50,35,14
35,91,18,77,78,89,92,89,85,34
58,71,11,92,19,64,86,94,79,83
7,39,11,96,19,64,91,94,47,97
17,87,56,1,52,72,65,100,46,91
90,26,90,96,84,33,16,29,12,41
7,71,11,92,19,25,86,94,79,83
12,5,85,28,48,21,98,97,6,4
25,73,76,13,56,14,3,61,35,32
25,44,76,13,65,14,12,61,94,73
36,60,77,94,48,73,95,95,55,26
25,93,76,64,56,14,78,61,35,14
25,93,76,64,45,14,12,61,35,73
73,22,90,72,97,13,5,16,11,89
53,26,90,15,43,34,16,29,12,27
73,22,12,72,76,75,5,38,11,89
25,44,20,64,56,14,3,50,28,73
25,44,20,64,65,9,12,50,94,32
90,86,90,96,43,34,16,27,19,41
25,5,85,44,43,21,76,97,6,33
25,73,76,13,56,9,12,50,35,32
25,73,20,64,45,14,12,61,35,14
73,10,12,72,97,75,5,38,11,89
7,100,50,66,68,25,99,78,93,58
45,36,50,15,43,34,16,27,12,41
35,91,18,21,78,89,39,89,85,34
45,26,61,96,43,34,16,27,19,8
58,71,11,96,19,64,66,44,47,83
7,18,92,92,19,64,91,19,79,83
25,73,20,13,56,9,12,86,28,32
64,40,50,99,73,25,99,2,6,20
57,39,92,96,19,25,66,94,79,97
25,44,20,64,56,14,78,86,28,32
73,22,12,72,97,75,5,68,75,83
55,81,63,38,43,99,36,1,32,21
73,10,90,72,97,75,5,68,75,83
25,93,20,64,56,14,12,50,35,32
25,93,20,64,65,14,12,86,35,73
58,18,92,96,19,64,66,44,16,83
53,26,50,96,43,33,16,29,19,27
25,93,20,64,56,9,3,86,35,14
90,36,90,96,84,34,16,27,12,41
7,71,92,92,19,75,91,44,79,83
53,86,61,9,43,34,16,27,19,27
25,73,20,64,56,14,78,61,35,73
57,39,92,96,19,75,66,94,47,97
25,44,76,13,56,9,78,86,94,73
53,86,61,96,84,34,16,27,12,8
61,5,66,38,53,99,37,96,2,31
25,93,76,64,45,14,78,61,94,73
7,18,11,96,19,75,91,44,47,83
57,39,92,96,19,64,86,19,79,97
7,40,50,66,73,25,99,23,99,58
7,18,11,92,19,64,86,19,47,97
25,44,76,13,65,9,3,61,28,32
57,71,11,96,19,75,91,94,47,83
25,44,20,13,65,14,12,86,94,14
25,44,76,64,65,14,3,61,94,14
57,71,11,96,19,75,86,94,47,83
45,36,50,96,84,34,16,29,19,8
25,93,20,64,65,9,78,86,28,14
12,81,63,38,43,49,95,96,42,47
63,22,74,87,59,88,67,100,36,83
45,26,61,9,84,34,16,27,19,8
25,73,20,13,45,9,12,50,28,14
7,71,92,92,19,64,66,44,16,83
25,93,76,13,65,14,12,61,94,32
7,71,11,92,19,64,91,19,16,83
25,73,20,64,56,9,12,50,35,14
25,73,20,13,56,14,78,86,28,73
25,44,76,13,56,14,78,61,28,32
18,5,66,97,53,1,37,4,2,70
45,86,50,9,43,33,16,27,12,27
4,35,30,49,44,84,16,13,49,7
45,36,90,9,43,33,16,27,19,27
7,39,11,96,19,64,91,94,16,97
53,26,61,9,43,34,16,27,19,27
16,35,30,14,90,73,96,94,49,16
33,27,32,15,33,48,8,20,68,71
45,26,50,15,84,34,16,27,12,41
25,93,20,13,65,14,78,86,94,32
99,37,75,40,53,81,88,82,10,15
7,39,92,96,19,75,91,94,47,83
25,93,76,13,45,14,12,50,35,14
25,44,76,13,65,9,3,50,28,73
92,100,50,99,88,25,99,2,93,58
57,71,11,96,19,75,66,19,16,83
25,73,20,64,56,9,3,86,35,14
58,18,11,96,19,25,91,94,16,97
25,93,20,64,45,14,12,61,28,32
8,76,66,20,33,10,90,91,38,37
53,26,50,9,84,34,16,27,19,41
58,18,92,92,19,64,66,19,47,97
25,73,20,64,65,14,12,50,35,73
90,36,50,15,84,34,16,27,19,41
45,36,50,15,43,34,16,27,19,8
25,44,76,64,65,9,12,86,28,14
7,18,11,92,19,25,91,19,16,83
57,39,11,92,19,64,86,94,79,97
56,81,63,38,37,49,95,96,42,42
4,35,30,14,44,73,96,61,49,16
31,37,75,40,53,42,88,51,10,44
25,73,20,64,65,9,3,86,28,32
25,73,76,13,65,9,12,86,35,73
25,73,20,13,45,14,3,86,94,73
7,18,11,96,19,25,86,19,16,97
53,26,50,9,43,34,16,27,12,8
53,26,90,15,84,34,16,29,12,41
57,39,11,92,19,64,91,44,79,83
90,36,90,15,84,33,16,27,19,27
73,10,90,72,76,75,5,68,11,83
73,59,12,72,97,75,5,38,11,89
57,18,11,92,19,25,66,94,16,83
7,40,50,66,68,25,99,2,93,20
45,86,90,96,84,33,16,27,19,41
25,44,76,13,56,14,3,61,28,14
58,18,11,96,19,25,91,94,79,83
25,44,20,64,45,14,78,61,35,73
7,39,92,92,19,25,86,19,79,97
25,44,76,64,45,9,12,50,94,73
25,44,76,13,56,9,78,61,28,32
58,39,11,96,19,25,91,19,79,97
7,39,11,92,19,25,66,94,79,83
90,86,90,15,43,34,16,27,12,41
56,81,63,38,43,99,95,1,32,42
7,18,11,96,19,64,86,44,16,83
90,26,90,15,84,34,16,29,19,41
57,71,92,92,19,25,86,94,79,97
7,39,92,92,19,75,86,44,47,83
64,100,50,66,88,25,99,23,6,20
7,18,92,92,19,64,86,19,79,97
95,76,10,20,33,10,25,91,38,99
45,36,90,9,84,33,16,29,19,41
90,36,90,15,84,33,16,29,12,41
7,71,11,96,19,64,91,94,79,83
58,71,92,96,19,25,66,44,79,97
53,26,61,96,84,33,16,27,12,41
57,39,92,92,19,25,86,19,47,83
61,5,66,38,53,1,98,19,2,70
25,93,20,13,45,14,3,86,94,73
25,93,20,13,56,14,12,86,94,73
25,73,76,64,56,14,78,61,94,73
7,39,11,92,19,25,86,44,79,83
53,86,90,15,84,34,16,29,12,41
53,36,61,96,43,33,16,27,19,27
45,26,50,96,84,33,16,27,12,41
7,39,92,96,19,64,66,19,47,97
45,26,90,96,43,34,16,27,12,27
17,60,56,67,52,72,57,95,54,91
53,26,61,15,43,34,16,27,19,27
7,71,92,96,19,64,86,94,16,83
53,86,50,15,43,33,16,27,12,41
53,26,61,15,43,34,16,29,12,41
7,39,11,96,19,75,91,44,79,83
25,93,20,64,45,9,3,86,35,14
25,44,76,64,56,14,12,50,94,32
42,5,66,38,70,48,37,19,2,23
57,39,11,96,19,64,86,44,79,97
53,36,61,96,43,33,16,27,19,8
12,81,63,38,1,49,95,96,32,47
90,36,50,96,43,34,16,29,19,27
58,39,11,96,19,25,66,44,79,97
57,71,92,92,19,25,91,94,16,97
25,93,76,13,56,9,12,50,28,32
25,93,76,13,56,14,3,50,94,73
7,40,50,66,88,25,99,23,93,58
58,39,92,96,19,25,86,19,47,97
57,18,11,92,19,75,86,94,47,83
25,73,76,64,45,14,12,86,35,14
18,5,66,38,70,48,98,96,2,70
25,44,76,64,65,9,78,61,35,14
25,73,20,64,65,14,3,61,94,32
99,37,75,40,52,81,88,82,10,44
25,44,76,64,56,14,3,50,35,32
25,44,76,64,65,9,12,50,28,32
92,40,50,66,68,25,99,23,93,58
25,73,20,13,45,14,12,50,35,14
63,22,83,87,59,88,67,100,32,83
25,93,20,13,65,9,3,86,94,73
90,36,50,9,43,34,16,29,12,27
25,93,76,13,65,9,12,86,35,14
7,40,50,66,88,25,99,78,99,20
57,18,11,96,19,25,66,94,16,83
58,18,11,92,19,64,86,19,47,83
18,5,66,97,53,1,37,96,2,31
12,81,63,38,37,49,95,1,42,21
25,93,20,13,65,14,78,61,28,32
42,5,66,38,70,99,37,19,2,23
25,44,76,13,56,14,12,86,35,73
58,71,92,96,19,25,66,94,79,83
25,93,76,13,45,14,12,50,28,14
69,97,3,46,17,95,78,92,40,85
50,91,18,8,78,89,39,89,89,34
7,71,92,96,19,25,91,19,16,97
33,27,32,65,33,48,8,20,68,48
57,39,92,92,19,25,66,94,16,97
55,81,63,38,37,49,95,1,32,42
25,73,20,13,65,14,3,50,94,14
45,86,90,15,43,33,16,27,12,27
45,26,61,96,84,34,16,27,19,8
45,36,90,15,43,34,16,29,19,27
25,93,20,13,65,9,12,86,35,73
25,93,76,13,45,14,12,50,94,73
4,35,30,49,44,84,3,13,49,7
25,73,76,64,45,14,12,86,94,73
64,40,50,99,88,25,99,2,93,20
7,39,11,92,19,75,86,94,16,97
57,39,11,96,19,25,86,44,47,83
57,39,92,92,19,25,66,94,79,83
25,44,76,13,45,14,78,61,28,73
53,26,90,15,43,33,16,27,12,27
7,71,92,96,19,25,91,94,47,83
25,93,20,64,45,14,3,50,35,32
25,73,20,64,65,9,3,86,35,73
58,71,11,92,19,64,66,94,16,97
25,93,20,13,56,14,3,86,28,32
53,36,50,96,84,34,16,29,12,41
25,44,76,64,56,9,12,61,28,32
7,71,92,92,19,25,66,44,16,97
25,44,76,64,56,9,3,50,94,32
53,26,50,15,43,33,16,27,19,41
7,18,11,96,19,75,86,19,47,83
56,81,63,38,43,49,95,96,32,42
57,18,92,96,19,64,91,94,16,83
50,94,18,77,78,89,39,89,36,34
31,37,75,40,79,81,88,40,10,15
58,71,92,92,19,25,86,19,16,83
57,71,92,92,19,75,91,44,16,97
90,36,50,15,43,34,16,29,12,41
53,86,90,96,43,33,16,27,19,27
53,86,50,15,43,34,16,29,12,41
7,40,50,66,88,25,99,2,99,58
25,73,76,64,56,9,12,61,28,14
64,40,50,66,68,25,99,2,6,58
7,39,11,92,19,25,66,44,47,97
57,39,92,92,19,75,66,44,79,83
57,71,92,96,19,25,91,94,47,83
92,40,50,66,88,25,99,23,6,58
7,71,92,96,19,25,91,19,79,83
57,39,92,92,19,75,91,19,79,97
7,18,11,92,19,25,66,44,79,83
8,48,77,94,48,10,95,95,13,24
45,26,90,15,84,34,16,27,19,8
25,73,76,64,65,9,12,86,35,32
25,73,20,13,65,9,78,50,28,14
16,35,30,14,90,84,96,13,49,7
7,71,92,92,19,64,86,94,79,97
58,18,11,92,19,75,91,19,16,83
25,93,20,13,56,9,78,86,94,73
25,93,20,64,56,9,3,61,94,32
58,39,92,92,19,64,86,44,16,83
57,71,92,96,19,64,86,94,79,97
25,73,20,64,65,9,78,61,28,73
25,44,76,13,56,14,12,50,35,32
25,93,20,13,45,14,78,61,94,14
25,93,76,13,45,14,12,61,35,73
53,26,61,9,43,33,16,27,19,27
17,37,75,40,52,81,88,51,10,97
90,26,50,9,43,33,16,27,19,27
95,76,10,20,33,59,90,91,38,99
18,5,66,38,70,99,98,96,2,23
99,37,75,79,52,42,88,51,24,44
45,86,50,96,43,33,16,29,19,41
16,35,30,14,90,84,3,61,49,16
25,73,20,64,45,14,12,50,28,14
17,60,91,67,52,72,57,100,40,91
63,22,74,87,59,88,61,26,32,83
58,18,11,92,19,75,86,44,47,83
57,71,11,92,19,75,86,94,79,97
57,18,92,92,19,75,91,94,79,83
57,39,92,92,19,64,91,94,79,83
57,18,92,96,19,25,86,94,16,83
90,86,50,9,43,33,16,27,12,41
25,44,76,64,65,14,12,61,94,14
58,18,11,96,19,64,66,19,79,83
53,36,50,9,43,34,16,27,19,27
90,36,50,9,43,34,16,27,12,8
7,18,11,96,19,75,66,94,47,83
58,18,11,96,19,25,66,19,79,97
25,44,76,64,56,14,78,61,35,73
36,60,5,94,79,10,95,95,13,26
53,36,61,96,84,33,16,27,19,8
57,71,11,92,19,64,86,19,16,97
45,86,90,9,84,33,16,29,19,41
16,35,30,49,44,84,16,61,49,7
57,71,11,92,19,25,86,94,79,83
25,73,76,13,45,9,3,86,28,14
25,93,20,64,56,9,12,86,28,73
53,36,61,9,84,34,16,29,19,8
25,93,20,13,65,9,3,86,28,73
53,26,61,9,43,33,16,29,19,27
18,5,66,97,53,99,98,19,2,23
58,39,11,96,19,75,86,19,47,97
25,93,76,13,56,9,3,86,28,32
42,5,66,38,53,48,98,96,2,23
25,73,76,13,56,9,3,50,94,32
7,39,11,96,19,25,66,19,16,97
90,26,90,15,84,33,16,29,19,8
25,44,20,13,56,14,78,86,35,73
7,18,11,92,19,64,91,19,16,83
17,60,56,20,52,72,65,100,46,91
7,39,92,92,19,25,86,44,16,83
45,26,61,15,84,33,16,29,19,27
58,71,11,92,19,25,66,19,16,97
25,44,76,13,65,9,3,61,35,73
58,39,92,92,19,25,86,44,16,97
57,18,92,92,19,75,86,94,47,83
45,26,61,15,43,34,16,29,12,8
57,71,11,96,19,25,66,44,47,97
90,26,50,9,84,34,16,27,19,27
25,93,76,13,45,9,78,86,35,14
61,5,66,38,53,48,98,4,2,31
8,60,77,94,23,10,95,99,55,82
64,100,50,99,73,25,99,78,99,58
57,71,92,96,19,75,86,44,47,97
25,73,20,13,45,9,78,50,94,32
57,18,92,96,19,75,86,44,47,83
25,73,76,64,65,14,12,50,35,73
25,73,76,64,56,14,78,86,94,32
25,73,20,64,56,9,3,50,28,73
58,18,92,96,19,75,66,44,79,97
4,35,30,14,44,73,16,13,49,7
53,36,90,15,84,34,16,29,12,27
90,26,90,15,43,33,16,27,12,41
7,39,11,96,19,75,86,44,79,97
25,93,76,64,45,14,78,86,35,14
7,39,11,92,19,64,91,44,16,83
25,93,20,64,65,14,3,86,35,32
53,26,50,9,84,34,16,27,19,27
25,44,76,13,45,9,3,50,28,73
42,5,66,38,70,48,98,4,2,23
53,86,50,9,43,34,16,29,19,27
45,26,50,9,84,33,16,27,12,8
16,35,30,14,44,84,3,13,49,7
90,36,61,15,84,34,16,29,12,27
25,93,76,13,65,9,3,86,28,14
45,86,90,96,43,33,16,27,19,41
58,18,92,92,19,25,66,94,16,83
7,18,11,92,19,64,66,19,16,97
25,73,76,13,45,9,78,86,94,14
58,39,11,96,19,25,86,94,47,83
58,39,11,92,19,64,66,94,79,83
25,44,76,13,56,14,12,50,28,73
53,26,50,15,43,34,16,29,19,8
7,71,11,92,19,75,86,19,16,97
45,86,50,15,43,34,16,29,12,8
57,18,92,92,19,75,91,94,16,97
45,86,90,96,84,34,16,27,12,27
53,86,61,15,43,34,16,29,12,8
31,37,75,79,53,81,88,40,24,44
45,86,90,96,43,34,16,27,12,41
90,36,61,96,43,33,16,27,12,27
25,44,20,64,56,14,78,61,35,14
25,44,20,64,45,14,12,61,35,32
25,93,20,64,56,14,3,50,35,73
7,18,11,92,19,75,86,19,47,83
25,73,76,13,56,14,12,86,35,32
25,93,20,13,56,14,12,50,94,14
31,37,75,79,52,42,88,51,10,44
25,73,76,13,45,14,3,50,28,32
25,93,20,13,65,9,12,50,28,14
58,18,92,96,19,64,86,44,16,97
58,18,92,96,19,75,86,44,16,83
57,18,92,96,19,64,91,94,79,97
25,93,76,64,45,9,78,61,94,32
90,36,90,15,84,34,16,27,12,27
25,93,76,64,65,14,12,86,35,73
53,86,90,9,84,33,16,27,12,41
58,18,11,92,19,75,91,94,47,97
57,18,92,96,19,64,66,19,16,83
8,48,5,94,79,10,95,99,13,26
57,18,92,92,19,75,91,44,47,97
58,18,11,96,19,75,66,94,79,97
57,18,92,92,19,75,91,19,79,83
58,71,11,92,19,75,86,94,47,97
4,35,30,49,44,84,16,61,49,7
18,5,66,97,70,1,98,96,2,31
57,71,11,96,19,75,86,44,16,83
45,86,50,9,84,34,16,29,12,41
25,44,20,64,56,14,3,86,28,32
25,93,76,64,45,9,3,86,28,14
16,35,30,14,44,73,96,13,49,16
25,93,20,13,65,9,12,61,94,73
73,22,7,72,97,75,5,38,75,89
7,39,92,96,19,64,86,44,16,83
25,44,76,13,56,9,12,86,28,73
58,71,92,96,19,64,86,94,16,97
58,18,92,92,19,64,86,44,79,97
45,26,50,96,84,34,16,29,19,8
17,87,56,1,52,72,65,95,40,91
90,86,61,9,43,33,16,29,12,41
8,48,77,94,48,10,95,95,13,26
53,86,50,96,84,33,16,27,19,8
7,100,50,99,88,25,99,2,93,58
42,5,66,38,53,48,98,96,2,31
45,36,90,15,84,34,16,29,12,8
57,71,92,92,19,64,86,94,47,83
57,39,11,92,19,75,91,19,47,83
90,36,61,9,43,33,16,29,19,41
25,93,20,13,56,14,3,61,35,73
58,71,11,96,19,75,86,44,79,83
7,39,92,92,19,25,66,19,47,97
36,48,5,94,79,73,95,95,13,24
57,71,92,92,19,64,91,94,16,83
25,44,20,64,56,14,12,61,94,14
45,36,50,96,84,33,16,29,12,41
25,44,76,64,65,9,78,86,28,73
53,86,50,96,43,33,16,27,19,41
61,5,66,97,53,99,37,19,2,23
36,60,77,94,79,73,95,99,13,26
25,44,76,13,45,14,12,86,94,32
45,36,90,96,84,34,16,29,12,27
90,36,90,9,43,33,16,27,19,8
58,18,92,92,19,64,66,94,47,83
25,93,76,64,45,14,78,86,28,32
25,5,85,28,11,21,98,97,6,6
90,36,90,15,43,34,16,29,12,8
90,36,61,9,84,33,16,27,19,27
53,36,90,96,84,33,16,27,12,27
25,44,76,13,56,9,3,86,35,73
58,18,92,92,19,25,66,19,79,83
90,26,61,9,43,34,16,27,19,27
61,5,66,97,70,1,37,19,2,70
36,60,5,94,23,10,95,99,13,24
57,71,11,92,19,25,86,44,79,97
25,44,76,13,45,14,78,61,28,32
64,40,50,99,88,25,99,78,6,20
45,26,90,15,43,33,16,27,19,8
7,18,11,92,19,75,91,94,47,97
90,86,61,96,84,34,16,27,12,8
16,35,30,49,44,31,3,61,49,7
57,39,92,92,19,64,86,44,47,97
90,26,50,15,43,34,16,29,19,41
17,94,26,68,21,76,33,59,75,66
58,39,92,92,19,75,66,19,79,83
72,49,27,36,22,43,79,84,95,73
18,5,66,38,53,99,98,96,2,70
7,18,92,96,19,64,66,44,79,83
57,18,11,96,19,64,91,44,16,83
90,36,90,9,43,34,16,29,19,27
8,60,77,94,48,73,95,95,13,24
90,26,50,9,84,33,16,29,19,8
57,18,92,96,19,75,86,19,16,97
45,86,90,15,43,33,16,27,12,41
92,100,50,66,73,25,99,23,99,20
7,71,92,92,19,25,86,94,16,83
7,18,11,96,19,64,66,94,16,83
58,18,11,92,19,64,66,19,16,97
56,81,63,38,37,49,36,96,32,42
90,26,90,96,84,34,16,29,19,27
25,5,85,28,43,21,98,97,6,6
90,86,61,9,43,33,16,27,12,8
25,93,76,64,45,14,3,50,35,14
25,44,76,64,65,14,12,86,94,73
25,73,76,13,65,14,78,86,94,73
25,93,20,64,65,14,3,86,94,32
25,44,20,64,65,9,12,86,28,14
25,44,76,64,45,14,78,61,94,32
31,37,75,79,79,81,88,40,24,97
7,71,11,96,19,64,91,44,79,83
64,100,50,66,88,25,99,78,93,20
7,18,92,92,19,75,66,44,47,83
57,39,92,96,19,25,66,44,79,83
7,39,11,96,19,75,66,19,79,97
90,36,90,15,84,34,16,27,19,41
17,37,75,79,53,42,88,40,10,97
12,5,20,44,43,21,76,97,6,6
53,86,50,15,43,34,16,29,19,41
58,39,92,96,19,75,66,19,47,83
45,36,90,15,43,34,16,27,19,27
25,93,76,13,56,9,12,86,28,73
25,93,20,64,56,9,78,86,35,14
56,81,63,38,1,49,36,96,42,21
45,36,90,96,43,33,16,27,19,8
64,100,50,66,88,25,99,23,93,20
7,18,11,96,19,75,66,19,79,83
56,81,63,38,43,99,95,96,42,47
25,73,76,13,45,14,78,61,35,32
25,44,20,13,65,9,12,61,35,14
25,44,76,13,65,14,12,61,94,32
16,35,30,14,90,84,3,13,49,7
25,73,76,13,56,9,12,50,94,14
31,37,75,79,53,42,88,82,24,15
25,73,76,64,56,9,12,50,35,14
25,93,20,64,65,14,3,86,28,14
73,59,12,72,97,75,5,38,75,89
92,100,50,66,73,25,99,2,99,58
25,93,76,64,45,9,3,61,94,73
58,39,11,96,19,25,86,19,47,83
25,73,76,64,56,9,78,86,35,32
58,63,66,20,33,1,90,91,38,21
25,44,76,64,56,14,78,86,28,73
25,93,76,13,45,14,12,86,28,32
45,26,61,15,43,34,16,27,19,8
7,18,11,96,19,75,66,44,79,83
57,39,11,96,19,25,66,19,79,97
25,44,20,64,65,9,3,86,94,73
90,36,90,15,43,33,16,29,19,27
61,5,66,38,53,99,98,4,2,70
73,10,90,72,97,75,5,68,11,89
45,36,50,9,84,34,16,29,19,27
31,37,75,40,79,81,88,51,24,97
92,40,50,99,68,25,99,2,6,58
25,93,76,64,56,14,78,86,35,73
57,18,11,96,19,25,91,94,79,97
25,44,20,13,45,9,12,50,35,73
25,93,76,64,45,14,12,61,94,14
25,93,76,64,56,9,3,86,35,73
73,10,12,72,76,75,5,16,75,83
8,76,10,20,33,10,90,91,38,99
92,100,50,99,73,25,99,23,99,20
50,94,18,8,78,89,92,89,89,34
58,39,11,96,19,25,91,19,47,83
25,44,20,64,65,9,3,86,28,73
25,44,20,13,56,14,78,50,94,32
53,36,50,9,43,33,16,27,12,41
4,35,30,14,44,73,3,13,49,16
25,73,20,13,65,9,3,86,35,14
57,18,11,92,19,75,91,19,16,97
36,60,5,94,48,73,95,99,13,24
25,93,76,13,45,9,78,61,94,32
25,44,76,64,56,9,3,50,94,73
90,26,61,15,43,34,16,29,12,41
7,18,11,92,19,64,86,44,16,83
4,35,30,14,90,84,96,61,49,16
58,39,92,92,19,25,66,44,16,97
25,73,76,64,56,14,78,61,35,14
7,18,11,96,19,64,91,44,79,83
57,18,11,92,19,75,66,44,47,97
73,10,12,72,97,75,5,38,75,89
57,18,92,96,19,75,91,19,16,83
16,35,30,14,90,84,16,13,49,16
58,18,92,96,19,75,66,19,47,97
58,39,11,96,19,64,66,94,79,97
25,73,76,13,65,14,12,61,28,32
99,37,75,40,53,81,88,51,24,44
45,26,50,15,43,33,16,27,19,27
64,40,50,99,73,25,99,78,93,58
7,18,11,92,19,75,66,44,16,83
75,27,32,91,25,67,79,20,68,71
73,22,90,72,76,13,5,38,75,83
56,81,63,38,37,49,36,1,32,42
57,39,92,96,19,64,91,44,79,83
25,44,76,64,65,14,3,86,28,14
8,60,77,94,23,73,95,95,55,26
7,39,92,96,19,25,86,44,47,83
36,48,77,94,48,73,95,95,13,26
7,71,92,96,19,64,91,94,16,83
17,37,75,40,53,81,88,40,24,44
25,44,76,13,45,14,3,61,35,32
25,93,76,64,65,9,78,61,35,14
25,44,20,64,45,9,3,86,35,73
58,18,11,92,19,25,86,44,16,83
58,39,92,96,19,64,91,44,16,97
58,18,92,96,19,25,91,19,16,83
57,18,11,96,19,75,66,44,79,97
58,18,92,92,19,25,86,19,16,97
25,44,76,13,65,14,12,61,28,73
57,18,11,96,19,25,91,19,47,97
90,26,90,15,43,33,16,29,12,8
45,36,90,9,84,34,16,29,19,8
31,37,75,79,52,81,88,51,10,97
53,36,90,9,84,34,16,27,12,41
25,44,76,64,65,14,12,50,28,14
58,18,92,92,19,64,66,44,47,97
45,26,50,9,43,33,16,27,19,8
25,73,76,13,45,14,78,86,28,73
45,26,90,15,43,33,16,29,19,27
17,60,91,20,52,72,57,100,54,91
57,18,92,92,19,64,86,44,16,83
25,93,20,64,45,9,78,50,28,73
57,71,92,92,19,25,91,19,47,97
16,35,30,14,90,84,3,94,49,16
58,39,92,92,19,64,66,19,47,97
25,44,76,64,65,9,3,50,94,73
58,39,11,96,19,64,91,94,47,97
25,93,76,13,65,9,78,86,35,32
25,93,76,64,65,9,3,86,28,14
8,48,5,94,48,73,95,99,55,24
17,87,62,20,52,72,57,100,40,91
35,94,18,21,78,89,39,89,89,34
25,44,20,64,65,14,12,50,28,73
58,39,11,92,19,25,86,94,16,97
25,73,20,13,56,14,12,61,28,32
58,18,92,92,19,75,66,19,47,83
58,71,92,92,19,25,91,44,16,83
25,44,76,64,45,14,3,61,94,32
58,39,11,92,19,64,86,44,16,97
45,86,90,9,43,33,16,27,12,41
25,93,76,13,45,9,78,86,28,32
25,93,20,13,45,9,12,50,35,32
90,26,50,9,43,33,16,27,12,27
25,44,20,13,45,9,78,61,28,32
90,36,50,15,43,33,16,27,12,8
36,60,5,94,48,10,95,95,55,26
25,44,20,13,45,14,78,61,35,14
61,5,66,97,53,99,98,19,2,23
25,73,76,13,56,9,78,86,28,32
57,39,92,92,19,64,91,44,47,97
45,86,61,96,43,33,16,27,19,41
25,73,76,13,65,14,12,61,35,73
16,35,30,49,44,73,96,94,49,7
45,86,50,9,43,33,16,29,19,8
7,39,11,92,19,64,86,94,47,97
90,36,50,96,43,33,16,29,12,41
58,39,11,92,19,64,86,19,16,83
64,40,50,66,73,25,99,23,99,20
45,26,61,9,84,33,16,29,19,41
7,39,11,92,19,25,91,94,16,97
25,44,20,13,45,14,12,50,28,32
25,73,76,13,65,9,12,50,94,73
36,48,5,94,23,10,95,99,13,82
58,39,92,92,19,25,86,94,47,97
12,5,13,28,11,21,76,97,6,6
58,18,11,96,19,75,91,44,16,97
7,18,92,92,19,75,86,44,47,83
25,73,76,64,56,14,3,61,35,73
90,86,90,9,84,33,16,29,19,41
75,27,32,91,25,48,79,20,68,71
25,73,20,13,45,14,78,50,94,14
25,44,20,64,56,14,78,86,35,14
17,60,56,1,52,72,34,100,40,91
25,44,76,64,56,9,3,61,35,14
57,71,11,92,19,75,91,44,16,97
8,48,5,94,48,73,95,99,55,26
25,44,76,64,65,14,12,61,28,73
45,36,90,96,84,34,16,27,12,41
25,93,76,13,65,14,12,50,28,73
58,71,92,96,19,64,86,44,79,97
4,35,30,49,90,84,96,61,49,16
25,93,20,64,65,9,12,86,94,32
45,36,90,96,43,34,16,29,19,8
25,44,76,64,56,9,12,50,28,32
57,39,11,92,19,64,66,19,16,97
12,5,13,28,48,21,76,97,6,6
17,94,30,75,21,76,33,59,75,66
58,63,10,20,33,1,25,91,38,37
25,73,20,64,45,9,12,86,94,14
57,39,11,92,19,64,66,44,79,97
57,39,11,92,19,25,91,19,79,97
90,26,50,15,84,34,16,29,12,27
53,26,50,15,43,34,16,29,12,27
42,5,66,38,70,99,98,4,2,31
25,93,76,13,65,14,3,61,28,73
45,26,50,9,43,34,16,29,19,41
99,37,75,79,53,81,88,40,24,97
25,93,20,13,45,9,3,50,28,14
8,60,77,94,79,73,95,95,13,24
64,100,50,66,73,25,99,23,6,58
57,39,11,92,19,64,91,44,79,97
72,49,27,37,22,98,79,84,95,53
57,18,11,96,19,75,91,44,47,97
17,37,75,40,53,42,88,82,24,15
57,18,11,96,19,25,66,19,79,83
90,36,50,96,84,33,16,27,19,8
7,71,92,96,19,64,91,94,79,97
90,36,50,96,43,33,16,29,12,8
90,26,50,15,84,34,16,27,12,41
90,26,90,15,84,34,16,27,12,41
25,44,20,64,56,14,3,61,35,32
58,18,92,96,19,64,86,19,16,97
36,60,77,94,79,10,95,95,55,26
25,44,20,13,56,14,78,50,35,14
18,5,66,97,53,1,37,19,2,23
7,18,11,96,19,25,86,44,47,97
90,36,90,9,43,34,16,29,19,41
53,86,50,15,84,34,16,29,19,8
61,5,66,38,53,1,98,19,2,31
53,26,50,96,84,33,16,29,19,27
73,59,12,72,97,75,5,16,11,83
90,26,61,15,43,34,16,27,19,41
45,36,50,96,84,34,16,29,12,27
25,73,20,64,56,14,12,50,35,73
90,86,61,9,84,33,16,29,19,41
25,73,20,64,56,9,78,50,28,73
25,73,20,13,56,14,12,61,35,32
25,93,20,13,45,14,78,86,35,32
7,18,11,92,19,64,91,94,47,97
25,93,76,64,56,14,3,61,94,32
18,5,66,38,53,48,98,4,2,23
25,5,13,44,43,21,98,97,6,6
8,48,5,94,23,73,95,95,13,24
57,18,92,96,19,64,66,44,47,97
25,93,20,13,56,9,78,61,35,32
17,37,75,79,79,81,88,82,24,44
45,36,50,9,43,33,16,27,12,27
58,18,11,92,19,64,91,19,16,83
25,93,20,64,65,9,78,50,94,73
53,36,90,15,84,34,16,27,19,8
58,18,11,92,19,25,66,44,47,97
25,93,76,13,65,9,78,86,94,32
45,36,90,15,43,33,16,29,12,27
57,39,92,92,19,75,91,94,79,97
57,71,92,92,19,25,66,44,79,97
57,71,11,96,19,25,66,19,79,97
25,73,76,13,45,14,78,86,35,32
17,37,75,79,52,81,88,40,24,97
17,60,62,1,52,72,57,95,46,91
53,86,90,96,84,33,16,27,19,27
7,39,92,92,19,25,91,19,79,83
57,71,92,92,19,75,66,19,79,97
90,36,61,96,84,33,16,29,19,27
45,26,50,15,43,33,16,29,12,41
31,37,75,79,79,42,88,40,10,44
25,44,20,64,56,14,78,86,35,32
58,39,92,96,19,64,66,19,16,97
25,44,76,13,56,14,78,61,35,73
25,93,20,64,45,9,78,86,94,32
25,93,76,64,65,14,3,61,94,14
7,39,92,96,19,75,91,19,16,83
7,18,92,96,19,75,66,19,47,97
57,39,11,96,19,64,86,94,79,83
90,36,61,9,84,34,16,29,19,41
58,18,92,92,19,75,86,94,16,83
25,93,76,13,65,14,12,50,35,73
36,48,5,94,48,10,95,99,55,24
58,71,92,92,19,25,91,44,16,97
25,44,20,13,56,14,3,86,94,73
7,39,92,96,19,64,86,19,16,83
36,48,77,94,79,10,95,95,55,24
25,93,20,64,56,14,3,86,28,14
42,5,66,97,53,48,98,96,2,23
25,93,76,64,45,9,12,50,35,14
73,22,90,72,97,13,5,16,75,89
42,5,66,38,70,1,37,19,2,31
7,18,92,96,19,75,91,19,79,97
45,36,90,9,84,33,16,29,12,41
25,44,76,64,65,14,3,86,35,14
42,5,66,97,53,1,98,19,2,31
45,36,90,96,43,34,16,27,12,8
7,71,92,92,19,64,86,19,79,97
90,36,90,96,43,33,16,29,19,8
25,73,76,13,65,9,12,50,94,14
57,39,92,96,19,25,66,19,16,97
45,86,50,15,84,34,16,27,12,8
99,37,75,79,52,42,88,82,24,44
53,26,50,96,43,34,16,27,19,27
7,39,11,96,19,64,66,44,47,83
90,26,61,9,84,34,16,29,19,41
7,39,92,92,19,75,91,94,16,83
73,22,90,72,97,13,5,38,75,89
53,86,61,96,43,33,16,27,19,8
7,39,92,92,19,25,66,19,16,83
8,60,5,94,79,10,95,95,55,26
25,44,76,64,65,14,78,50,28,73
25,44,20,64,45,14,12,50,94,73
7,39,92,96,19,64,91,94,16,97
58,39,11,92,19,75,91,44,79,97
58,39,11,96,19,75,91,19,16,83
57,71,92,92,19,25,86,19,47,97
25,93,20,13,45,14,3,50,35,14
57,71,11,92,19,25,66,19,16,97
56,81,63,38,1,99,36,96,32,47
53,86,90,9,84,33,16,29,12,41
25,93,20,13,45,14,3,50,35,32
25,44,20,13,65,9,12,50,94,32
90,86,61,96,43,33,16,27,19,41
57,39,11,96,19,64,91,94,47,97
25,73,76,13,45,14,78,50,35,32
90,36,50,9,84,34,16,27,19,8
25,93,20,64,56,14,12,61,94,73
25,73,76,13,56,14,78,61,94,14
25,73,76,64,45,14,3,61,28,73
25,93,76,64,65,9,3,86,94,14
25,93,76,64,65,9,12,61,94,14
73,10,7,72,97,13,5,16,75,89
8,48,77,94,48,10,95,99,13,24
25,73,20,13,65,9,78,86,35,32
45,86,61,15,84,33,16,29,19,8
25,44,76,13,45,9,78,50,94,32
90,86,90,96,84,33,16,29,12,41
36,60,5,94,48,73,95,95,13,26
17,60,62,20,52,72,57,95,54,91
25,73,76,13,45,9,12,86,94,73
73,22,90,72,76,13,5,68,75,89
90,36,61,9,43,33,16,27,19,27
57,18,11,96,19,75,66,94,79,83
58,39,11,96,19,25,86,19,47,97
55,81,63,38,37,49,95,96,42,42
7,18,11,96,19,75,91,94,79,97
25,93,20,64,65,14,3,50,28,73
99,37,75,79,52,42,88,40,10,97
45,26,61,96,43,34,16,27,12,27
99,37,75,79,52,81,88,40,24,97
53,86,90,96,43,34,16,27,12,8
18,5,66,38,53,99,98,96,2,31
25,44,76,13,56,14,12,61,35,14
12,81,63,38,43,99,36,1,32,21
55,81,63,38,1,49,36,96,32,42
7,71,11,92,19,64,91,19,47,83
25,73,20,13,65,9,3,50,28,73
42,5,66,38,70,1,37,19,2,23
58,18,11,92,19,64,86,19,16,97
58,71,92,92,19,25,86,19,16,97
25,93,76,64,65,14,78,86,28,73
92,40,50,66,73,25,99,78,99,58
53,36,61,15,43,33,16,27,19,27
25,73,76,13,45,9,3,50,28,73
58,18,11,92,19,75,86,19,79,83
25,93,76,13,65,14,3,50,94,14
25,73,20,13,65,9,12,50,94,73
25,44,76,64,56,14,12,50,94,73
45,36,61,9,84,33,16,27,19,41
57,18,11,92,19,75,66,19,16,83
17,87,62,1,52,72,65,95,46,91
7,39,92,92,19,75,91,94,47,97
50,91,18,21,78,89,92,89,36,34
25,93,76,13,45,14,12,61,35,14
12,81,63,38,37,49,36,1,42,21
17,87,62,1,52,72,34,100,46,91
57,71,11,96,19,64,66,19,16,83
7,39,92,92,19,64,66,44,16,97
90,86,61,9,43,34,16,27,19,8
18,5,66,38,53,48,37,96,2,31
53,26,61,96,84,34,16,27,12,8
33,27,32,91,33,67,8,20,68,71
90,36,90,9,84,34,16,29,12,41
58,39,11,92,19,25,86,94,79,83
16,35,30,49,44,31,96,13,49,7
25,44,20,64,65,9,12,50,35,73
57,71,92,96,19,75,91,19,47,97
7,71,92,92,19,25,91,19,47,97
58,18,92,92,19,75,91,94,16,97
7,40,50,99,88,25,99,2,6,20
8,76,66,20,33,10,25,91,38,21
58,39,92,96,19,64,66,19,16,83
4,35,30,49,44,31,3,13,49,7
25,44,76,64,65,14,78,50,94,32
25,73,76,64,56,9,12,61,94,14
7,18,11,96,19,75,66,44,16,83
25,93,76,13,65,9,12,50,28,14
7,39,92,96,19,75,66,44,47,97
53,36,50,9,84,34,16,29,19,8
53,26,50,96,84,34,16,29,19,41
8,48,77,94,23,73,95,99,13,24
57,18,11,96,19,75,66,19,47,97
63,22,83,95,59,88,67,100,32,14
58,18,11,92,19,25,66,44,16,83
25,44,76,64,65,14,12,50,94,14
7,71,92,96,19,75,86,44,16,83
45,86,61,9,43,34,16,29,12,27
17,60,62,20,52,72,65,95,54,91
87,94,86,68,21,76,33,59,10,66
58,39,11,92,19,25,91,94,79,83
31,37,75,40,52,42,88,82,10,97
58,18,11,96,19,25,91,19,16,83
57,18,92,96,19,64,86,94,47,97
90,26,61,9,43,33,16,29,19,41
61,5,66,97,70,99,37,96,2,23
7,18,92,96,19,64,91,19,16,97
25,44,76,64,65,9,78,50,35,73
53,86,50,96,84,33,16,27,12,27
25,44,76,13,65,9,3,86,94,32
57,39,11,92,19,25,91,94,47,97
36,60,5,94,48,10,95,99,13,26
57,18,92,92,19,64,86,44,16,97
7,100,50,99,88,25,99,2,99,20
90,86,61,96,84,33,16,29,12,41
36,60,77,94,79,10,95,95,13,26
25,44,20,13,45,9,12,50,28,32
25,93,20,64,65,14,12,50,94,32
25,93,20,64,45,14,78,50,94,73
25,73,76,13,65,9,78,61,35,14
36,60,77,94,48,73,95,95,13,24
7,71,92,92,19,64,66,19,47,97
57,39,11,92,19,64,86,94,47,97
7,39,11,92,19,75,86,19,16,97
25,93,20,64,65,14,3,50,28,32
90,36,61,15,43,34,16,29,19,41
57,39,92,96,19,64,91,19,16,97
45,36,50,15,43,33,16,27,19,27
25,44,20,64,45,9,78,86,94,32
58,39,92,92,19,75,91,44,16,83
7,39,92,96,19,64,91,19,47,83
57,18,92,92,19,75,91,94,79,97
4,35,30,14,44,31,96,94,49,7
8,93,10,20,33,10,25,91,38,21
25,93,20,13,56,14,12,86,94,14
7,39,92,92,19,25,91,94,79,97
17,87,91,67,52,72,34,95,40,91
58,71,11,96,19,64,91,94,79,97
64,100,50,66,68,25,99,78,6,58
99,37,75,79,79,81,88,82,10,44
45,36,90,9,43,34,16,29,12,27
7,18,11,92,19,25,66,19,47,83
57,71,11,92,19,75,66,44,79,83
25,73,76,13,45,9,3,61,94,32
25,44,20,13,56,14,3,50,28,14
42,5,66,38,70,1,98,19,2,23
8,76,10,20,33,1,90,91,38,37
50,75,18,21,78,89,92,89,89,34
25,73,20,64,45,9,12,50,35,14
58,71,92,92,19,75,66,44,16,97
25,93,76,13,45,9,12,50,28,73
25,44,20,13,56,9,12,50,94,32
25,93,76,13,65,14,78,50,28,73
7,71,92,96,19,64,91,44,79,83
45,36,50,9,84,33,16,29,19,41
36,48,77,94,48,73,95,99,55,24
7,39,11,92,19,64,91,94,47,83
25,93,20,64,56,9,78,86,28,14
25,73,76,13,45,14,12,50,28,73
73,59,12,72,76,75,5,68,11,89
58,18,92,96,19,64,91,94,16,97
73,22,7,72,97,75,5,68,11,89
57,18,11,92,19,75,86,44,79,97
25,44,20,13,45,14,78,50,94,32
25,93,20,64,65,14,78,50,28,14
36,60,5,94,23,73,95,99,13,26
61,5,66,97,53,1,37,96,2,70
56,81,63,38,1,99,95,96,42,42
58,18,11,96,19,64,66,19,79,97
58,39,92,96,19,64,66,44,47,83
45,26,61,15,43,34,16,29,19,8
58,39,92,96,19,25,86,19,16,97
58,71,92,96,19,75,86,19,47,97
53,86,61,9,84,33,16,27,12,8
57,39,92,92,19,75,86,44,16,83
57,39,11,92,19,25,66,94,16,97
25,44,76,64,45,14,12,61,28,32
45,26,61,9,84,33,16,29,19,27
58,39,11,92,19,25,91,94,16,83
53,86,50,15,43,34,16,27,19,8
8,60,5,94,48,73,95,99,55,24
7,18,11,96,19,25,66,44,16,97
95,93,10,20,33,1,90,91,38,21
56,81,63,38,43,49,95,1,32,21
45,36,90,9,84,33,16,27,12,8
25,93,20,13,65,9,3,61,28,32
7,39,11,92,19,75,86,19,47,83
58,71,92,96,19,25,86,94,47,83
7,18,11,92,19,64,86,94,47,83
58,71,92,92,19,25,66,44,47,97
25,44,76,13,65,9,12,86,35,73
25,93,76,64,65,9,3,86,94,32
25,44,20,13,56,9,78,61,94,14
57,39,11,92,19,64,66,44,47,83
63,22,83,87,59,88,60,26,36,83
25,73,20,13,56,14,78,86,94,14
25,73,76,64,65,9,78,50,28,14
7,39,11,92,19,64,86,19,16,97
90,36,50,96,84,33,16,29,12,41
55,81,63,38,43,49,36,96,32,21
7,100,50,66,68,25,99,2,6,20
8,60,77,94,79,73,95,99,55,24
25,44,76,13,56,9,12,86,28,14
8,48,77,94,48,10,95,95,13,82
25,93,20,64,45,9,78,86,94,14
7,71,92,92,19,64,91,44,16,97
25,44,20,64,56,14,3,50,35,32
53,86,50,96,43,33,16,29,12,27
57,39,92,96,19,25,86,44,47,83
58,39,11,96,19,75,91,44,79,97
53,36,90,15,43,33,16,27,19,8
7,39,11,92,19,25,66,94,79,97
25,44,20,13,56,9,12,50,35,32
31,37,75,40,52,42,88,82,24,15
25,73,76,64,45,14,12,61,28,14
58,71,92,92,19,75,91,44,16,83
90,36,50,96,43,34,16,27,12,41
90,36,90,9,84,33,16,27,12,41
42,5,66,38,70,1,98,4,2,31
25,5,13,28,48,21,76,97,6,4
31,37,75,40,79,42,88,40,10,97
57,71,92,96,19,64,66,44,16,83
7,71,92,92,19,75,86,44,16,83
57,18,11,96,19,75,91,19,47,97
90,86,61,96,84,34,16,29,19,41
58,39,11,96,19,75,66,19,47,97
45,26,90,96,84,33,16,27,19,27
12,81,63,38,43,49,36,96,32,47
31,37,75,40,79,42,88,51,24,44
25,93,20,64,65,9,12,86,35,73
53,26,90,96,43,33,16,29,19,41
25,44,20,64,45,9,3,50,94,32
57,39,92,96,19,25,66,19,47,83
7,39,92,92,19,64,86,94,79,97
25,44,76,64,56,9,12,50,28,14
90,26,61,9,43,34,16,29,19,27
8,48,5,94,48,10,95,99,13,26
18,5,66,97,70,48,37,19,2,31
58,71,92,92,19,25,91,19,16,97
99,37,75,40,79,42,88,40,24,97
50,94,18,21,78,89,92,89,36,34
25,73,20,64,65,9,12,61,35,73
17,37,75,40,79,42,88,82,24,15
25,44,20,13,56,9,12,50,94,73
7,18,11,92,19,75,91,94,79,97
25,93,76,64,65,9,3,50,35,14
57,39,11,92,19,75,91,19,79,97
45,86,50,15,84,33,16,29,19,8
90,26,90,9,84,34,16,29,12,8
25,44,76,64,65,9,78,86,28,32
25,44,76,64,65,14,12,61,35,73
18,5,66,97,53,48,98,4,2,31
45,36,50,96,84,33,16,29,19,8
90,36,50,96,84,33,16,29,12,8
64,40,50,99,88,25,99,2,6,58
17,60,56,1,52,72,34,95,40,91
25,93,20,64,65,9,78,86,28,32
53,26,90,96,43,33,16,27,12,41
53,36,50,9,43,34,16,27,19,41
92,100,50,99,88,25,99,2,6,58
58,39,11,92,19,25,86,44,16,83
7,18,11,96,19,64,86,19,16,83
25,73,20,13,56,14,12,86,94,14
57,18,11,92,19,64,91,19,16,83
58,39,92,96,19,64,86,44,79,97
8,48,5,94,23,10,95,95,55,82
25,93,20,13,65,9,12,86,35,14
25,44,20,13,56,14,78,86,28,14
87,94,30,75,21,33,33,59,75,66
57,18,92,92,19,75,91,19,16,97
25,93,20,13,56,9,3,50,94,32
90,86,90,15,43,34,16,27,19,27
17,37,75,40,79,42,88,51,10,97
7,39,92,92,19,64,66,19,79,97
25,44,20,64,45,14,12,50,94,32
25,93,76,64,65,9,78,50,28,73
90,86,61,96,43,34,16,27,19,8
53,26,90,96,84,34,16,27,19,8
25,73,20,13,65,14,3,50,35,32
25,93,76,64,65,9,78,50,94,14
25,93,20,64,65,9,78,86,35,32
7,71,11,92,19,64,66,19,16,97
16,35,30,14,90,84,96,61,49,16
92,40,50,99,68,25,99,2,99,58
25,44,76,13,65,9,3,61,35,14
25,73,76,13,56,9,3,50,35,32
25,44,20,13,45,14,78,86,28,32
25,93,20,13,65,9,78,86,94,32
64,100,50,66,73,25,99,2,6,58
25,44,76,64,56,9,3,86,35,73
57,71,92,96,19,25,86,94,79,83
25,93,20,13,45,9,78,61,28,14
18,5,66,97,70,48,98,19,2,31
8,60,77,94,48,73,95,95,55,24
75,27,32,65,25,7,79,20,68,71
25,93,76,64,45,14,3,61,94,73
25,93,76,13,45,14,78,61,28,32
25,93,76,64,56,9,3,61,28,32
73,10,12,72,76,13,5,38,75,83
25,44,76,64,45,14,12,50,28,14
12,5,13,44,43,21,76,97,6,4
17,60,62,20,52,72,65,100,54,91
7,39,92,92,19,75,91,19,47,83
57,71,11,92,19,64,91,94,47,97
42,5,66,97,53,1,37,4,2,31
25,44,76,13,45,14,12,86,28,32
17,60,56,20,52,72,65,95,54,91
8,93,10,20,33,59,90,91,38,37
7,18,92,92,19,25,66,19,79,83
53,86,50,15,43,33,16,27,19,41
58,39,92,96,19,25,86,44,79,83
57,39,92,92,19,75,86,44,79,97
25,44,76,64,56,14,78,50,94,14
92,40,50,99,88,25,99,2,6,20
58,39,11,92,19,75,66,94,16,83
25,93,76,13,45,9,3,86,28,14
25,73,20,13,65,14,3,50,94,73
8,76,66,20,33,1,25,91,38,37
25,44,20,64,45,9,78,86,94,14
58,39,11,96,19,25,91,19,16,97
25,93,20,64,65,9,12,61,28,14
57,71,11,92,19,75,86,19,79,97
57,18,11,92,19,75,91,94,79,83
25,93,20,13,65,9,3,86,35,14
53,86,90,96,84,34,16,27,12,8
53,36,50,15,43,34,16,27,12,41
25,73,76,64,65,9,3,61,35,73
64,40,50,99,88,25,99,78,93,20
58,39,92,92,19,25,66,44,79,83
42,5,66,97,53,99,98,19,2,23
31,37,75,40,52,81,88,82,24,97
25,73,76,13,65,9,12,86,28,14
7,71,11,96,19,64,91,44,47,97
25,73,20,64,45,9,12,50,94,73
25,73,20,64,56,14,3,61,35,73
25,93,76,64,65,14,12,61,94,14
45,26,61,96,84,34,16,29,12,8
25,93,76,64,56,14,78,50,35,32
53,36,61,15,84,34,16,29,19,27
99,37,75,40,53,81,88,40,24,97
25,73,20,13,45,9,78,50,28,32
25,44,20,64,65,14,12,61,35,73
90,26,50,96,84,33,16,27,12,8
45,26,50,96,84,34,16,29,19,41
73,59,90,72,76,75,5,38,11,89
25,73,20,13,45,9,12,50,94,73
53,26,50,96,84,34,16,27,19,41
25,73,76,64,65,14,12,61,28,14
58,71,11,96,19,64,86,44,16,97
25,93,20,64,45,14,12,61,28,14
8,60,5,94,48,10,95,99,13,26
25,73,20,13,56,14,3,61,94,32
7,40,50,66,88,25,99,23,6,20
42,5,66,38,53,1,98,19,2,23
17,87,91,67,52,72,65,95,40,91
7,18,11,96,19,75,86,44,16,83
25,5,20,44,11,21,98,97,6,33
8,76,10,20,33,10,25,91,38,37
25,73,20,13,65,14,78,61,28,32
57,71,92,92,19,25,86,44,79,97
53,36,50,9,43,34,16,27,12,8
57,18,92,92,19,25,86,44,16,83
95,76,66,20,33,1,25,91,38,21
8,60,5,94,23,10,95,95,55,82
25,93,76,64,45,9,3,61,94,14
61,5,66,38,70,48,98,4,2,31
45,26,50,15,43,34,16,29,19,41
4,35,30,49,90,31,3,94,49,16
63,22,74,87,59,88,67,26,36,14
25,93,76,64,65,14,78,50,35,14
73,59,90,72,76,75,5,38,11,83
45,36,90,96,43,33,16,29,19,41
25,73,76,13,65,9,12,61,35,73
25,44,76,13,56,14,12,50,28,32
58,71,11,96,19,25,86,19,16,97
57,18,92,96,19,75,66,94,47,83
57,71,92,92,19,75,91,19,16,83
8,48,77,94,48,10,95,99,55,82
56,81,63,38,43,49,36,1,42,21
58,71,11,92,19,64,66,94,16,83
58,71,11,96,19,64,86,44,79,83
90,36,90,15,43,33,16,27,12,8
73,22,12,72,76,75,5,68,11,89
58,71,11,96,19,25,66,19,47,97
25,44,76,64,45,14,78,50,35,73
58,71,92,92,19,64,86,19,79,97
64,40,50,66,68,25,99,23,99,20
36,48,77,94,48,73,95,99,55,82
25,73,76,64,65,14,78,86,28,73
58,71,92,96,19,75,66,94,16,97
53,36,50,9,84,33,16,27,19,27
25,93,20,64,45,9,3,61,28,14
4,35,30,14,44,84,3,13,49,7
50,94,18,21,78,89,33,89,36,34
36,48,77,94,79,10,95,99,55,82
55,81,63,38,1,99,36,96,42,42
25,73,76,64,45,9,12,50,28,73
42,5,66,97,70,1,98,96,2,31
25,93,76,64,56,9,3,61,28,73
25,93,76,13,45,14,12,61,35,32
90,36,50,15,84,34,16,27,12,41
53,26,61,15,43,33,16,27,12,27
99,37,75,79,79,42,88,51,24,15
58,71,11,96,19,64,91,44,79,83
63,22,83,95,59,88,61,26,32,14
8,63,10,20,33,59,25,91,38,99
90,26,90,96,84,34,16,27,12,8
25,44,20,64,56,9,12,50,94,73
53,86,50,9,84,34,16,27,12,41
25,93,20,64,65,14,78,86,28,73
7,18,11,92,19,64,91,44,16,97
25,73,76,13,56,9,12,61,35,73
25,73,20,64,45,14,12,50,35,14
45,26,50,15,43,34,16,29,19,27
45,86,90,9,43,33,16,27,19,8
7,18,11,96,19,25,91,94,79,97
25,44,76,64,45,14,12,61,94,14
25,73,76,13,56,9,3,86,28,14
25,44,20,13,65,14,12,61,28,73
25,44,20,13,45,9,3,86,28,32
25,44,20,64,56,14,78,61,35,32
7,18,92,92,19,75,66,44,79,83
53,26,61,15,43,34,16,27,19,8
58,18,92,92,19,25,86,44,16,97
25,93,76,64,65,9,3,61,28,32
58,71,92,96,19,75,86,44,47,83
53,36,90,96,43,33,16,27,19,8
56,81,63,38,37,49,95,96,32,47
7,39,11,92,19,75,66,94,79,97
25,93,20,13,45,14,12,50,28,73
90,36,61,15,84,33,16,29,19,8
25,93,20,13,56,14,12,61,28,14
25,73,76,13,65,9,3,50,94,32
25,93,76,13,45,9,78,50,35,32
57,71,92,96,19,64,91,94,16,83
25,93,20,64,45,14,3,50,94,32
35,91,18,77,78,89,33,89,85,34
25,44,76,64,45,9,12,61,35,73
57,18,11,96,19,64,86,94,16,97
17,60,62,1,52,72,65,100,54,91
55,81,63,38,37,49,36,1,42,42
25,44,76,64,56,14,78,50,35,32
57,18,11,92,19,75,66,19,16,97
25,93,76,13,45,9,78,61,94,14
17,37,75,79,53,42,88,51,10,44
7,18,92,92,19,64,91,94,47,83
45,86,61,15,43,33,16,27,12,41
25,73,76,13,65,9,12,86,94,32
58,39,92,96,19,25,86,19,16,83
18,5,66,97,53,1,37,19,2,70
25,73,76,64,45,14,3,61,94,73
45,36,50,9,43,34,16,27,19,41
7,71,92,92,19,75,91,44,79,97
55,81,63,38,37,99,36,1,42,47
25,73,20,13,45,14,12,86,94,14
57,18,11,92,19,75,66,44,16,97
25,73,20,13,45,9,12,86,35,14
45,36,50,9,84,34,16,27,12,8
99,37,75,79,79,81,88,51,10,97
7,18,11,92,19,25,91,44,47,97
45,26,61,15,43,33,16,27,12,8
58,39,11,96,19,64,86,19,47,97
72,49,27,36,35,43,79,84,95,53
53,26,61,9,84,34,16,29,19,8
57,71,92,92,19,64,66,19,16,83
90,86,61,9,84,33,16,29,12,41
25,93,76,64,45,14,3,61,94,32
8,60,5,94,23,10,95,95,55,24
90,26,50,15,84,33,16,27,12,41
45,86,50,96,43,34,16,29,19,41
25,93,76,13,56,14,78,50,35,73
58,71,11,92,19,64,91,19,79,83
16,35,30,49,44,31,16,13,49,16
16,35,30,14,44,31,16,13,49,7
25,93,76,13,65,14,3,50,35,14
25,44,76,13,65,9,12,61,28,14
92,40,50,66,68,25,99,78,93,58
35,91,18,8,78,89,33,89,89,34
36,48,5,94,79,10,95,99,55,82
99,37,75,40,53,42,88,51,24,15
45,36,90,15,84,34,16,29,19,41
95,63,66,20,33,59,90,91,38,99
57,39,92,92,19,25,91,19,16,83
90,86,61,9,43,34,16,29,12,41
18,5,66,97,53,1,98,4,2,70
25,44,20,13,65,14,78,86,28,32
17,94,26,75,21,33,33,59,10,66
53,26,61,9,84,34,16,27,19,27
58,39,92,96,19,64,86,19,16,83
25,73,76,64,45,14,3,61,35,14
45,36,50,9,84,33,16,27,12,8
57,18,92,92,19,64,86,19,79,97
36,60,5,94,48,73,95,99,55,24
25,73,20,13,45,9,78,50,35,14
7,39,11,92,19,64,66,19,47,97
75,27,32,65,25,67,79,20,68,71
36,60,77,94,79,10,95,99,13,82
73,10,7,72,97,75,5,38,75,89
25,93,76,13,65,14,12,61,94,14
12,5,85,44,48,21,98,97,6,6
90,36,50,15,43,34,16,27,12,8
17,37,75,40,53,81,88,51,24,15
25,73,20,13,65,14,78,50,94,14
53,36,50,9,84,34,16,29,12,27
25,93,20,13,56,9,3,86,28,14
58,71,92,96,19,75,66,19,16,83
57,18,11,92,19,64,86,19,79,97
57,18,92,96,19,25,66,19,79,83
57,71,92,92,19,75,66,94,16,83
53,36,61,15,43,34,16,27,12,8
25,73,76,64,65,14,78,61,94,32
16,35,30,14,44,73,3,61,49,16
7,71,11,92,19,25,86,44,47,97
45,86,50,9,43,34,16,29,12,27
25,73,76,13,65,14,78,50,35,32
58,18,11,92,19,75,91,44,47,83
45,36,90,15,43,33,16,27,12,41
7,71,92,92,19,25,91,44,79,97
53,86,61,96,43,34,16,27,12,41
53,26,61,96,43,34,16,27,12,41
25,93,76,64,65,14,12,61,94,32
58,18,11,92,19,75,91,44,47,97
57,39,11,96,19,75,66,19,79,97
58,18,11,96,19,25,91,94,16,83
90,26,90,15,43,33,16,27,19,27
45,86,61,96,84,34,16,27,12,8
7,39,11,92,19,64,86,44,47,83
58,39,92,92,19,75,91,19,47,97
4,35,30,49,44,84,96,94,49,7
53,86,90,15,43,33,16,27,19,27
25,44,76,13,45,9,78,61,35,14
25,73,20,13,65,14,12,86,35,32
64,100,50,99,68,25,99,2,6,20
58,18,11,96,19,75,91,44,79,83
57,39,92,92,19,25,91,19,79,83
57,18,11,96,19,25,66,19,47,83
25,44,20,64,45,14,3,86,94,32
25,73,20,64,56,9,3,61,94,14
25,93,76,13,45,9,12,61,94,14
45,26,61,15,43,34,16,27,19,27
7,18,92,92,19,75,91,19,47,83
90,26,90,96,43,34,16,27,19,41
45,86,61,15,43,33,16,27,19,8
25,73,20,13,56,9,3,50,94,32
7,39,92,92,19,25,66,94,47,97
7,39,92,96,19,25,86,94,16,83
31,37,75,79,79,42,88,82,10,15
7,18,11,96,19,75,86,44,47,97
63,22,91,87,59,88,60,26,36,14
57,71,11,96,19,25,66,44,79,83
16,35,30,49,44,31,16,13,49,7
25,93,20,64,65,9,12,61,35,14
25,73,76,13,65,14,3,50,94,32
45,26,90,96,84,33,16,27,12,27
25,73,76,64,45,14,78,50,94,14
57,39,92,92,19,25,91,19,47,83
57,71,92,96,19,64,91,44,16,97
25,44,76,13,45,14,12,50,35,73
57,71,92,92,19,64,86,44,79,97
57,39,92,92,19,75,86,94,47,83
99,37,75,40,52,81,88,82,10,97
25,44,76,13,65,9,3,50,35,14
7,18,92,92,19,25,66,44,79,97
56,81,63,38,1,49,95,1,32,47
58,63,66,20,33,59,25,91,38,99
58,18,11,96,19,25,66,94,47,97
73,10,90,72,97,75,5,16,11,89
73,22,7,72,97,13,5,38,75,89
42,5,66,38,70,99,37,19,2,70
25,93,20,13,65,9,78,61,28,14
25,73,76,13,65,14,12,86,28,32
56,81,63,38,1,49,95,1,42,47
7,18,11,92,19,75,86,44,47,83
17,37,75,79,79,81,88,40,24,97
90,36,50,96,84,33,16,27,12,27
63,22,83,87,59,88,60,100,36,83
99,37,75,40,53,42,88,51,24,44
56,81,63,38,1,99,95,1,32,42
8,93,66,20,33,10,90,91,38,21
75,27,32,15,25,48,79,20,68,48
25,44,76,64,65,9,3,86,94,32
17,60,56,1,52,72,65,95,46,91
17,87,91,1,52,72,34,100,40,91
25,93,20,64,56,14,12,61,28,32
58,71,92,92,19,75,91,94,16,83
25,93,20,64,45,14,78,61,35,14
25,93,20,13,56,14,78,61,28,14
57,18,92,96,19,25,66,44,16,83
17,37,75,40,53,81,88,40,24,15
7,18,11,92,19,75,86,94,47,97
53,36,50,15,43,34,16,29,12,27
73,22,12,72,76,13,5,38,75,89
42,5,66,97,53,99,37,96,2,23
45,36,50,9,43,34,16,29,12,8
25,44,76,13,56,9,3,50,35,32
95,76,66,20,33,10,25,91,38,37
61,5,66,38,53,1,98,4,2,23
64,100,50,66,68,25,99,23,93,20
45,86,90,15,43,33,16,27,12,8
57,39,11,96,19,75,66,44,16,83
58,71,92,96,19,25,91,94,47,97
8,60,77,94,79,10,95,99,13,24
45,36,61,96,43,34,16,27,12,41
17,37,75,79,79,42,88,40,24,44
7,18,92,96,19,25,91,19,16,83
63,22,83,95,59,88,67,26,36,83
53,36,90,9,84,33,16,27,19,27
58,39,11,92,19,75,86,94,47,97
90,26,50,9,43,34,16,27,12,41
25,73,20,13,45,14,78,50,94,73
31,37,75,79,79,81,88,82,24,97
7,18,11,92,19,75,66,94,47,83
90,86,61,9,84,33,16,27,12,27
25,73,76,64,65,9,3,86,94,73
7,39,11,96,19,25,86,94,47,97
99,37,75,79,53,42,88,51,24,44
25,93,20,64,45,9,3,86,94,32
57,71,11,92,19,75,66,44,47,97
58,71,11,92,19,75,66,19,79,97
17,87,56,1,52,72,34,95,46,91
25,5,13,44,43,21,98,97,6,33
53,86,90,15,84,34,16,27,19,27
25,93,76,64,56,9,3,86,35,14
25,93,20,13,65,14,78,50,28,32
90,86,50,96,84,34,16,27,19,41
58,18,92,96,19,75,86,19,16,97
53,86,50,15,84,34,16,27,19,27
7,18,92,96,19,25,91,19,79,83
73,59,7,72,97,13,5,16,11,83
25,73,76,13,56,14,3,50,35,73
45,86,90,9,84,33,16,29,12,41
25,73,76,64,56,14,12,61,28,14
57,39,92,92,19,25,66,19,79,97
58,63,10,20,33,1,90,91,38,99
25,44,20,13,65,14,3,61,35,32
7,18,92,96,19,75,86,44,47,97
63,22,74,95,59,88,60,26,36,83
58,71,92,92,19,64,86,19,16,97
56,81,63,38,37,99,95,96,32,42
90,86,50,9,43,34,16,27,12,8
53,36,61,9,84,34,16,29,12,27
57,18,92,96,19,25,86,19,47,83
56,81,63,38,43,49,36,1,32,47
53,26,50,9,43,33,16,29,19,27
7,39,92,92,19,75,91,44,47,97
53,26,90,9,84,33,16,27,12,27
25,73,76,64,56,14,12,61,35,73
45,86,90,96,84,33,16,27,12,27
7,39,92,96,19,64,86,94,79,97
45,36,50,96,84,34,16,27,19,8
25,73,76,13,56,9,12,86,35,14
57,71,92,96,19,64,86,94,47,83
45,86,61,15,84,33,16,29,19,41
73,10,90,72,76,75,5,16,11,89
17,37,75,40,53,42,88,82,10,44
36,48,77,94,48,10,95,99,13,26
25,93,76,64,65,9,12,50,35,14
56,81,63,38,1,99,36,1,32,47
57,39,11,92,19,64,91,94,79,97
25,44,76,64,65,9,12,50,94,32
25,73,76,64,65,9,12,86,94,14
73,59,12,72,97,13,5,38,11,83
57,71,92,92,19,25,66,44,47,83
57,39,11,92,19,25,66,44,16,97
90,26,50,9,43,34,16,29,19,8
25,73,20,13,65,14,3,61,28,14
90,86,50,9,84,33,16,27,19,8
16,35,30,49,90,31,96,61,49,7
63,22,74,87,59,88,61,26,36,83
